# OBJ generated by ONSHAPE BY PTC INC, 1.207 Units = meters
mtllib computer.mtl
g Part 1
v 0.000993569 -0.00399874 -0.000514967 
v -0.00726399 -0.00300876 -0.000514967 
v -0.00753877 -0.00272491 -0.000514967 
v -0.00774831 -0.00245545 -0.000514967 
v -0.00819099 -0.00128725 -0.000514967 
v 0.00379203 -0.00106826 -0.000514967 
v 0.00376137 -0.00130579 -0.000514967 
v -0.00819223 -0.000910426 -0.000514967 
v -0.00815906 -0.000672159 -0.000514967 
v -0.00809886 -0.00043247 -0.000514967 
v -0.0079059 -0.00220065 -0.000514967 
v -0.00539519 -0.0040967 -0.000514967 
v -0.00261919 -0.0045983 -0.000514967 
v -0.0036324 -0.00451857 -0.000514967 
v 0.00370374 -0.00154523 -0.000514967 
v 0.00272305 0.0011321 -0.000514967 
v 0.0030282 0.000844668 -0.000514967 
v -0.0080094 -0.000188936 -0.000514967 
v -0.00802229 -0.00195869 -0.000514967 
v -0.00650795 -0.00357231 -0.000514967 
v -0.00694787 -0.00327425 -0.000514967 
v -0.00158775 -0.00457241 -0.000514967 
v 0.00361712 -0.0017883 -0.000514967 
v 0.00326402 0.000568695 -0.000514967 
v -0.00788684 6.07817e-05 -0.000514967 
v -0.00457346 -0.00434343 -0.000514967 
v 0.00379734 -0.000856413 -0.000514967 
v 0.0034423 0.000307806 -0.000514967 
v -0.000835046 0.00252701 -0.000514967 
v 0.000112519 0.00235757 -0.000514967 
v -0.00751776 0.000586071 -0.000514967 
v -0.00725362 0.000863577 -0.000514967 
v -0.00772551 0.000318646 -0.000514967 
v -0.00810525 -0.00172733 -0.000514967 
v -0.00600702 -0.00384144 -0.000514967 
v -0.000620977 -0.00444933 -0.000514967 
v 0.00349783 -0.00203736 -0.000514967 
v 0.00357518 6.0624e-05 -0.000514967 
v -0.00185069 0.00259988 -0.000514967 
v -0.00457479 0.00227039 -0.000514967 
v -0.00369691 0.00246399 -0.000514967 
v 0.000246698 -0.00424982 -0.000514967 
v 0.00313731 -0.0025609 -0.000514967 
v 0.00287886 -0.00283749 -0.000514967 
v 0.00334038 -0.0022944 -0.000514967 
v 0.00367163 -0.00017498 -0.000514967 
v 0.00156362 0.00186108 -0.000514967 
v 0.00207235 0.00159251 -0.000514967 
v 0.000943098 0.00211468 -0.000514967 
v -0.00533295 0.00202298 -0.000514967 
v -0.00690679 0.00116101 -0.000514967 
v -0.00816025 -0.00150426 -0.000514967 
v 0.00373803 -0.000401316 -0.000514967 
v -0.0059675 0.00174475 -0.000514967 
v -0.00648732 0.00145339 -0.000514967 
v 0.00253854 -0.00313472 -0.000514967 
v 0.00377878 -0.000620655 -0.000514967 
v -0.00272303 0.002579 -0.000514967 
v 0.00161724 -0.00371868 -0.000514967 
v 0.00212734 -0.00342681 -0.000514967 
v 0.00248326 0.00132118 -0.000514967 
v -0.00819922 -0.00114359 -0.000514967 
v 0.00379667 -0.000833388 -0.000514967 
v -0.00819922 -0.00114359 -0.000422004 
v -0.00819544 -0.00101719 -0.000422005 
v -0.00819226 -0.000910802 -0.000422005 
v -0.00818406 -0.00085175 -0.000422006 
v -0.0081922 -0.000910429 -0.000422005 
v -0.00815924 -0.000673067 -0.000422006 
v -0.00815902 -0.00067217 -0.000422006 
v -0.00812097 -0.000517499 -0.000422004 
v -0.00810518 -0.000453326 -0.000422003 
v -0.00806777 -0.000347303 -0.000421999 
v -0.00802543 -0.000227304 -0.000421994 
v -0.00809794 -0.000432796 -0.000422002 
v -0.00800061 -0.00017415 -0.000421995 
v -0.00791654 5.88312e-06 -0.000422 
v -0.00800785 -0.00018966 -0.000421995 
v -0.0078149 0.000177696 -0.000421991 
v -0.00788479 5.95679e-05 -0.000421997 
v -0.00777278 0.000248901 -0.000421987 
v -0.00768214 0.000372847 -0.000421968 
v -0.00758722 0.000502662 -0.000421949 
v -0.00772308 0.000316866 -0.000421977 
v -0.00753381 0.000562566 -0.000421952 
v -0.00751503 0.000583635 -0.000421953 
v -0.00735147 0.000767099 -0.000421962 
v -0.00705341 0.00104271 -0.000422011 
v -0.00690642 0.00115445 -0.000422008 
v -0.00715099 0.000952476 -0.000421995 
v -0.00725063 0.000860344 -0.000421978 
v -0.00690349 0.00115667 -0.000422008 
v -0.00667911 0.00132724 -0.000422003 
v -0.00662064 0.0013634 -0.000422003 
v -0.00648394 0.00144793 -0.000422004 
v -0.00621377 0.00161501 -0.000422005 
v -0.00564271 0.00189638 -0.000422009 
v -0.0054041 0.00198663 -0.000422006 
v -0.00585794 0.00179033 -0.000422008 
v -0.00596417 0.00173799 -0.000422007 
v -0.00532982 0.00201472 -0.000422005 
v -0.00495257 0.00215742 -0.000422 
v -0.00488391 0.00217604 -0.000422 
v -0.00414273 0.00237707 -0.000421999 
v -0.00457214 0.0022606 -0.000422 
v -0.00429335 0.00233622 -0.000421999 
v -0.00323293 0.00253119 -0.000421994 
v -0.00364163 0.00246196 -0.000421996 
v -0.00293496 0.00255149 -0.000421994 
v -0.00369503 0.00245291 -0.000421996 
v -0.00272215 0.002566 -0.000421994 
v -0.002217 0.00260042 -0.000421995 
v -0.00140477 0.00257447 -0.000421997 
v -0.00185105 0.00258872 -0.000421996 
v -0.00124643 0.00256941 -0.000421998 
v -0.000360729 0.00245527 -0.000421995 
v -0.000660244 0.00249387 -0.000421996 
v -1.31777e-05 0.00237705 -0.000421998 
v -0.000836391 0.00251657 -0.000421997 
v 0.000408243 0.00228221 -0.000422003 
v 0.00057323 0.00222901 -0.000422002 
v 0.000110632 0.00234919 -0.000422 
v 0.00106241 0.00207127 -0.000421999 
v 0.00154545 0.00186611 -0.000421977 
v 0.000941655 0.00211021 -0.000422 
v 0.00161775 0.00183541 -0.000421974 
v 0.00194859 0.00165846 -0.000421999 
v 0.00156265 0.00185881 -0.000421976 
v 0.00207633 0.00159014 -0.000422009 
v 0.0022798 0.00145674 -0.000422001 
v 0.00245382 0.00134265 -0.000421994 
v 0.00207225 0.00159232 -0.000422008 
v 0.00256167 0.00125714 -0.000421987 
v 0.00248235 0.00132003 -0.000421992 
v 0.00276668 0.00109461 -0.000421974 
v 0.00272164 0.00113032 -0.000421977 
v 0.00301958 0.000853738 -0.00042201 
v 0.00317211 0.000679324 -0.000422 
v 0.00322448 0.000619436 -0.000421997 
v 0.00302781 0.000844323 -0.000422009 
v 0.00339159 0.000388352 -0.000422001 
v 0.00343258 0.000318675 -0.000422002 
v 0.00331369 0.000496082 -0.000421999 
v 0.00326215 0.000567344 -0.000421998 
v 0.00343983 0.000306352 -0.000422002 
v 0.00352461 0.000162225 -0.000422003 
v 0.00357257 5.94056e-05 -0.000422009 
v 0.0036272 -5.77262e-05 -0.000422015 
v 0.0036731 -0.000189109 -0.000422009 
v 0.00370928 -0.000292639 -0.000422005 
v 0.00366854 -0.000176056 -0.00042201 
v 0.00373802 -0.000401296 -0.000422015 
v 0.00379555 -0.000833476 -0.000422006 
v 0.00374791 -0.000454642 -0.000422017 
v 0.00373803 -0.000401316 -0.000422015 
v 0.00377904 -0.000622603 -0.000422023 
v 0.00379271 -0.000797217 -0.000422009 
v 0.00377868 -0.000620673 -0.000422022 
v 0.00379734 -0.000856413 -0.000422004 
v 0.00379785 -0.00092979 -0.000422011 
v 0.00378518 -0.00114326 -0.000422012 
v 0.00375989 -0.00130242 -0.000422007 
v 0.00378964 -0.00106812 -0.000422012 
v 0.00375091 -0.00135894 -0.000422006 
v 0.00372221 -0.00146875 -0.000422002 
v 0.0037594 -0.00130547 -0.000422007 
v 0.00367169 -0.00163794 -0.000421996 
v 0.00369331 -0.00157933 -0.000421998 
v 0.00370232 -0.00154486 -0.000421999 
v 0.00360961 -0.00180617 -0.000421988 
v 0.00352277 -0.00198545 -0.000421992 
v 0.00361632 -0.00178801 -0.000421989 
v 0.00342184 -0.00216211 -0.000421996 
v 0.00349593 -0.00204085 -0.000421994 
v 0.00349766 -0.00203728 -0.000421993 
v 0.00334649 -0.00228544 -0.000421998 
v 0.00329185 -0.00235799 -0.000421997 
v 0.00333997 -0.00229409 -0.000421998 
v 0.00315435 -0.00254054 -0.000421997 
v 0.00297101 -0.0027404 -0.000421979 
v 0.00290967 -0.00280726 -0.000421973 
v 0.00313642 -0.00256009 -0.000421995 
v 0.00276574 -0.00293661 -0.000421981 
v 0.0028776 -0.00283608 -0.000421974 
v 0.00260187 -0.00308388 -0.000421991 
v 0.00252668 -0.00313938 -0.000421993 
v 0.0022153 -0.00336926 -0.000422003 
v 0.00253659 -0.00313207 -0.000421993 
v 0.00187492 -0.00357319 -0.000422 
v 0.00173519 -0.0036569 -0.000421999 
v 0.0021252 -0.00342324 -0.000422002 
v 0.00114785 -0.00393612 -0.000422002 
v 0.00104022 -0.0039751 -0.000422001 
v 0.00148653 -0.00377511 -0.000422 
v 0.00161502 -0.00371403 -0.000421999 
v 0.000525974 -0.00416135 -0.000421994 
v 0.000439561 -0.00419265 -0.000421993 
v 0.000991409 -0.00399278 -0.000422 
v -5.9726e-05 -0.00432051 -0.000421998 
v 0.000244828 -0.00424252 -0.000421995 
v -0.000387036 -0.00440433 -0.000422 
v -0.000710721 -0.00445443 -0.000422 
v -0.00130815 -0.0045469 -0.000421999 
v -0.00141213 -0.00455252 -0.000421999 
v -0.000622307 -0.00444074 -0.000422 
v -0.00158831 -0.00456205 -0.000421999 
v -0.00215933 -0.00459292 -0.000422 
v -0.00232355 -0.00460179 -0.000422 
v -0.00293338 -0.00457421 -0.000421994 
v -0.00327855 -0.0045586 -0.00042199 
v -0.00261874 -0.00458844 -0.000421997 
v -0.00368183 -0.00450149 -0.000421991 
v -0.00414984 -0.0044352 -0.000421993 
v -0.00433523 -0.00439109 -0.000421994 
v -0.003631 -0.00450869 -0.000421991 
v -0.00490603 -0.00425527 -0.000421998 
v -0.00457143 -0.00433489 -0.000421996 
v -0.00554556 -0.00404032 -0.00042198 
v -0.00545245 -0.00407162 -0.000421983 
v -0.00590925 -0.00388063 -0.000421991 
v -0.00539343 -0.00409146 -0.000421984 
v -0.00608649 -0.00380281 -0.000421996 
v -0.00633999 -0.00366325 -0.000422001 
v -0.00600564 -0.00383831 -0.000421993 
v -0.00667345 -0.00346263 -0.000422004 
v -0.00653452 -0.00355616 -0.000422004 
v -0.0065073 -0.00357115 -0.000422004 
v -0.00690146 -0.00330913 -0.000422003 
v -0.00695735 -0.00326372 -0.000421999 
v -0.00720476 -0.00306269 -0.000421981 
v -0.00694649 -0.00327255 -0.000422 
v -0.00739987 -0.00287226 -0.000421998 
v -0.00726205 -0.00300677 -0.000421986 
v -0.00745219 -0.00282119 -0.000422003 
v -0.00756953 -0.00268355 -0.000421997 
v -0.00765153 -0.00258737 -0.000421993 
v -0.00771233 -0.00250103 -0.000421995 
v -0.00753617 -0.00272269 -0.000421999 
v -0.00781276 -0.0023584 -0.000421999 
v -0.00774571 -0.00245362 -0.000421996 
v -0.00794206 -0.0021321 -0.000422002 
v -0.00801009 -0.00198102 -0.000421996 
v -0.00790363 -0.00219935 -0.000422001 
v -0.00804148 -0.00191132 -0.000421993 
v -0.00807384 -0.00181545 -0.000421998 
v -0.00802051 -0.00195789 -0.000421995 
v -0.00811587 -0.00169093 -0.000422005 
v -0.00813896 -0.00160262 -0.000422004 
v -0.00815264 -0.00152921 -0.000422008 
v -0.00810375 -0.00172683 -0.000422003 
v -0.00818797 -0.00128701 -0.000422012 
v -0.00815739 -0.00150372 -0.00042201 
v -0.00818084 -0.00137789 -0.000422018 
v 0.00368656 -0.000299261 -0.000327633 
v 0.00368037 -0.000301064 -0.000316889 
v -0.0080869 -0.00168273 -0.00031689 
v 0.00370872 -0.000292804 -0.000410142 
v -0.00811531 -0.00169078 -0.000410143 
v 0.00365293 -0.000309054 -0.000280465 
v 0.00367685 -0.000302088 -0.000310786 
v 0.00366664 -0.000305062 -0.000296462 
v 0.00366561 -0.000305363 -0.000295013 
v 0.00363894 -0.000313127 -0.000267283 
v 0.00363294 -0.000314872 -0.00026266 
v 0.00365064 -0.000309721 -0.000278308 
v 0.00365642 -0.000443474 -0.000255607 
v 0.0036583 -0.000454041 -0.000255607 
v 0.00362377 -0.00031754 -0.000255595 
v 0.00366169 -0.000473019 -0.000255606 
v 0.00368565 -0.00060725 -0.000255603 
v 0.00369142 -0.000639546 -0.000255602 
v 0.00370185 -0.000774826 -0.000255598 
v 0.00369121 -0.000638345 -0.000255602 
v 0.00370831 -0.000858544 -0.000255595 
v 0.00370376 -0.00102437 -0.000255601 
v 0.00370763 -0.000980389 -0.0002556 
v 0.00368822 -0.00120111 -0.000255606 
v 0.00369484 -0.00112579 -0.000255604 
v 0.00368995 -0.00118146 -0.000255605 
v 0.00366192 -0.00133802 -0.000255595 
v 0.00364823 -0.00140924 -0.000255589 
v 0.00367186 -0.00128625 -0.000255599 
v 0.003623 -0.00149455 -0.000255585 
v 0.00363722 -0.00144648 -0.000255587 
v 0.00357269 -0.00165334 -0.000255579 
v 0.00358503 -0.00162292 -0.000255578 
v 0.00349481 -0.00184528 -0.000255583 
v 0.00352315 -0.00177542 -0.000255582 
v 0.00350819 -0.0018123 -0.000255583 
v 0.00342807 -0.00197267 -0.000255587 
v 0.00337606 -0.00207196 -0.00025559 
v 0.00344301 -0.00194415 -0.000255586 
v 0.00333182 -0.00213968 -0.000255591 
v 0.00334707 -0.00211634 -0.000255591 
v 0.00321845 -0.00231258 -0.000255593 
v 0.00322065 -0.00230987 -0.000255593 
v 0.00307749 -0.00248646 -0.00025559 
v 0.00299115 -0.00259296 -0.000255589 
v 0.00291659 -0.00266787 -0.000255587 
v 0.00307579 -0.00248856 -0.00025559 
v 0.00290649 -0.00267802 -0.000255587 
v 0.00272881 -0.00285654 -0.000255583 
v 0.00247178 -0.00306973 -0.000255581 
v 0.00272663 -0.00285834 -0.000255583 
v 0.00240233 -0.00312733 -0.00025558 
v 0.00219534 -0.00326839 -0.000255582 
v 0.00246432 -0.00307592 -0.00025558 
v 0.00199716 -0.00340343 -0.000255583 
v 0.00187976 -0.00346735 -0.000255585 
v 0.00219257 -0.00327027 -0.000255582 
v 0.00183015 -0.00349436 -0.000255586 
v 0.00151173 -0.00366773 -0.000255593 
v 0.00143397 -0.00371007 -0.000255594 
v 0.00108184 -0.00385744 -0.000255578 
v 0.000770569 -0.00398772 -0.000255564 
v 0.000596467 -0.00404157 -0.000255566 
v 0.00100554 -0.00388938 -0.000255575 
v 4.52983e-05 -0.00421205 -0.000255573 
v 0.000497509 -0.00407218 -0.000255567 
v 4.02007e-05 -0.00421363 -0.000255574 
v -7.95216e-05 -0.00423849 -0.000255576 
v -0.000580227 -0.0043425 -0.000255589 
v -0.000827009 -0.00439376 -0.000255595 
v -0.00126615 -0.00443976 -0.000255595 
v -0.000724907 -0.00437255 -0.000255592 
v -0.00183171 -0.00449899 -0.000255595 
v -0.00200448 -0.00449913 -0.000255593 
v -0.00142162 -0.00445604 -0.000255595 
v -0.00240627 -0.00449945 -0.000255589 
v -0.00285913 -0.00449981 -0.000255584 
v -0.00216069 -0.00449926 -0.000255591 
v -0.00317152 -0.00446901 -0.000255588 
v -0.00292836 -0.00449299 -0.000255585 
v -0.00375614 -0.00441137 -0.000255595 
v -0.00392852 -0.00437791 -0.000255595 
v -0.00367077 -0.00441979 -0.000255594 
v -0.00455462 -0.00425636 -0.000255593 
v -0.00431666 -0.00430256 -0.000255594 
v -0.00455153 -0.00425696 -0.000255593 
v -0.00510893 -0.00409474 -0.000255597 
v -0.00524789 -0.00405422 -0.000255598 
v -0.00490104 -0.00415535 -0.000255595 
v -0.00563969 -0.00390029 -0.000255562 
v -0.00542051 -0.0039864 -0.000255582 
v -0.00605878 -0.00370871 -0.000255564 
v -0.00582387 -0.00382793 -0.000255545 
v -0.00636381 -0.00355389 -0.000255589 
v -0.0064217 -0.00351693 -0.000255588 
v -0.0062978 -0.0035874 -0.000255584 
v -0.00672922 -0.00332058 -0.000255579 
v -0.00676899 -0.00329518 -0.000255578 
v -0.00662428 -0.00338758 -0.000255582 
v -0.0070134 -0.00310249 -0.000255589 
v -0.00690145 -0.00319075 -0.000255584 
v -0.00722869 -0.00291357 -0.000255597 
v -0.0071241 -0.00301521 -0.000255594 
v -0.00739497 -0.00275197 -0.000255601 
v -0.00741275 -0.00273083 -0.0002556 
v -0.00733555 -0.00280972 -0.000255599 
v -0.00756421 -0.00255077 -0.000255593 
v -0.00760015 -0.00250804 -0.000255591 
v -0.00750092 -0.00262601 -0.000255596 
v -0.00769134 -0.00237628 -0.000255587 
v -0.00764076 -0.00244936 -0.00025559 
v -0.00774612 -0.00229712 -0.000255585 
v -0.00779656 -0.00220722 -0.000255588 
v -0.00775704 -0.00227766 -0.000255585 
v -0.00788511 -0.00204392 -0.000255592 
v -0.00787394 -0.00206932 -0.000255594 
v -0.00795594 -0.00188289 -0.000255583 
v -0.00796487 -0.00186258 -0.000255582 
v -0.00792821 -0.00194593 -0.000255587 
v -0.0080571 -0.00167429 -0.000278309 
v -0.00805939 -0.00167494 -0.000280465 
v -0.00807314 -0.00167883 -0.000296463 
v -0.00808337 -0.00168173 -0.000310787 
v -0.0080721 -0.00167854 -0.000295013 
v -0.00803936 -0.00166928 -0.000262661 
v -0.00801054 -0.00172559 -0.000255591 
v -0.00799021 -0.00178659 -0.000255587 
v 0.003701 -0.000295057 -0.000363888 
v 0.00370558 -0.000293719 -0.000382946 
v 0.00370604 -0.000293587 -0.000386126 
v 0.00370835 -0.000292911 -0.000402381 
v 0.00369463 -0.00029691 -0.000345391 
v 0.00370041 -0.000295227 -0.000362188 
v 0.00369171 -0.000297762 -0.000338958 
v -0.00810757 -0.00168858 -0.000363888 
v -0.00811217 -0.00168988 -0.000382946 
v -0.00810698 -0.00168842 -0.000362188 
v -0.00811262 -0.00169001 -0.000386126 
v -0.00811494 -0.00169067 -0.000402381 
v -0.00809826 -0.00168595 -0.000338958 
v -0.00810119 -0.00168678 -0.000345391 
v -0.0080931 -0.00168448 -0.000327634 
v -0.00803018 -0.00166668 -0.000255595 
v -0.00804537 -0.00167098 -0.000267284 
v 0.00372682 -0.000459196 -0.000327649 
v 0.00372071 -0.000460499 -0.00031679 
v 0.00374993 -0.000630659 -0.000316795 
v 0.00375613 -0.000629848 -0.000327653 
v 0.00376522 -0.000798551 -0.000316779 
v 0.00377147 -0.000798231 -0.000327638 
v 0.00376727 -0.000965553 -0.000316789 
v 0.00376249 -0.00113287 -0.000327645 
v 0.00377352 -0.00096572 -0.000327647 
v 0.00373865 -0.00129849 -0.000327636 
v 0.00375627 -0.00113221 -0.000316787 
v 0.00370201 -0.00146347 -0.000327633 
v 0.00373249 -0.00129736 -0.000316777 
v 0.00365144 -0.00163105 -0.000327626 
v 0.00369596 -0.00146189 -0.000316774 
v 0.00358563 -0.00180208 -0.000327619 
v 0.00364552 -0.00162902 -0.000316767 
v 0.00350379 -0.00197557 -0.000327628 
v 0.00357988 -0.00179962 -0.00031676 
v 0.00340462 -0.00215158 -0.000327631 
v 0.00349823 -0.0019727 -0.00031677 
v 0.00327519 -0.00234606 -0.000327626 
v 0.00339928 -0.00214832 -0.000316773 
v 0.00312953 -0.00253336 -0.000327628 
v 0.00327012 -0.0023424 -0.000316767 
v 0.00295637 -0.00272616 -0.000327616 
v 0.00312473 -0.00252935 -0.000316769 
v 0.00275318 -0.00292274 -0.000327618 
v 0.00295186 -0.00272182 -0.000316758 
v 0.00251426 -0.00312372 -0.000327613 
v 0.00274898 -0.0029181 -0.000316759 
v 0.00223252 -0.00332914 -0.000327634 
v 0.0025104 -0.00311879 -0.000316754 
v 0.001866 -0.00355735 -0.000327632 
v 0.002229 -0.00332396 -0.000316775 
v 0.00147951 -0.00376072 -0.000327633 
v 0.00186289 -0.00355192 -0.000316773 
v 0.00103304 -0.00395761 -0.000327629 
v 0.00147678 -0.00375508 -0.000316775 
v 0.000520025 -0.00414244 -0.000327615 
v 0.00103071 -0.00395181 -0.00031677 
v -6.29047e-05 -0.0043071 -0.000327615 
v 0.000518108 -0.00413648 -0.000316756 
v -0.000713083 -0.00444137 -0.000327628 
v -6.43934e-05 -0.00430102 -0.000316757 
v -0.00141412 -0.00453374 -0.00032763 
v -0.000714128 -0.0044352 -0.00031677 
v -0.00215941 -0.00457628 -0.000327632 
v -0.00141471 -0.00452751 -0.000316772 
v -0.00215953 -0.00457003 -0.000316773 
v -0.00293212 -0.00455506 -0.000316763 
v -0.00293248 -0.00456131 -0.000327621 
v -0.0036792 -0.00448206 -0.000316773 
v -0.00368005 -0.00448826 -0.000327631 
v -0.00433051 -0.00436817 -0.000316768 
v -0.00433181 -0.00437429 -0.000327627 
v -0.0049199 -0.00422011 -0.000316768 
v -0.00492164 -0.00422611 -0.000327627 
v -0.00544323 -0.00404719 -0.000316762 
v -0.00544542 -0.00405305 -0.00032762 
v -0.00589919 -0.00385879 -0.000316732 
v -0.00590179 -0.00386448 -0.000327591 
v -0.00632813 -0.00364206 -0.000316777 
v -0.00633118 -0.00364753 -0.000327636 
v -0.00665959 -0.00344145 -0.000316772 
v -0.00666303 -0.00344668 -0.00032763 
v -0.00694081 -0.00324199 -0.000316775 
v -0.00694461 -0.00324696 -0.000327633 
v -0.00717917 -0.00304541 -0.00031675 
v -0.00718332 -0.00305009 -0.000327608 
v -0.00738027 -0.00285331 -0.000316774 
v -0.00738476 -0.00285768 -0.000327632 
v -0.00754922 -0.00266654 -0.00031677 
v -0.00755401 -0.00267056 -0.000327628 
v -0.00769057 -0.00248526 -0.000316768 
v -0.00769565 -0.00248893 -0.000327626 
v -0.00780827 -0.00230917 -0.000316769 
v -0.0078136 -0.00231246 -0.000327628 
v -0.0079056 -0.00213757 -0.000316772 
v -0.00791116 -0.00214046 -0.00032763 
v -0.00798489 -0.00197028 -0.00031678 
v -0.00799064 -0.00197275 -0.000327639 
v -0.00804823 -0.00180659 -0.000316759 
v -0.00805414 -0.00180863 -0.000327618 
v 0.00374962 -0.000454336 -0.000410146 
v 0.00377924 -0.000626832 -0.00041015 
v 0.00379475 -0.000797046 -0.000410135 
v 0.00379683 -0.000966342 -0.000410144 
v 0.00378567 -0.00113532 -0.000410142 
v 0.00376158 -0.00130268 -0.000410134 
v 0.00372457 -0.00146937 -0.00041013 
v 0.00367349 -0.00163861 -0.000410124 
v 0.00360707 -0.00181124 -0.000410117 
v 0.00342451 -0.00216374 -0.000410129 
v 0.0035245 -0.00198628 -0.000410126 
v 0.0032941 -0.0023597 -0.000410124 
v 0.00314743 -0.0025483 -0.000410125 
v 0.00297315 -0.00274234 -0.000410115 
v 0.00276881 -0.00294003 -0.000410116 
v 0.00252712 -0.00314003 -0.000409819 
v 0.0022379 -0.00335192 -0.000404085 
v 0.00187581 -0.00357462 -0.000409644 
v 0.0014878 -0.0037778 -0.000409221 
v 0.00104064 -0.00397636 -0.000409771 
v 0.000526287 -0.00416209 -0.000409881 
v -5.86438e-05 -0.00432467 -0.000408676 
v -0.000710028 -0.00445901 -0.000408577 
v -0.00141211 -0.00455381 -0.000409763 
v -0.00215915 -0.00459543 -0.000409332 
v -0.00293358 -0.004579 -0.000408476 
v -0.00368247 -0.004506 -0.00040859 
v -0.00433579 -0.00439331 -0.000409404 
v -0.00492098 -0.0042493 -0.000405805 
v -0.00545268 -0.00407241 -0.000409904 
v -0.00591147 -0.00388569 -0.00041009 
v -0.00634253 -0.00366788 -0.000410133 
v -0.00667583 -0.00346616 -0.000410128 
v -0.00695879 -0.00326547 -0.000410131 
v -0.00719881 -0.00306752 -0.000410107 
v -0.00740148 -0.00287392 -0.00041013 
v -0.00757187 -0.00268555 -0.000410126 
v -0.00771455 -0.00250258 -0.000410124 
v -0.00783344 -0.00232469 -0.000410126 
v -0.00793185 -0.0021512 -0.000410128 
v -0.00801207 -0.00198193 -0.000410136 
v -0.00807618 -0.00181624 -0.000410116 
v 0.00369032 -0.000466967 -0.000278226 
v 0.0036987 -0.000465183 -0.000287036 
v 0.00370659 -0.000463503 -0.00029643 
v 0.00368151 -0.000468842 -0.000270035 
v 0.00367234 -0.000470794 -0.00026249 
v 0.00371912 -0.000634689 -0.000278231 
v 0.00371395 -0.000461937 -0.000306365 
v 0.00373562 -0.00063253 -0.000296435 
v 0.00374307 -0.000631555 -0.00030637 
v 0.00372762 -0.000633577 -0.000287041 
v 0.00370089 -0.000637074 -0.000262495 
v 0.00371019 -0.000635857 -0.00027004 
v 0.00373419 -0.000800142 -0.000278215 
v 0.00375081 -0.00079929 -0.000296419 
v 0.00375832 -0.000798905 -0.000306354 
v 0.00374275 -0.000799703 -0.000287025 
v 0.00371583 -0.000801085 -0.000262479 
v 0.0037252 -0.000800604 -0.000270024 
v 0.00373621 -0.000964719 -0.000278224 
v 0.00375284 -0.000965166 -0.000296429 
v 0.00376036 -0.000965367 -0.000306363 
v 0.00374478 -0.000964949 -0.000287034 
v 0.00371783 -0.000964225 -0.000262489 
v 0.00372721 -0.000964477 -0.000270034 
v 0.00373389 -0.00112986 -0.000287032 
v 0.00374939 -0.00113149 -0.000306361 
v 0.00374192 -0.0011307 -0.000296426 
v 0.00371641 -0.00112802 -0.000270031 
v 0.00372537 -0.00112896 -0.000278222 
v 0.00370708 -0.00112703 -0.000262487 
v 0.00371036 -0.00129332 -0.000287023 
v 0.00372569 -0.00129612 -0.000306352 
v 0.0037183 -0.00129477 -0.000296417 
v 0.00369307 -0.00129016 -0.000270022 
v 0.00370193 -0.00129178 -0.000278213 
v 0.00368384 -0.00128847 -0.000262477 
v 0.00367419 -0.0014562 -0.00028702 
v 0.00368927 -0.00146014 -0.000306349 
v 0.003682 -0.00145824 -0.000296414 
v 0.00365719 -0.00145175 -0.000270019 
v 0.0036659 -0.00145403 -0.00027821 
v 0.00364811 -0.00144938 -0.000262474 
v 0.00362423 -0.00162173 -0.000287013 
v 0.00363898 -0.00162679 -0.000306342 
v 0.00363187 -0.00162435 -0.000296407 
v 0.00360761 -0.00161604 -0.000270012 
v 0.00361613 -0.00161896 -0.000278203 
v 0.00359873 -0.001613 -0.000262467 
v 0.00355919 -0.00179077 -0.000287006 
v 0.00357353 -0.0017969 -0.000306335 
v 0.00356661 -0.00179395 -0.0002964 
v 0.00354303 -0.00178387 -0.000270005 
v 0.00355131 -0.00178741 -0.000278196 
v 0.0035344 -0.00178018 -0.00026246 
v 0.00347824 -0.00196237 -0.000287015 
v 0.00349209 -0.00196953 -0.000306344 
v 0.00348541 -0.00196608 -0.000296409 
v 0.00346263 -0.0019543 -0.000270014 
v 0.00347063 -0.00195844 -0.000278205 
v 0.0034543 -0.00195 -0.00026247 
v 0.00338008 -0.00213659 -0.000287018 
v 0.00339339 -0.00214472 -0.000306347 
v 0.00338697 -0.0021408 -0.000296412 
v 0.00336509 -0.00212742 -0.000270017 
v 0.00337277 -0.00213212 -0.000278208 
v 0.00335708 -0.00212253 -0.000262473 
v 0.00325187 -0.00232923 -0.000287013 
v 0.00326452 -0.00233836 -0.000306342 
v 0.00325842 -0.00233396 -0.000296407 
v 0.00323762 -0.00231895 -0.000270012 
v 0.00324492 -0.00232422 -0.000278203 
v 0.00323001 -0.00231346 -0.000262467 
v 0.00310746 -0.00251493 -0.000287015 
v 0.00311943 -0.00252492 -0.000306344 
v 0.00311366 -0.0025201 -0.000296409 
v 0.00309397 -0.00250366 -0.000270014 
v 0.00310088 -0.00250943 -0.000278205 
v 0.00308677 -0.00249765 -0.000262469 
v 0.00293566 -0.00270621 -0.000287003 
v 0.00294688 -0.00271703 -0.000306332 
v 0.00294147 -0.00271181 -0.000296397 
v 0.002923 -0.00269402 -0.000270002 
v 0.00292948 -0.00270026 -0.000278193 
v 0.00291624 -0.00268751 -0.000262458 
v 0.00273389 -0.00290141 -0.000287005 
v 0.00274435 -0.00291297 -0.000306334 
v 0.00273931 -0.0029074 -0.000296399 
v 0.00272211 -0.00288837 -0.000270004 
v 0.00272815 -0.00289505 -0.000278195 
v 0.00249651 -0.00310109 -0.000287 
v 0.00250613 -0.00311336 -0.000306329 
v 0.00250149 -0.00310744 -0.000296394 
v 0.00248566 -0.00308726 -0.000269999 
v 0.00271582 -0.00288141 -0.000262459 
v 0.00249122 -0.00309435 -0.000278189 
v 0.00247987 -0.00307989 -0.000262454 
v 0.00221637 -0.00330534 -0.000287021 
v 0.00222512 -0.00331825 -0.00030635 
v 0.0022209 -0.00331202 -0.000296415 
v 0.00220651 -0.0032908 -0.00027002 
v 0.00221156 -0.00329825 -0.000278211 
v 0.00220124 -0.00328304 -0.000262475 
v 0.00185172 -0.00353238 -0.000287019 
v 0.00185946 -0.00354592 -0.000306348 
v 0.00185573 -0.00353939 -0.000296413 
v 0.00184299 -0.00351713 -0.000270018 
v 0.00184747 -0.00352494 -0.000278209 
v 0.00183834 -0.00350898 -0.000262473 
v 0.00146699 -0.00373483 -0.00028702 
v 0.00147378 -0.00374886 -0.000306349 
v 0.0014705 -0.00374209 -0.000296414 
v 0.00145933 -0.003719 -0.000270019 
v 0.00146326 -0.00372711 -0.00027821 
v 0.00145525 -0.00371056 -0.000262475 
v 0.00102233 -0.00393092 -0.000287016 
v 0.00102813 -0.00394539 -0.000306345 
v 0.00102534 -0.00393842 -0.00029641 
v 0.00101579 -0.00391461 -0.000270015 
v 0.00101914 -0.00392297 -0.000278206 
v 0.0010123 -0.00390591 -0.00026247 
v 0.000511213 -0.00411506 -0.000287002 
v 0.00051599 -0.0041299 -0.000306331 
v 0.000513687 -0.00412275 -0.000296396 
v 0.000505828 -0.00409833 -0.000270001 
v 0.000508587 -0.00410691 -0.000278191 
v 0.000502954 -0.00408941 -0.000262456 
v -6.97471e-05 -0.00427917 -0.000287002 
v -6.60376e-05 -0.00429431 -0.000306332 
v -6.78263e-05 -0.00428701 -0.000296397 
v -7.64091e-05 -0.00425165 -0.000263864 
v -7.17862e-05 -0.00427085 -0.000278192 
v -0.000717886 -0.00441301 -0.000287015 
v -0.000715282 -0.00442838 -0.000306344 
v -0.000716538 -0.00442097 -0.000296409 
v -0.000720822 -0.00439568 -0.000270014 
v -7.3929e-05 -0.0042621 -0.000270002 
v -0.000719318 -0.00440456 -0.000278205 
v -0.000722674 -0.00438517 -0.000263744 
v -0.00141684 -0.00450511 -0.000287017 
v -0.00141536 -0.00452063 -0.000306346 
v -0.00141607 -0.00451315 -0.000296411 
v -0.0014185 -0.00448761 -0.000270016 
v -0.00141765 -0.00449658 -0.000278207 
v -0.00141938 -0.00447828 -0.000262472 
v -0.00215997 -0.00454753 -0.000287019 
v -0.00215967 -0.00456312 -0.000306348 
v -0.00215981 -0.0045556 -0.000296413 
v -0.00216031 -0.00452996 -0.000270018 
v -0.00216014 -0.00453896 -0.000278208 
v -0.00216049 -0.00452058 -0.000262473 
v -0.0029303 -0.00452404 -0.000278198 
v -0.00293128 -0.00454066 -0.000296402 
v -0.00293171 -0.00454816 -0.000306337 
v -0.0029308 -0.0045326 -0.000287008 
v -0.00292923 -0.00450569 -0.000262463 
v -0.00292978 -0.00451505 -0.000270007 
v -0.00367496 -0.00445128 -0.000278208 
v -0.00367723 -0.00446777 -0.000296413 
v -0.00367826 -0.00447522 -0.000306348 
v -0.00367613 -0.00445977 -0.000287018 
v -0.00367245 -0.00443307 -0.000262473 
v -0.00367373 -0.00444236 -0.000270018 
v -0.00432402 -0.00433778 -0.000278204 
v -0.0043275 -0.00435406 -0.000296408 
v -0.00432907 -0.00436141 -0.000306343 
v -0.00432581 -0.00434617 -0.000287014 
v -0.00432019 -0.0043198 -0.000262468 
v -0.00432215 -0.00432898 -0.000270013 
v -0.00491121 -0.00419027 -0.000278204 
v -0.00491586 -0.00420625 -0.000296408 
v -0.00491796 -0.00421347 -0.000306343 
v -0.00491361 -0.0041985 -0.000287014 
v -0.00490607 -0.00417262 -0.000262468 
v -0.00490869 -0.00418163 -0.000270013 
v -0.0054324 -0.00401807 -0.000278197 
v -0.0054382 -0.00403366 -0.000296401 
v -0.00544083 -0.00404071 -0.000306336 
v -0.00543539 -0.0040261 -0.000287007 
v -0.00542599 -0.00400084 -0.000262462 
v -0.00542926 -0.00400962 -0.000270006 
v -0.00588627 -0.00383053 -0.000278167 
v -0.00589319 -0.00384567 -0.000296372 
v -0.00589631 -0.00385251 -0.000306307 
v -0.00588983 -0.00383833 -0.000286977 
v -0.00587863 -0.00381381 -0.000262432 
v -0.00588253 -0.00382234 -0.000269977 
v -0.006313 -0.00361492 -0.000278213 
v -0.0063211 -0.00362946 -0.000296417 
v -0.00632476 -0.00363603 -0.000306352 
v -0.00631717 -0.00362241 -0.000287023 
v -0.00630404 -0.00359887 -0.000262477 
v -0.00630861 -0.00360706 -0.000270022 
v -0.00664253 -0.00341548 -0.000278207 
v -0.00665167 -0.00342939 -0.000296411 
v -0.0066558 -0.00343568 -0.000306346 
v -0.00664724 -0.00342265 -0.000287017 
v -0.00663244 -0.00340012 -0.000262472 
v -0.00663759 -0.00340796 -0.000270016 
v -0.00692191 -0.00321733 -0.00027821 
v -0.00693203 -0.00323054 -0.000296414 
v -0.00693661 -0.00323651 -0.000306349 
v -0.00692712 -0.00322413 -0.00028702 
v -0.00691073 -0.00320274 -0.000262475 
v -0.00691643 -0.00321018 -0.000270019 
v -0.00715853 -0.00302219 -0.000278185 
v -0.00716958 -0.00303463 -0.000296389 
v -0.00717458 -0.00304025 -0.000306324 
v -0.00716422 -0.0030286 -0.000286995 
v -0.00714631 -0.00300845 -0.000262449 
v -0.00715254 -0.00301546 -0.000269994 
v -0.00735799 -0.00283166 -0.000278209 
v -0.00736992 -0.00284326 -0.000296414 
v -0.00737531 -0.0028485 -0.000306349 
v -0.00736413 -0.00283763 -0.00028702 
v -0.0073448 -0.00281885 -0.000262474 
v -0.00735153 -0.00282538 -0.000270019 
v -0.00752542 -0.00264657 -0.000278205 
v -0.00753816 -0.00265727 -0.000296409 
v -0.00754392 -0.0026621 -0.000306344 
v -0.00753198 -0.00265208 -0.000287015 
v -0.00751133 -0.00263475 -0.000262469 
v -0.00751852 -0.00264078 -0.000270014 
v -0.00766538 -0.00246708 -0.000278203 
v -0.00767888 -0.00247682 -0.000296407 
v -0.00768497 -0.00248122 -0.000306342 
v -0.00767233 -0.00247209 -0.000287013 
v -0.00765048 -0.00245632 -0.000262468 
v -0.00765808 -0.0024618 -0.000270012 
v -0.00778182 -0.00229287 -0.000278205 
v -0.00779599 -0.00230161 -0.000296409 
v -0.00780239 -0.00230555 -0.000306344 
v -0.00778911 -0.00229737 -0.000287015 
v -0.00776617 -0.00228323 -0.000262469 
v -0.00777415 -0.00228815 -0.000270014 
v -0.00787803 -0.00212326 -0.000278207 
v -0.0078928 -0.00213092 -0.000296411 
v -0.00789947 -0.00213439 -0.000306346 
v -0.00788564 -0.0021272 -0.000287017 
v -0.00786171 -0.00211478 -0.000262472 
v -0.00787004 -0.00211911 -0.000270016 
v -0.00795634 -0.00195803 -0.000278216 
v -0.00797163 -0.00196459 -0.00029642 
v -0.00797854 -0.00196756 -0.000306355 
v -0.00796422 -0.00196141 -0.000287026 
v -0.00793945 -0.00195078 -0.00026248 
v -0.00794806 -0.00195448 -0.000270025 
v -0.00801886 -0.00179645 -0.000278194 
v -0.00803459 -0.00180188 -0.000296399 
v -0.0080417 -0.00180433 -0.000306334 
v -0.00802696 -0.00179925 -0.000287004 
v -0.00800148 -0.00179045 -0.000262459 
v -0.00801034 -0.00179351 -0.000270004 
v 0.00374101 -0.000456175 -0.000362176 
v 0.00374427 -0.000455479 -0.000374104 
v 0.00374679 -0.000454941 -0.000386121 
v 0.00374857 -0.000454561 -0.000398158 
v 0.00373227 -0.000458037 -0.000338878 
v 0.003737 -0.000457028 -0.00035041 
v 0.00377051 -0.00062797 -0.000362181 
v 0.00377637 -0.000627205 -0.000386126 
v 0.00377818 -0.00062697 -0.000398163 
v 0.00377382 -0.000627538 -0.000374108 
v 0.00376165 -0.000629127 -0.000338882 
v 0.00376645 -0.0006285 -0.000350415 
v 0.00378595 -0.000797491 -0.000362165 
v 0.00379186 -0.000797191 -0.000386111 
v 0.00379368 -0.000797099 -0.000398148 
v 0.00378929 -0.000797322 -0.000374093 
v 0.00377703 -0.000797947 -0.000338867 
v 0.00378186 -0.0007977 -0.000350399 
v 0.00378802 -0.000966108 -0.000362175 
v 0.00379393 -0.000966266 -0.00038612 
v 0.00379575 -0.000966314 -0.000398157 
v 0.00379136 -0.000966197 -0.000374102 
v 0.00377908 -0.000965869 -0.000338876 
v 0.00378392 -0.000965999 -0.000350409 
v 0.00377691 -0.00113439 -0.000362173 
v 0.00378279 -0.00113501 -0.000386118 
v 0.0037846 -0.0011352 -0.000398155 
v 0.00378023 -0.00113474 -0.0003741 
v 0.00377284 -0.00113396 -0.000350407 
v 0.00376802 -0.00113345 -0.000338874 
v 0.0037562 -0.0013017 -0.000374091 
v 0.00376052 -0.00130249 -0.000398146 
v 0.00375873 -0.00130216 -0.000386109 
v 0.00374888 -0.00130036 -0.000350398 
v 0.00375291 -0.0013011 -0.000362164 
v 0.00374412 -0.00129949 -0.000338865 
v 0.00371927 -0.00146798 -0.000374088 
v 0.00372353 -0.0014691 -0.000398143 
v 0.00372177 -0.00146863 -0.000386106 
v 0.00371208 -0.0014661 -0.000350394 
v 0.00371604 -0.00146714 -0.00036216 
v 0.0037074 -0.00146488 -0.000338862 
v 0.00366832 -0.00163684 -0.000374082 
v 0.00367247 -0.00163826 -0.000398136 
v 0.00367075 -0.00163767 -0.000386099 
v 0.00366128 -0.00163443 -0.000350388 
v 0.00366516 -0.00163575 -0.000362154 
v 0.0036567 -0.00163286 -0.000338855 
v 0.00360204 -0.00180909 -0.000374074 
v 0.00360608 -0.00181081 -0.000398129 
v 0.00360441 -0.0018101 -0.000386092 
v 0.0035952 -0.00180616 -0.000350381 
v 0.00359897 -0.00180777 -0.000362147 
v 0.00359075 -0.00180426 -0.000338848 
v 0.00351964 -0.00198376 -0.000374084 
v 0.00352193 -0.00198495 -0.000386102 
v 0.00352354 -0.00198578 -0.000398139 
v 0.00351303 -0.00198035 -0.00035039 
v 0.00351667 -0.00198223 -0.000362156 
v 0.00350873 -0.00197813 -0.000338857 
v 0.00341984 -0.00216089 -0.000374087 
v 0.00342204 -0.00216223 -0.000386105 
v 0.00342359 -0.00216318 -0.000398141 
v 0.0034135 -0.00215701 -0.000350393 
v 0.00341699 -0.00215915 -0.000362159 
v 0.00340937 -0.00215448 -0.00033886 
v 0.00328966 -0.0023565 -0.000374081 
v 0.00329323 -0.00235907 -0.000398136 
v 0.00329175 -0.00235801 -0.000386099 
v 0.00328363 -0.00235215 -0.000350387 
v 0.00328696 -0.00235454 -0.000362154 
v 0.00327971 -0.00234931 -0.000338855 
v 0.00314323 -0.0025448 -0.000374083 
v 0.0031466 -0.00254761 -0.000398138 
v 0.0031452 -0.00254645 -0.000386101 
v 0.00313752 -0.00254003 -0.000350389 
v 0.00314066 -0.00254266 -0.000362155 
v 0.0031338 -0.00253693 -0.000338857 
v 0.00296921 -0.00273854 -0.000374072 
v 0.00297237 -0.0027416 -0.000398127 
v 0.00297107 -0.00274033 -0.00038609 
v 0.00296386 -0.00273338 -0.000350378 
v 0.00296681 -0.00273623 -0.000362144 
v 0.00296037 -0.00273002 -0.000338846 
v 0.00276514 -0.00293598 -0.000374074 
v 0.00276809 -0.00293923 -0.000398128 
v 0.00276687 -0.00293789 -0.000386092 
v 0.00276015 -0.00293046 -0.00035038 
v 0.0027629 -0.0029335 -0.000362146 
v 0.00275691 -0.00292687 -0.000338847 
v 0.00252527 -0.00313775 -0.000374068 
v 0.00252798 -0.00314121 -0.000398123 
v 0.00252686 -0.00313978 -0.000386086 
v 0.00252068 -0.0031319 -0.000350374 
v 0.00252321 -0.00313513 -0.000362141 
v 0.00251769 -0.0031281 -0.000338842 
v 0.00224253 -0.00334391 -0.000374089 
v 0.002245 -0.00334754 -0.000398144 
v 0.00224398 -0.00334604 -0.000386107 
v 0.00223836 -0.00333775 -0.000350396 
v 0.00224066 -0.00334114 -0.000362162 
v 0.00223564 -0.00333375 -0.000338863 
v 0.00187485 -0.00357283 -0.000374087 
v 0.00187703 -0.00357665 -0.000398142 
v 0.00187613 -0.00357507 -0.000386105 
v 0.00187116 -0.00356638 -0.000350393 
v 0.00187319 -0.00356994 -0.000362159 
v 0.00186876 -0.00356218 -0.000338861 
v 0.00148728 -0.00377678 -0.000374089 
v 0.00148919 -0.00378073 -0.000398143 
v 0.0014884 -0.0037791 -0.000386106 
v 0.00148404 -0.00377008 -0.000350395 
v 0.00148582 -0.00377377 -0.000362161 
v 0.00148193 -0.00376572 -0.000338862 
v 0.00103968 -0.00397417 -0.000374085 
v 0.00104131 -0.00397825 -0.000398139 
v 0.00104063 -0.00397656 -0.000386102 
v 0.00103691 -0.00396727 -0.000350391 
v 0.00103843 -0.00397107 -0.000362157 
v 0.00103511 -0.00396278 -0.000338858 
v 0.000525493 -0.00415942 -0.00037407 
v 0.000526842 -0.0041636 -0.000398125 
v 0.000526283 -0.00416187 -0.000386088 
v 0.000523214 -0.00415234 -0.000350376 
v 0.00052447 -0.00415624 -0.000362142 
v 0.00052173 -0.00414773 -0.000338844 
v -5.86598e-05 -0.00432443 -0.000374071 
v -5.76137e-05 -0.0043287 -0.000398126 
v -5.80467e-05 -0.00432693 -0.000386089 
v -6.04288e-05 -0.00431721 -0.000350377 
v -5.94541e-05 -0.00432119 -0.000362143 
v -6.15807e-05 -0.00431251 -0.000338845 
v -0.000710104 -0.00445895 -0.000374084 
v -0.00070937 -0.00446329 -0.000398138 
v -0.000709673 -0.0044615 -0.000386101 
v -0.000711345 -0.00445162 -0.00035039 
v -0.000710661 -0.00445566 -0.000362156 
v -0.000712154 -0.00444685 -0.000338857 
v -0.00141243 -0.0045515 -0.000374086 
v -0.00141201 -0.00455588 -0.00039814 
v -0.00141218 -0.00455406 -0.000386103 
v -0.00141313 -0.0045441 -0.000350392 
v -0.00141274 -0.00454818 -0.000362158 
v -0.00141359 -0.00453928 -0.000338859 
v -0.00215906 -0.00459412 -0.000374087 
v -0.00215898 -0.00459852 -0.000398142 
v -0.00215901 -0.0045967 -0.000386105 
v -0.00215921 -0.00458669 -0.000350393 
v -0.00215913 -0.00459078 -0.000362159 
v -0.0021593 -0.00458185 -0.000338861 
v -0.00293333 -0.00457578 -0.000362149 
v -0.00293368 -0.00458169 -0.000386095 
v -0.00293378 -0.0045835 -0.000398131 
v -0.00293353 -0.00457912 -0.000374077 
v -0.00293281 -0.00456686 -0.00033885 
v -0.00293309 -0.00457169 -0.000350383 
v -0.00368203 -0.00450263 -0.000362159 
v -0.00368284 -0.00450849 -0.000386105 
v -0.00368308 -0.00451029 -0.000398141 
v -0.00368248 -0.00450594 -0.000374087 
v -0.00368081 -0.00449378 -0.00033886 
v -0.00368147 -0.00449857 -0.000350393 
v -0.00433484 -0.00438847 -0.000362155 
v -0.00433607 -0.00439426 -0.0003861 
v -0.00433645 -0.00439604 -0.000398137 
v -0.00433553 -0.00439174 -0.000374082 
v -0.00433297 -0.00437973 -0.000338856 
v -0.00433398 -0.00438447 -0.000350389 
v -0.0049257 -0.00424004 -0.000362155 
v -0.00492735 -0.00424572 -0.0003861 
v -0.00492786 -0.00424746 -0.000398137 
v -0.00492663 -0.00424324 -0.000374082 
v -0.0049232 -0.00423146 -0.000338856 
v -0.00492455 -0.00423611 -0.000350388 
v -0.00545047 -0.00406664 -0.000362148 
v -0.00545253 -0.00407219 -0.000386094 
v -0.00545164 -0.00406977 -0.000374076 
v -0.00544736 -0.00405827 -0.000338849 
v -0.00544904 -0.0040628 -0.000350382 
v -0.00590781 -0.00387768 -0.000362119 
v -0.00591102 -0.00388471 -0.000398102 
v -0.00545317 -0.00407389 -0.000398131 
v -0.0059092 -0.00388071 -0.000374047 
v -0.0059041 -0.00386955 -0.00033882 
v -0.00590611 -0.00387395 -0.000350353 
v -0.00633824 -0.00366019 -0.000362163 
v -0.00591027 -0.00388306 -0.000386065 
v -0.00634112 -0.00366536 -0.000386109 
v -0.00634201 -0.00366694 -0.000398145 
v -0.00633987 -0.00366311 -0.000374091 
v -0.00633389 -0.00365238 -0.000338865 
v -0.00633625 -0.00365661 -0.000350397 
v -0.00667099 -0.0034588 -0.000362158 
v -0.00667424 -0.00346374 -0.000386103 
v -0.00667524 -0.00346527 -0.00039814 
v -0.00667283 -0.00346159 -0.000374086 
v -0.00666609 -0.00345133 -0.000338859 
v -0.00666874 -0.00345538 -0.000350392 
v -0.00695343 -0.00325847 -0.000362161 
v -0.00695703 -0.00326317 -0.000386106 
v -0.00695814 -0.00326461 -0.000398143 
v -0.00695546 -0.00326112 -0.000374089 
v -0.006948 -0.00325138 -0.000338862 
v -0.00695094 -0.00325522 -0.000350395 
v -0.00719296 -0.00306093 -0.000362136 
v -0.00719809 -0.00306671 -0.000398119 
v -0.00719689 -0.00306535 -0.000386082 
v -0.00718702 -0.00305425 -0.000338837 
v -0.00719024 -0.00305787 -0.00035037 
v -0.00719517 -0.00306343 -0.000374064 
v -0.00739516 -0.00286778 -0.00036216 
v -0.0073994 -0.0028719 -0.000386106 
v -0.00740071 -0.00287317 -0.000398142 
v -0.00739755 -0.00287011 -0.000374088 
v -0.00738875 -0.00286155 -0.000338862 
v -0.00739222 -0.00286493 -0.000350394 
v -0.00756512 -0.00267988 -0.000362156 
v -0.00756965 -0.00268369 -0.000386101 
v -0.00757104 -0.00268486 -0.000398138 
v -0.00756768 -0.00268203 -0.000374084 
v -0.00755827 -0.00267414 -0.000338857 
v -0.00756198 -0.00267725 -0.00035039 
v -0.0077074 -0.00249742 -0.000362154 
v -0.0077122 -0.00250088 -0.0003861 
v -0.00771367 -0.00250195 -0.000398137 
v -0.00771011 -0.00249937 -0.000374082 
v -0.00770016 -0.00249218 -0.000338855 
v -0.00770408 -0.00249502 -0.000350388 
v -0.00782594 -0.00232006 -0.000362155 
v -0.00783098 -0.00232317 -0.000386101 
v -0.00782878 -0.00232182 -0.000374083 
v -0.00781833 -0.00231538 -0.000338857 
v -0.00782245 -0.00231792 -0.000350389 
v -0.00792403 -0.00214714 -0.000362158 
v -0.00783253 -0.00232412 -0.000398138 
v -0.00792928 -0.00214987 -0.000386103 
v -0.00793089 -0.0021507 -0.00039814 
v -0.00792699 -0.00214868 -0.000374086 
v -0.0079161 -0.00214302 -0.000338859 
v -0.00792039 -0.00214525 -0.000350392 
v -0.00800397 -0.00197846 -0.000362166 
v -0.00800941 -0.00198079 -0.000386112 
v -0.00801108 -0.0019815 -0.000398148 
v -0.00800704 -0.00197977 -0.000374094 
v -0.00799576 -0.00197494 -0.000338868 
v -0.00800021 -0.00197685 -0.0003504 
v -0.00806785 -0.00181336 -0.000362145 
v -0.00807516 -0.00181589 -0.000398128 
v -0.00807101 -0.00181445 -0.000374073 
v -0.0080594 -0.00181044 -0.000338847 
v -0.00806398 -0.00181202 -0.000350379 
v -0.00807344 -0.00181529 -0.000386091 
v -0.00804376 -0.00161639 -0.000255595 
v -0.00805329 -0.00157019 -0.000255595 
v -0.00808482 -0.00141727 -0.000255594 
v -0.00808598 -0.00141166 -0.000255594 
v -0.00806544 -0.00151126 -0.000255595 
v -0.00809274 -0.00134525 -0.000255594 
v -0.0081026 -0.00124858 -0.000255594 
v -0.00811039 -0.00113216 -0.000255594 
v -0.00810722 -0.00102545 -0.000255594 
v -0.00810835 -0.00119215 -0.000255594 
v -0.00810436 -0.000928726 -0.000255594 
v -0.00809644 -0.000867053 -0.000255594 
v -0.00810707 -0.00102026 -0.000255594 
v -0.00807795 -0.000723017 -0.000255594 
v -0.00807483 -0.000709402 -0.000255594 
v -0.00809573 -0.00086155 -0.000255594 
v -0.00807307 -0.000701746 -0.000255594 
v -0.00803922 -0.000554057 -0.000255594 
v -0.00803004 -0.000514039 -0.000255594 
v -0.00799133 -0.0003982 -0.000255594 
v -0.00795841 -0.000299684 -0.000255594 
v -0.00793147 -0.000239237 -0.000255594 
v -0.0079841 -0.00037654 -0.000255594 
v -0.00785971 -7.82451e-05 -0.000255594 
v -0.00785866 -7.63866e-05 -0.000255594 
v -0.00791839 -0.000209876 -0.000255594 
v -0.00783884 -4.14139e-05 -0.000255594 
v -0.00776529 8.83979e-05 -0.000255594 
v -0.0077291 0.000152273 -0.000255594 
v -0.00765629 0.000256277 -0.000255594 
v -0.00756129 0.000391995 -0.000255594 
v -0.00752638 0.000432881 -0.000255594 
v -0.00761103 0.000320941 -0.000255594 
v -0.007374 0.000611378 -0.000255594 
v -0.00746511 0.000504659 -0.000255594 
v -0.0073463 0.000643829 -0.000255594 
v -0.00729465 0.000693863 -0.000255594 
v -0.00718901 0.000796191 -0.000255594 
v -0.00707588 0.000905776 -0.000255594 
v -0.00694451 0.00100933 -0.000255594 
v -0.00669157 0.00120869 -0.000255594 
v -0.00667735 0.00121989 -0.000255594 
v -0.00685092 0.00108309 -0.000255594 
v -0.00638746 0.001404 -0.000255594 
v -0.00657014 0.00128798 -0.000255594 
v -0.00603505 0.00160252 -0.000255594 
v -0.00623508 0.00150077 -0.000255594 
v -0.00569126 0.0017774 -0.000255594 
v -0.00562989 0.00180124 -0.000255594 
v -0.00582037 0.00171173 -0.000255594 
v -0.00512085 0.00199889 -0.000255594 
v -0.00496157 0.00206074 -0.000255594 
v -0.0053706 0.00190192 -0.000255594 
v -0.00458416 0.00216515 -0.000255594 
v -0.00485671 0.00208975 -0.000255594 
v -0.00417005 0.00227972 -0.000255594 
v -0.00398132 0.00231272 -0.000255594 
v -0.00427307 0.00225122 -0.000255594 
v -0.00327397 0.00243641 -0.000255594 
v -0.00362726 0.00237463 -0.000255594 
v -0.00331352 0.00242949 -0.000255594 
v -0.00258775 0.00248659 -0.000255594 
v -0.00292691 0.00246179 -0.000255594 
v -0.00226101 0.00251048 -0.000255594 
v -0.0018194 0.00249809 -0.000255594 
v -0.00218211 0.00250827 -0.000255594 
v -0.00128385 0.00248306 -0.000255594 
v -0.00105449 0.00245815 -0.000255594 
v -0.0014105 0.00248661 -0.000255594 
v -0.00038486 0.00236004 -0.000255594 
v -0.000714272 0.0024212 -0.000255594 
v 7.9552e-05 0.00227383 -0.000255594 
v 0.000229271 0.00223189 -0.000255594 
v -3.11637e-05 0.00229438 -0.000255594 
v 0.00075881 0.00208353 -0.000255595 
v 0.000779438 0.00207559 -0.000255595 
v 0.00054775 0.00214266 -0.000255594 
v 0.00130794 0.00187191 -0.000255595 
v 0.00142326 0.00182747 -0.000255595 
v 0.00105896 0.00196786 -0.000255595 
v 0.00150738 0.00178472 -0.000255595 
v 0.00171685 0.00167829 -0.000255595 
v 0.00196393 0.00155274 -0.000255595 
v 0.00207039 0.00148422 -0.000255595 
v 0.00190592 0.00158221 -0.000255595 
v 0.00237108 0.00129071 -0.000255595 
v 0.00239454 0.00127561 -0.000255595 
v 0.00223014 0.00138141 -0.000255595 
v 0.00250688 0.00118594 -0.000255595 
v 0.0026491 0.00107242 -0.000255595 
v 0.00273601 0.00100305 -0.000255595 
v 0.00285774 0.000883599 -0.000255595 
v 0.00300438 0.000739713 -0.000255595 
v 0.00303686 0.000701132 -0.000255595 
v 0.00293873 0.00080413 -0.000255595 
v 0.003186 0.00052399 -0.000255595 
v 0.00318714 0.000522636 -0.000255595 
v 0.00310347 0.000622013 -0.000255595 
v 0.00330854 0.000349446 -0.000255595 
v 0.00324191 0.000444498 -0.000255595 
v 0.00333555 0.000310912 -0.000255595 
v 0.00341035 0.000180869 -0.000255595 
v 0.00345411 0.000104792 -0.000255595 
v 0.00349441 1.73491e-05 -0.000255595 
v 0.00345355 0.000105771 -0.000255595 
v 0.00354621 -9.50173e-05 -0.000255595 
v 0.00356287 -0.000142812 -0.000255595 
v 0.00358905 -0.000217925 -0.000255595 
v 0.00361726 -0.000298866 -0.000255595 
v -0.00813201 -0.00152492 -0.000327633 
v -0.00812588 -0.00152367 -0.000316775 
v -0.00815391 -0.00135272 -0.000316787 
v -0.00817416 -0.00118454 -0.000327632 
v -0.00816011 -0.00135349 -0.000327646 
v -0.00816791 -0.00118427 -0.000316773 
v -0.00816864 -0.00101814 -0.000316775 
v -0.00816295 -0.000854033 -0.000327635 
v -0.00817489 -0.00101792 -0.000327633 
v -0.00813827 -0.000689405 -0.000327635 
v -0.00815673 -0.000854725 -0.000316776 
v -0.00810033 -0.000523079 -0.000327631 
v -0.00813212 -0.000690565 -0.000316777 
v -0.00804819 -0.000354152 -0.000327628 
v -0.00809429 -0.000524698 -0.000316773 
v -0.00798092 -0.000182644 -0.000327626 
v -0.00804229 -0.000356219 -0.00031677 
v -0.00789827 -1.0208e-05 -0.000327628 
v -0.00797518 -0.00018514 -0.000316768 
v -0.00779722 0.000166661 -0.000327634 
v -0.00789272 -1.31124e-05 -0.000316769 
v -0.00766612 0.000361122 -0.000327556 
v -0.0077919 0.000163365 -0.000316776 
v -0.00751797 0.000549334 -0.000327612 
v -0.00766107 0.00035743 -0.000316697 
v -0.00734341 0.000741476 -0.000327592 
v -0.00751319 0.000545298 -0.000316753 
v -0.0071381 0.000937974 -0.000327625 
v -0.00733893 0.000737109 -0.000316733 
v -0.00689519 0.00114007 -0.000327632 
v -0.00713393 0.000933311 -0.000316767 
v -0.00660902 0.00134623 -0.000327627 
v -0.00689135 0.00113513 -0.000316773 
v -0.00623966 0.00157338 -0.000327634 
v -0.00660554 0.00134104 -0.000316768 
v -0.0058509 0.00177537 -0.000327634 
v -0.00623659 0.00156793 -0.000316775 
v -0.00539828 0.0019722 -0.000327623 
v -0.0058482 0.00176972 -0.000316776 
v -0.00487763 0.00215657 -0.000327631 
v -0.00539598 0.00196638 -0.000316765 
v -0.00428945 0.00231908 -0.000327624 
v -0.00487574 0.0021506 -0.000316772 
v -0.00363966 0.00244956 -0.000327622 
v -0.00428799 0.002313 -0.000316765 
v -0.0029336 0.00253873 -0.000327624 
v -0.00363864 0.00244338 -0.000316764 
v -0.00218289 0.00257727 -0.000327624 
v -0.00293304 0.0025325 -0.000316765 
v -0.00218281 0.00257101 -0.000316765 
v -0.00140651 0.00255113 -0.000316773 
v -0.0014061 0.00255737 -0.000327632 
v -0.000663294 0.00247371 -0.000316767 
v -0.0006624 0.0024799 -0.000327625 
v -1.76443e-05 0.00235653 -0.000316771 
v -1.63004e-05 0.00236264 -0.000327629 
v 0.000566451 0.00220581 -0.000316773 
v 0.000568238 0.0022118 -0.000327631 
v 0.00108315 0.00203149 -0.000316764 
v 0.00108537 0.00203734 -0.000327623 
v 0.00153408 0.00184185 -0.000316728 
v 0.00153671 0.00184752 -0.000327587 
v 0.00193619 0.00163651 -0.000316783 
v 0.00193925 0.00164197 -0.000327642 
v 0.00226606 0.00143596 -0.000316768 
v 0.00226951 0.00144119 -0.000327627 
v 0.00254596 0.0012366 -0.000316772 
v 0.00254977 0.00124156 -0.000327631 
v 0.00278337 0.00104 -0.000316743 
v 0.00278753 0.00104467 -0.000327602 
v 0.00298374 0.000847823 -0.000316779 
v 0.00298823 0.000852175 -0.000327638 
v 0.00315121 0.00066194 -0.00031677 
v 0.00315601 0.000665953 -0.000327629 
v 0.00329209 0.000480549 -0.000316771 
v 0.00329717 0.000484203 -0.00032763 
v 0.00340935 0.000304376 -0.000316768 
v 0.00341468 0.000307647 -0.000327627 
v 0.00350613 0.000132939 -0.000316773 
v 0.00351169 0.000135811 -0.000327632 
v 0.00358493 -3.41946e-05 -0.00031679 
v 0.00359069 -3.17373e-05 -0.000327648 
v 0.00364784 -0.000197753 -0.000316771 
v 0.00365376 -0.000195724 -0.00032763 
v -0.00815484 -0.00152962 -0.000410131 
v -0.00818325 -0.00135633 -0.000410143 
v -0.00819745 -0.00118555 -0.00041013 
v -0.00819819 -0.00101711 -0.000410131 
v -0.00818612 -0.000851454 -0.000410132 
v -0.00816118 -0.000685081 -0.000410133 
v -0.00812285 -0.000517045 -0.000410129 
v -0.0080702 -0.000346448 -0.000410126 
v -0.0080023 -0.00017335 -0.000410124 
v -0.00791891 6.14497e-07 -0.000410126 
v -0.00781703 0.000178946 -0.000410132 
v -0.00768494 0.000374886 -0.000410056 
v -0.0075358 0.000564356 -0.00041011 
v -0.0073601 0.000757753 -0.000410091 
v -0.00715365 0.000955343 -0.000410123 
v -0.00690948 0.00115849 -0.000410129 
v -0.00624276 0.00159667 -0.000403483 
v -0.0066208 0.00136373 -0.000409926 
v -0.00585913 0.0017927 -0.000409325 
v -0.00540523 0.00198967 -0.000409113 
v -0.00488399 0.00217652 -0.000409982 
v -0.00429392 0.00233815 -0.000409515 
v -0.00364249 0.00246697 -0.000408386 
v -0.00293527 0.00255641 -0.000408416 
v -0.00219149 0.00259903 -0.000404266 
v -0.00140474 0.00257668 -0.00040944 
v -0.000659739 0.00249793 -0.00040878 
v -1.12947e-05 0.00238541 -0.000410127 
v 0.000573826 0.00223077 -0.000409538 
v 0.00108549 0.00206074 -0.000404366 
v 0.00195064 0.00166231 -0.000410139 
v 0.0015456 0.00186656 -0.000409956 
v 0.00228235 0.00146064 -0.000410125 
v 0.00256398 0.00126004 -0.000410129 
v 0.00280306 0.00106206 -0.000410101 
v 0.0031739 0.000680902 -0.000410127 
v 0.00300498 0.000868391 -0.000410135 
v 0.00331609 0.000497821 -0.000410127 
v 0.00343455 0.000319831 -0.000410124 
v 0.0035324 0.000146511 -0.00041013 
v 0.00361213 -2.25805e-05 -0.000410145 
v 0.00367581 -0.000188161 -0.000410128 
v -0.00811175 -0.00152077 -0.000296414 
v -0.00811911 -0.00152228 -0.000306349 
v -0.00810384 -0.00151914 -0.00028702 
v -0.00808662 -0.00151561 -0.000270019 
v -0.00809544 -0.00151742 -0.00027821 
v -0.00807744 -0.00151373 -0.000262475 
v -0.00812307 -0.00134893 -0.000278223 
v -0.00813959 -0.00135096 -0.000296427 
v -0.00814705 -0.00135188 -0.000306362 
v -0.00813157 -0.00134998 -0.000287033 
v -0.00810482 -0.00134669 -0.000262488 
v -0.00811413 -0.00134783 -0.000270032 
v -0.00813687 -0.00118293 -0.000278209 
v -0.00816101 -0.00118397 -0.000306348 
v -0.00814543 -0.0011833 -0.000287019 
v -0.0081185 -0.00118213 -0.000262473 
v -0.00812787 -0.00118254 -0.000270018 
v -0.00813759 -0.00101921 -0.00027821 
v -0.0081535 -0.00118365 -0.000296413 
v -0.00815422 -0.00101864 -0.000296415 
v -0.00816173 -0.00101838 -0.000306349 
v -0.00814615 -0.00101891 -0.00028702 
v -0.00811922 -0.00101985 -0.000262475 
v -0.00812859 -0.00101952 -0.00027002 
v -0.00813437 -0.000857214 -0.000287022 
v -0.00814986 -0.00085549 -0.000306351 
v -0.00814239 -0.000856321 -0.000296416 
v -0.0081169 -0.000859157 -0.000270021 
v -0.00812585 -0.000858161 -0.000278212 
v -0.00810758 -0.000860194 -0.000262476 
v -0.00811001 -0.000694737 -0.000287022 
v -0.00812533 -0.000691847 -0.000306351 
v -0.00811795 -0.000693241 -0.000296416 
v -0.00809274 -0.000697996 -0.000270021 
v -0.00810159 -0.000696326 -0.000278212 
v -0.00808353 -0.000699735 -0.000262477 
v -0.00807255 -0.00053052 -0.000287018 
v -0.00808761 -0.000526486 -0.000306347 
v -0.00808035 -0.000528432 -0.000296412 
v -0.00805557 -0.000535068 -0.000270017 
v -0.00806427 -0.000532738 -0.000278208 
v -0.00804652 -0.000537494 -0.000262473 
v -0.00802105 -0.00036365 -0.000287015 
v -0.00803576 -0.000358501 -0.000306344 
v -0.00802867 -0.000360984 -0.000296409 
v -0.00800446 -0.000369454 -0.000270014 
v -0.00801296 -0.00036648 -0.000278205 
v -0.00799561 -0.00037255 -0.00026247 
v -0.00795455 -0.000194115 -0.000287013 
v -0.00796885 -0.000187896 -0.000306342 
v -0.00796195 -0.000190895 -0.000296407 
v -0.00793843 -0.000201126 -0.000270012 
v -0.00794669 -0.000197534 -0.000278203 
v -0.00792983 -0.000204868 -0.000262467 
v -0.0078728 -2.35574e-05 -0.000287015 
v -0.0078866 -1.63202e-05 -0.000306344 
v -0.00787995 -1.981e-05 -0.000296409 
v -0.00785723 -3.17162e-05 -0.000270014 
v -0.0078652 -2.75356e-05 -0.000278205 
v -0.00784892 -3.60693e-05 -0.000262469 
v -0.00777277 0.000151514 -0.000287021 
v -0.00778603 0.000159726 -0.000306351 
v -0.00777964 0.000155766 -0.000296416 
v -0.00775783 0.000142258 -0.000270021 
v -0.00776549 0.000147001 -0.000278211 
v -0.00774986 0.000137319 -0.000262476 
v -0.0076429 0.000344154 -0.000286942 
v -0.00765549 0.000353353 -0.000306271 
v -0.00764942 0.000348917 -0.000296336 
v -0.0076287 0.000333786 -0.000269941 
v -0.00763598 0.000339098 -0.000278132 
v -0.00762113 0.000328254 -0.000262396 
v -0.007496 0.000530781 -0.000286999 
v -0.00750791 0.00054084 -0.000306328 
v -0.00750217 0.00053599 -0.000296393 
v -0.00748257 0.000519439 -0.000269998 
v -0.00748945 0.000525251 -0.000278189 
v -0.00747541 0.000513387 -0.000262453 
v -0.00732282 0.000721408 -0.000286979 
v -0.00733398 0.000732287 -0.000306308 
v -0.0073286 0.000727041 -0.000296373 
v -0.00731022 0.000709144 -0.000269978 
v -0.00731668 0.000715428 -0.000278168 
v -0.00730351 0.000702601 -0.000262433 
v -0.00711893 0.000916538 -0.000287012 
v -0.00712932 0.00092816 -0.000306341 
v -0.00712431 0.000922556 -0.000296406 
v -0.00710721 0.000903436 -0.000270011 
v -0.00711322 0.00091015 -0.000278202 
v -0.00710096 0.000896445 -0.000262467 
v -0.00687756 0.00111735 -0.000287019 
v -0.00688712 0.00112967 -0.000306348 
v -0.00688251 0.00112373 -0.000296413 
v -0.00686678 0.00110346 -0.000270018 
v -0.0068723 0.00111058 -0.000278209 
v -0.00686104 0.00109605 -0.000262473 
v -0.00659302 0.00132234 -0.000287014 
v -0.0066017 0.00133529 -0.000306343 
v -0.00659751 0.00132905 -0.000296408 
v -0.00658324 0.00130774 -0.000270013 
v -0.00658825 0.00131522 -0.000278204 
v -0.00657802 0.00129995 -0.000262468 
v -0.00622552 0.00154834 -0.000287021 
v -0.00623319 0.00156192 -0.00030635 
v -0.00622949 0.00155537 -0.000296415 
v -0.00621688 0.00153304 -0.00027002 
v -0.00622131 0.00154088 -0.000278211 
v -0.00621227 0.00152487 -0.000262475 
v -0.00583851 0.00174942 -0.000287021 
v -0.00584523 0.00176349 -0.00030635 
v -0.00584199 0.0017567 -0.000296415 
v -0.00583094 0.00173356 -0.00027002 
v -0.00583482 0.00174168 -0.000278211 
v -0.0058269 0.00172509 -0.000262476 
v -0.00538772 0.00194545 -0.00028701 
v -0.00539344 0.00195995 -0.000306339 
v -0.00539068 0.00195296 -0.000296404 
v -0.00538127 0.0019291 -0.000270009 
v -0.00538457 0.00193748 -0.0002782 
v -0.00537782 0.00192038 -0.000262465 
v -0.00486897 0.00212914 -0.000287018 
v -0.00487366 0.00214401 -0.000306347 
v -0.0048714 0.00213684 -0.000296412 
v -0.00486054 0.00210219 -0.000263767 
v -0.00486639 0.00212097 -0.000278208 
v -0.00428277 0.00229111 -0.000287011 
v -0.00428639 0.00230627 -0.00030634 
v -0.00428464 0.00229896 -0.000296405 
v -0.00427868 0.00227402 -0.00027001 
v -0.00486368 0.00211238 -0.000270017 
v -0.00428077 0.00228277 -0.000278201 
v -0.00427614 0.00226366 -0.000263738 
v -0.003635 0.00242118 -0.000287009 
v -0.00363753 0.00243657 -0.000306338 
v -0.00363631 0.00242915 -0.000296403 
v -0.00363216 0.00240384 -0.000270008 
v -0.00363362 0.00241272 -0.000278199 
v -0.00363064 0.00239458 -0.000262464 
v -0.00293104 0.00251008 -0.000287011 
v -0.00293243 0.00252561 -0.00030634 
v -0.00293176 0.00251813 -0.000296405 
v -0.00292947 0.00249258 -0.00027001 
v -0.00293028 0.00250155 -0.000278201 
v -0.00292864 0.00248324 -0.000262465 
v -0.0021825 0.00254851 -0.000287011 
v -0.00218271 0.0025641 -0.00030634 
v -0.00218261 0.00255658 -0.000296405 
v -0.00218219 0.00252034 -0.000263565 
v -0.00218239 0.00253994 -0.000278201 
v -0.00140853 0.00252013 -0.000278209 
v -0.00140744 0.00253673 -0.000296413 
v -0.00140696 0.00254423 -0.000306348 
v -0.00140797 0.00252868 -0.000287019 
v -0.00140911 0.00251114 -0.000270018 
v -0.00218227 0.00253094 -0.00027001 
v -0.00140973 0.00250033 -0.000263953 
v -0.000667729 0.00244295 -0.000278202 
v -0.000665353 0.00245943 -0.000296406 
v -0.00066428 0.00246687 -0.000306341 
v -0.000666506 0.00245144 -0.000287012 
v -0.000678514 0.00243043 -0.000266847 
v -0.000669015 0.00243404 -0.000270011 
v -2.4319e-05 0.00232618 -0.000278206 
v -2.07436e-05 0.00234244 -0.000296411 
v -1.91287e-05 0.00234978 -0.000306346 
v -2.24778e-05 0.00233455 -0.000287016 
v -2.82685e-05 0.00230823 -0.000262471 
v -2.62538e-05 0.00231739 -0.000270016 
v 0.000557578 0.00217603 -0.000278208 
v 0.000562331 0.00219198 -0.000296412 
v 0.000564478 0.00219919 -0.000306347 
v 0.000560026 0.00218425 -0.000287018 
v 0.000552328 0.00215841 -0.000262473 
v 0.000555006 0.0021674 -0.000270017 
v 0.00107212 0.00200244 -0.0002782 
v 0.00107803 0.002018 -0.000296404 
v 0.00108069 0.00202503 -0.000306339 
v 0.00107516 0.00201045 -0.00028701 
v 0.0010656 0.00198525 -0.000262464 
v 0.00106893 0.00199402 -0.000270009 
v 0.00152099 0.00181367 -0.000278163 
v 0.001528 0.00182876 -0.000296367 
v 0.00153117 0.00183558 -0.000306303 
v 0.0015246 0.00182144 -0.000286973 
v 0.00151324 0.001797 -0.000262428 
v 0.00151719 0.0018055 -0.000269972 
v 0.00192101 0.0016094 -0.000278219 
v 0.00192914 0.00162392 -0.000296423 
v 0.00193281 0.00163048 -0.000306358 
v 0.0019252 0.00161688 -0.000287029 
v 0.00191202 0.00159336 -0.000262483 
v 0.00191661 0.00160154 -0.000270028 
v 0.00224894 0.00141003 -0.000278204 
v 0.00225811 0.00142392 -0.000296408 
v 0.00226225 0.0014302 -0.000306343 
v 0.00225366 0.00141718 -0.000287014 
v 0.00223882 0.00139469 -0.000262468 
v 0.00224398 0.00140252 -0.000270013 
v 0.00252701 0.00121197 -0.000278208 
v 0.00253716 0.00122516 -0.000296412 
v 0.00254174 0.00123112 -0.000306347 
v 0.00253224 0.00121877 -0.000287018 
v 0.0025158 0.0011974 -0.000262472 
v 0.00252152 0.00120484 -0.000270017 
v 0.00276268 0.00101682 -0.000278178 
v 0.00277376 0.00102924 -0.000296383 
v 0.00277877 0.00103485 -0.000306318 
v 0.00276839 0.00102321 -0.000286988 
v 0.00275044 0.0010031 -0.000262443 
v 0.00275668 0.0010101 -0.000269988 
v 0.00296141 0.000826213 -0.000278215 
v 0.00297337 0.000837788 -0.000296419 
v 0.00297877 0.000843017 -0.000306354 
v 0.00296757 0.000832173 -0.000287025 
v 0.0029482 0.000813427 -0.000262479 
v 0.00295494 0.000819949 -0.000270024 
v 0.00312737 0.000642011 -0.000278206 
v 0.00314014 0.000652686 -0.00029641 
v 0.00314591 0.000657507 -0.000306345 
v 0.00313395 0.000647508 -0.000287016 
v 0.00311327 0.000630219 -0.00026247 
v 0.00312046 0.000636234 -0.000270015 
v 0.00326687 0.000462407 -0.000278207 
v 0.00328038 0.000472124 -0.000296411 
v 0.00328648 0.000476514 -0.000306346 
v 0.00327383 0.000467411 -0.000287017 
v 0.00325194 0.000451673 -0.000262471 
v 0.00325956 0.000457149 -0.000270016 
v 0.00338286 0.000288133 -0.000278203 
v 0.00339705 0.000296834 -0.000296408 
v 0.00340345 0.000300764 -0.000306343 
v 0.00339016 0.000292614 -0.000287014 
v 0.00336719 0.000278523 -0.000262468 
v 0.00337518 0.000283425 -0.000270013 
v 0.00347852 0.000118678 -0.000278209 
v 0.00349331 0.000126317 -0.000296413 
v 0.00349999 0.000129767 -0.000306348 
v 0.00348614 0.000122611 -0.000287019 
v 0.00346219 0.00011024 -0.000262473 
v 0.00347052 0.000114544 -0.000270018 
v 0.00355636 -4.63971e-05 -0.000278225 
v 0.00357167 -3.9861e-05 -0.000296429 
v 0.00357858 -3.69085e-05 -0.000306364 
v 0.00356424 -4.30314e-05 -0.000287035 
v 0.00353945 -5.36168e-05 -0.00026249 
v 0.00354808 -4.9934e-05 -0.000270034 
v 0.00361845 -0.00020783 -0.000278207 
v 0.00363419 -0.000202432 -0.000296411 
v 0.00364131 -0.000199994 -0.000306346 
v 0.00362656 -0.00020505 -0.000287017 
v 0.00360106 -0.000213791 -0.000262471 
v 0.00360993 -0.00021075 -0.000270016 
v -0.00814621 -0.00152784 -0.000362161 
v -0.00814948 -0.00152851 -0.000374089 
v -0.00815201 -0.00152903 -0.000386106 
v -0.00815379 -0.0015294 -0.000398143 
v -0.00813746 -0.00152604 -0.000338862 
v -0.0081422 -0.00152702 -0.000350395 
v -0.00817451 -0.00135526 -0.000362173 
v -0.00818038 -0.00135598 -0.000386119 
v -0.00818218 -0.0013562 -0.000398155 
v -0.00817782 -0.00135566 -0.000374101 
v -0.00816564 -0.00135416 -0.000338875 
v -0.00817044 -0.00135476 -0.000350407 
v -0.00819199 -0.00118532 -0.000374087 
v -0.00819638 -0.00118551 -0.000398142 
v -0.00819456 -0.00118543 -0.000386105 
v -0.00818456 -0.001185 -0.000350393 
v -0.00818865 -0.00118517 -0.000362159 
v -0.00817972 -0.00118479 -0.000338861 
v -0.00818939 -0.00101742 -0.000362161 
v -0.0081953 -0.00101721 -0.000386106 
v -0.00819712 -0.00101715 -0.000398143 
v -0.00819272 -0.0010173 -0.000374089 
v -0.00818045 -0.00101773 -0.000338862 
v -0.00818529 -0.00101756 -0.000350395 
v -0.00817736 -0.00085243 -0.000362162 
v -0.00818324 -0.000851775 -0.000386108 
v -0.00818505 -0.000851574 -0.000398145 
v -0.00818068 -0.00085206 -0.00037409 
v -0.00816848 -0.000853418 -0.000338864 
v -0.00817329 -0.000852883 -0.000350396 
v -0.0081558 -0.000686096 -0.000374091 
v -0.00815834 -0.000685618 -0.000386108 
v -0.00816012 -0.000685281 -0.000398145 
v -0.0081485 -0.000687475 -0.000350397 
v -0.00815252 -0.000686716 -0.000362163 
v -0.00814374 -0.000688373 -0.000338864 
v -0.00811756 -0.000518462 -0.000374087 
v -0.00812181 -0.000517324 -0.000398141 
v -0.00812005 -0.000517795 -0.000386105 
v -0.00811038 -0.000520386 -0.000350393 
v -0.00811434 -0.000519326 -0.000362159 
v -0.0081057 -0.000521639 -0.00033886 
v -0.00806503 -0.000348258 -0.000374084 
v -0.00806746 -0.000347406 -0.000386101 
v -0.00806918 -0.000346805 -0.000398138 
v -0.00805801 -0.000350715 -0.00035039 
v -0.00806188 -0.000349361 -0.000362156 
v -0.00805344 -0.000352314 -0.000338857 
v -0.00799728 -0.00017553 -0.000374082 
v -0.00800131 -0.000173778 -0.000398136 
v -0.00799964 -0.000174503 -0.000386099 
v -0.00799046 -0.000178494 -0.000350388 
v -0.00799422 -0.000176861 -0.000362154 
v -0.00798602 -0.000180425 -0.000338855 
v -0.00791407 -1.92603e-06 -0.000374083 
v -0.00791796 1.1497e-07 -0.000398138 
v -0.00791635 -7.29831e-07 -0.000386101 
v -0.00790748 -5.37752e-06 -0.00035039 
v -0.00791111 -3.47587e-06 -0.000362156 
v -0.00790319 -7.62496e-06 -0.000338857 
v -0.00781238 0.000176061 -0.00037409 
v -0.00781457 0.000177419 -0.000386108 
v -0.00781612 0.000178378 -0.000398144 
v -0.00780606 0.000172143 -0.000350396 
v -0.00780955 0.000174301 -0.000362162 
v -0.00780195 0.000169592 -0.000338863 
v -0.00768052 0.000371652 -0.000374013 
v -0.00768407 0.000374249 -0.000398068 
v -0.0076826 0.000373174 -0.000386031 
v -0.00767452 0.000367263 -0.000350318 
v -0.00767783 0.000369681 -0.000362084 
v -0.00767061 0.000364406 -0.000338785 
v -0.00753161 0.000560836 -0.000374068 
v -0.00753358 0.000562495 -0.000386085 
v -0.00753497 0.000563666 -0.000398122 
v -0.00752593 0.000556044 -0.000350374 
v -0.00752906 0.000558685 -0.00036214 
v -0.00752222 0.000552922 -0.000338841 
v -0.00735619 0.000753929 -0.000374048 
v -0.00735934 0.000757 -0.000398103 
v -0.00735803 0.000755729 -0.000386066 
v -0.00735087 0.000748739 -0.000350354 
v -0.0073538 0.000751598 -0.00036212 
v -0.0073474 0.000745359 -0.000338821 
v -0.00714999 0.000951269 -0.000374081 
v -0.00715171 0.000953188 -0.000386099 
v -0.00715293 0.000954543 -0.000398135 
v -0.00714504 0.000945729 -0.000350387 
v -0.00714777 0.000948782 -0.000362153 
v -0.00714181 0.000942121 -0.000338854 
v -0.00690613 0.00115416 -0.000374087 
v -0.00690882 0.00115764 -0.000398142 
v -0.00690771 0.0011562 -0.000386105 
v -0.00690157 0.00114829 -0.000350393 
v -0.00690408 0.00115153 -0.000362159 
v -0.0068986 0.00114447 -0.000338861 
v -0.00661895 0.00136106 -0.000374082 
v -0.0066214 0.00136471 -0.000398137 
v -0.00662038 0.0013632 -0.0003861 
v -0.00661481 0.00135488 -0.000350389 
v -0.00661709 0.00135828 -0.000362155 
v -0.00661212 0.00135086 -0.000338856 
v -0.00624843 0.00158892 -0.000374089 
v -0.0062506 0.00159275 -0.000398144 
v -0.0062497 0.00159116 -0.000386107 
v -0.00624478 0.00158244 -0.000350396 
v -0.00624679 0.00158601 -0.000362162 
v -0.0062424 0.00157823 -0.000338863 
v -0.00585858 0.00179147 -0.00037409 
v -0.00586048 0.00179544 -0.000398144 
v -0.00585969 0.00179379 -0.000386107 
v -0.00585538 0.00178476 -0.000350396 
v -0.00585715 0.00178846 -0.000362162 
v -0.0058533 0.00178039 -0.000338863 
v -0.00540483 0.00198879 -0.000374079 
v -0.00540644 0.00199288 -0.000398133 
v -0.00540577 0.00199119 -0.000386096 
v -0.0054021 0.00198188 -0.000350385 
v -0.0054036 0.00198569 -0.000362151 
v -0.00540032 0.00197737 -0.000338852 
v -0.004883 0.00217358 -0.000374086 
v -0.00488432 0.00217777 -0.000398141 
v -0.00488377 0.00217604 -0.000386104 
v -0.00488076 0.00216649 -0.000350393 
v -0.00488199 0.0021704 -0.000362159 
v -0.0048793 0.00216187 -0.00033886 
v -0.00429359 0.00233643 -0.000374079 
v -0.00429462 0.00234071 -0.000398134 
v -0.00429419 0.00233894 -0.000386097 
v -0.00429187 0.0023292 -0.000350385 
v -0.00429282 0.00233319 -0.000362151 
v -0.00429074 0.00232449 -0.000338853 
v -0.00364254 0.00246716 -0.000374078 
v -0.00364325 0.0024715 -0.000398132 
v -0.00364296 0.00246971 -0.000386096 
v -0.00364134 0.00245983 -0.000350384 
v -0.003642 0.00246387 -0.00036215 
v -0.00364056 0.00245505 -0.000338851 
v -0.00293518 0.0025565 -0.000374079 
v -0.00293541 0.00255906 -0.000386097 
v -0.00293557 0.00256088 -0.000398134 
v -0.00293452 0.00254909 -0.000350386 
v -0.00293489 0.00255317 -0.000362152 
v -0.00293409 0.00254427 -0.000338853 
v -0.00218309 0.00259177 -0.000362152 
v -0.00218317 0.00259768 -0.000386097 
v -0.00218319 0.0025995 -0.000398134 
v -0.00218313 0.0025951 -0.000374079 
v -0.00218297 0.00258283 -0.000338853 
v -0.00218303 0.00258767 -0.000350385 
v -0.00140516 0.00257185 -0.000362159 
v -0.00140477 0.00257775 -0.000386105 
v -0.00140494 0.00257518 -0.000374087 
v -0.00140574 0.00256293 -0.000338861 
v -0.00140542 0.00256776 -0.000350393 
v -0.000660331 0.00249425 -0.000362153 
v -0.00140466 0.00257956 -0.000398142 
v -0.000659488 0.00250011 -0.000386098 
v -0.000659228 0.00250191 -0.000398135 
v -0.000659855 0.00249756 -0.000374081 
v -0.000661606 0.00248541 -0.000338854 
v -0.000660916 0.0024902 -0.000350387 
v -1.31857e-05 0.0023768 -0.000362157 
v -1.19158e-05 0.00238258 -0.000386103 
v -1.15253e-05 0.00238436 -0.00039814 
v -1.24689e-05 0.00238006 -0.000374085 
v -1.51052e-05 0.00236807 -0.000338858 
v -1.40654e-05 0.0023728 -0.000350391 
v 0.00057238 0.0022257 -0.000362159 
v 0.000574069 0.00223137 -0.000386104 
v 0.000574588 0.00223312 -0.000398141 
v 0.000573333 0.0022289 -0.000374087 
v 0.000569827 0.00221714 -0.00033886 
v 0.00057121 0.00222178 -0.000350393 
v 0.00109051 0.0020509 -0.000362151 
v 0.00109261 0.00205643 -0.000386096 
v 0.00109326 0.00205813 -0.000398133 
v 0.0010917 0.00205402 -0.000374079 
v 0.00108734 0.00204254 -0.000338852 
v 0.00108906 0.00204707 -0.000350385 
v 0.00154282 0.00186067 -0.000362115 
v 0.00154531 0.00186604 -0.000386061 
v 0.00154423 0.0018637 -0.000374043 
v 0.00153906 0.00185257 -0.000338816 
v 0.0015411 0.00185696 -0.000350349 
v 0.00194634 0.00165462 -0.000362169 
v 0.00154608 0.00186769 -0.000398098 
v 0.00194923 0.00165978 -0.000386115 
v 0.00195011 0.00166137 -0.000398152 
v 0.00194797 0.00165753 -0.000374097 
v 0.00194197 0.00164682 -0.000338871 
v 0.00194433 0.00165105 -0.000350403 
v 0.0022775 0.00145329 -0.000362155 
v 0.00228076 0.00145822 -0.0003861 
v 0.00228176 0.00145974 -0.000398137 
v 0.00227934 0.00145607 -0.000374082 
v 0.00227257 0.00144583 -0.000338856 
v 0.00227524 0.00144987 -0.000350389 
v 0.00255861 0.00125306 -0.000362159 
v 0.00256222 0.00125774 -0.000386104 
v 0.00256332 0.00125919 -0.000398141 
v 0.00256065 0.0012557 -0.000374086 
v 0.00255316 0.00124597 -0.00033886 
v 0.00255611 0.00124981 -0.000350393 
v 0.00279719 0.00105549 -0.00036213 
v 0.00280234 0.00106126 -0.000398113 
v 0.00280113 0.0010599 -0.000386076 
v 0.00279124 0.00104882 -0.000338831 
v 0.00279446 0.00105243 -0.000350364 
v 0.00279941 0.00105798 -0.000374058 
v 0.00299865 0.000862262 -0.000362165 
v 0.0030029 0.000866377 -0.000386111 
v 0.00300421 0.000867643 -0.000398148 
v 0.00300105 0.000864584 -0.000374093 
v 0.00299223 0.000856045 -0.000338867 
v 0.00299571 0.000859413 -0.000350399 
v 0.00316714 0.000675253 -0.000362157 
v 0.00317168 0.000679046 -0.000386102 
v 0.00317307 0.000680213 -0.000398139 
v 0.0031697 0.000677394 -0.000374085 
v 0.00316028 0.000669521 -0.000338858 
v 0.00316399 0.000672626 -0.000350391 
v 0.00330894 0.000492673 -0.000362157 
v 0.00331374 0.000496128 -0.000386103 
v 0.00331522 0.000497192 -0.00039814 
v 0.00331165 0.000494623 -0.000374085 
v 0.00330169 0.000487452 -0.000338859 
v 0.00330562 0.00049028 -0.000350391 
v 0.00342704 0.000315227 -0.000362154 
v 0.00343209 0.000318318 -0.0003861 
v 0.00342989 0.000316972 -0.000374082 
v 0.00341942 0.000310555 -0.000338856 
v 0.00342355 0.000313086 -0.000350388 
v 0.00352457 0.000142467 -0.000362159 
v 0.00343364 0.000319269 -0.000398137 
v 0.00352983 0.000145182 -0.000386105 
v 0.00353144 0.000146017 -0.000398142 
v 0.00352754 0.000143999 -0.000374087 
v 0.00351663 0.000138365 -0.000338861 
v 0.00352093 0.000140587 -0.000350393 
v 0.00360402 -2.60415e-05 -0.000362175 
v 0.00360946 -2.37181e-05 -0.000386121 
v 0.00361114 -2.30033e-05 -0.000398157 
v 0.00360709 -2.47302e-05 -0.000374103 
v 0.0035958 -2.95519e-05 -0.000338877 
v 0.00360026 -2.76505e-05 -0.000350409 
v 0.00367064 -0.000189937 -0.000374086 
v 0.0036748 -0.00018851 -0.00039814 
v 0.00367308 -0.000189101 -0.000386103 
v 0.0036636 -0.000192349 -0.000350392 
v 0.00366748 -0.00019102 -0.000362158 
v 0.00365902 -0.000193919 -0.000338859 
v -0.00704619 -0.00116839 0.000451442 
v -0.00704904 -0.00114082 0.000451443 
v -0.00704115 -0.00121726 0.000451442 
v -0.00703766 -0.00125105 0.000451442 
v -0.00703758 -0.00125152 0.000451442 
v -0.00703007 -0.00129353 0.000451443 
v -0.00702121 -0.0013282 0.000451443 
v -0.00700121 -0.00140652 0.000451444 
v -0.00701505 -0.00135232 0.000451443 
v -0.00700029 -0.00140904 0.000451444 
v -0.00696975 -0.00149307 0.000451443 
v -0.00699136 -0.00143361 0.000451444 
v -0.00696203 -0.00151433 0.000451443 
v -0.00692968 -0.00158295 0.000451443 
v -0.0069075 -0.00162997 0.000451443 
v -0.00687871 -0.00167904 0.000451443 
v -0.00683509 -0.00175335 0.000451443 
v -0.00681403 -0.00178291 0.000451443 
v -0.00673969 -0.00188723 0.000451443 
v -0.00679082 -0.00181548 0.000451443 
v -0.00673251 -0.00189564 0.000451443 
v -0.00670308 -0.0019301 0.000451443 
v -0.00662946 -0.0020163 0.000451443 
v -0.00661418 -0.00203419 0.000451443 
v -0.00649969 -0.00214495 0.000451444 
v -0.00641982 -0.0022222 0.000451444 
v -0.00634176 -0.00228368 0.000451444 
v -0.00628767 -0.00232628 0.000451444 
v -0.00615914 -0.00242751 0.000451444 
v -0.00612445 -0.00244952 0.000451443 
v -0.0060551 -0.00249352 0.000451443 
v -0.00588099 -0.00260398 0.000451443 
v -0.00581249 -0.00264744 0.000451443 
v -0.00558622 -0.00276055 0.000451444 
v -0.0053622 -0.00287253 0.000451445 
v -0.00548729 -0.00281 0.000451444 
v -0.00523669 -0.00292001 0.000451445 
v -0.00511798 -0.00296493 0.000451444 
v -0.00479235 -0.00308813 0.000451443 
v -0.0047856 -0.00308998 0.000451443 
v -0.00430013 -0.003223 0.000451443 
v -0.00464062 -0.00312971 0.000451443 
v -0.0041371 -0.00326159 0.000451443 
v -0.00420166 -0.00324999 0.000451443 
v -0.00375368 -0.00333048 0.000451443 
v -0.00357171 -0.00336318 0.000451443 
v -0.00349171 -0.00337756 0.000451443 
v -0.00308292 -0.00341208 0.000451443 
v -0.00288927 -0.00342843 0.000451443 
v -0.00267825 -0.00344625 0.000451443 
v -0.00240077 -0.00344268 0.000451443 
v -0.00220224 -0.00344013 0.000451443 
v -0.002042 -0.00343806 0.000451443 
v -0.00180199 -0.00343498 0.000451443 
v -0.00152141 -0.00340257 0.000451443 
v -0.00138336 -0.00338662 0.000451443 
v -0.000895191 -0.00333023 0.000451443 
v -0.000773228 -0.00330343 0.000451443 
v -0.000222773 -0.00318249 0.000451443 
v -0.000343477 -0.00320901 0.000451443 
v 0.000155921 -0.00306831 0.000451443 
v -0.000142935 -0.00316494 0.000451443 
v 0.000258164 -0.00303525 0.000451443 
v 0.000599312 -0.002914 0.000451443 
v 0.000499657 -0.00295717 0.000451443 
v 0.00067705 -0.00288033 0.000451443 
v 0.000890915 -0.00278769 0.000451443 
v 0.00102564 -0.00272934 0.000451443 
v 0.00104128 -0.00272071 0.000451443 
v 0.00121698 -0.00262383 0.000451443 
v 0.0013452 -0.00255314 0.000451443 
v 0.0014425 -0.00249949 0.000451443 
v 0.00160014 -0.00239193 0.000451443 
v 0.00149468 -0.00246389 0.000451443 
v 0.00176774 -0.00227757 0.000451444 
v 0.0018119 -0.00224087 0.000451444 
v 0.00201124 -0.00207518 0.000451444 
v 0.00191447 -0.00215561 0.000451444 
v 0.00201615 -0.0020711 0.000451444 
v 0.00208758 -0.00199927 0.000451444 
v 0.0021506 -0.00193591 0.000451443 
v 0.002204 -0.00188222 0.000451443 
v 0.00226461 -0.00180846 0.000451443 
v 0.00234464 -0.00171108 0.000451443 
v 0.00235883 -0.00169002 0.000451443 
v 0.00239897 -0.00163043 0.000451443 
v 0.00243368 -0.00157889 0.000451443 
v 0.00244823 -0.00155729 0.000451443 
v 0.00249283 -0.00147511 0.000451443 
v 0.00252326 -0.00141906 0.000451443 
v 0.00253984 -0.00138 0.000451443 
v 0.00257751 -0.00129044 0.000451443 
v 0.00257655 -0.0012935 0.000451443 
v 0.0025942 -0.00123738 0.000451443 
v 0.00260468 -0.00120406 0.000451442 
v 0.00261277 -0.00117833 0.000451442 
v 0.00262461 -0.00112208 0.000451443 
v 0.00263526 -0.00107145 0.000451443 
v 0.00263842 -0.00104273 0.000451442 
v 0.00264658 -0.000965099 0.000451442 
v 0.0026465 -0.000969309 0.000451442 
v 0.00264806 -0.000883925 0.000451443 
v 0.00264499 -0.000843047 0.000451443 
v 0.00264032 -0.00078088 0.000451443 
v 0.0026446 -0.000837938 0.000451443 
v 0.00263675 -0.000760706 0.000451443 
v 0.0026232 -0.000683976 0.000451443 
v 0.00263592 -0.000755958 0.000451443 
v 0.0026223 -0.000678872 0.000451443 
v 0.00260848 -0.000630012 0.000451443 
v 0.0026012 -0.000604294 0.000451443 
v 0.00259013 -0.000565163 0.000451443 
v 0.00257285 -0.000520981 0.000451442 
v 0.00254776 -0.000456835 0.000451442 
v 0.00253521 -0.000431737 0.000451442 
v 0.00248703 -0.000336187 0.000451443 
v 0.00248913 -0.00033958 0.000451443 
v 0.00244469 -0.000267712 0.000451443 
v 0.00242385 -0.000233996 0.000451443 
v 0.00234404 -0.000123593 0.000451443 
v 0.00237114 -0.000159818 0.000451443 
v 0.00241062 -0.00021259 0.000451443 
v 0.00230783 -7.5189e-05 0.000451443 
v 0.00224425 -5.23311e-06 0.000451443 
v 0.00214728 0.000101462 0.000451443 
v 0.00212133 0.00012474 0.000451443 
v 0.00202002 0.000215638 0.000451443 
v 0.00196834 0.000261997 0.000451444 
v 0.00184421 0.000358893 0.000451444 
v 0.00193032 0.000296114 0.000451444 
v 0.00175475 0.000424111 0.000451443 
v 0.00164294 0.000505631 0.000451443 
v 0.0015197 0.000577623 0.000451443 
v 0.00126182 0.000728263 0.000451443 
v 0.00138597 0.000655742 0.000451443 
v 0.00123595 0.000740038 0.000451443 
v 0.00107262 0.000814375 0.000451443 
v 0.000893385 0.000895946 0.000451444 
v 0.000771124 0.000951589 0.000451444 
v 0.000442518 0.00106278 0.000451443 
v 0.000703946 0.000974321 0.000451444 
v 0.000283093 0.00111673 0.000451443 
v 0.000167947 0.00115569 0.000451443 
v -3.15501e-05 0.00120287 0.000451443 
v -0.000214921 0.00124624 0.000451443 
v -0.000467295 0.00130593 0.000451443 
v -0.000568989 0.00132043 0.000451443 
v -0.000773546 0.00134959 0.000451443 
v -0.00116255 0.00140505 0.000451443 
v -0.00144681 0.00142342 0.000451443 
v -0.00121489 0.00141252 0.000451443 
v -0.001844 0.00144208 0.000451443 
v -0.00205951 0.00145221 0.000451443 
v -0.00253006 0.00142723 0.000451443 
v -0.00212877 0.00144854 0.000451443 
v -0.00273204 0.00141651 0.000451443 
v -0.00297151 0.00140379 0.000451443 
v -0.00317592 0.00137112 0.000451443 
v -0.0033633 0.00134116 0.000451443 
v -0.00376981 0.00127618 0.000451443 
v -0.00386599 0.00126081 0.000451443 
v -0.00430002 0.00114498 0.000451443 
v -0.00393858 0.00124144 0.000451443 
v -0.00444975 0.00110502 0.000451443 
v -0.00456887 0.00107323 0.000451443 
v -0.00476683 0.00100018 0.000451443 
v -0.00489741 0.000951992 0.000451443 
v -0.00511698 0.00087097 0.000451443 
v -0.00520219 0.00083029 0.000451443 
v -0.00532176 0.00077321 0.000451443 
v -0.00554473 0.000666767 0.000451443 
v -0.00583302 0.000500621 0.000451443 
v -0.00560062 0.000640087 0.000451443 
v -0.00597949 0.000412722 0.000451443 
v -0.00591765 0.000449833 0.000451443 
v -0.00607517 0.00034213 0.000451443 
v -0.00627574 0.000194157 0.000451443 
v -0.00614235 0.000292572 0.000451443 
v -0.0062769 0.000193112 0.000451443 
v -0.00633405 0.00014178 0.000451444 
v -0.00645876 2.97704e-05 0.000451445 
v -0.00650323 -1.01643e-05 0.000451445 
v -0.00659093 -0.000105627 0.000451445 
v -0.00666978 -0.000191453 0.000451445 
v -0.00659521 -0.000110292 0.000451445 
v -0.00669803 -0.000228762 0.000451445 
v -0.0067865 -0.000345559 0.000451445 
v -0.00670078 -0.000232387 0.000451445 
v -0.00685466 -0.000453922 0.000451444 
v -0.00679352 -0.000354832 0.000451445 
v -0.0068848 -0.000502771 0.000451443 
v -0.00691051 -0.000555058 0.000451443 
v -0.00695 -0.000635369 0.000451443 
v -0.00695516 -0.000649069 0.000451443 
v -0.0069887 -0.000738 0.000451443 
v -0.00698759 -0.000735057 0.000451443 
v -0.00701269 -0.000819681 0.000451443 
v -0.0070133 -0.000821936 0.000451443 
v -0.0069955 -0.000756031 0.000451443 
v -0.00702563 -0.000867565 0.000451443 
v -0.00703144 -0.000902263 0.000451443 
v -0.00704318 -0.00097225 0.000451443 
v -0.00704379 -0.000981274 0.000451443 
v -0.00704895 -0.00105684 0.000451443 
v -0.00704912 -0.00105942 0.000451443 
v -0.00705004 -0.0010729 0.000451443 
v -0.00697811 -0.00128315 0.000476451 
v -0.00696404 -0.00128033 0.00048004 
v 0.00255663 -0.000693788 0.00048004 
v -0.00701782 -0.00129108 0.000458914 
v 0.00261012 -0.00068164 0.000458914 
v -0.00694047 -0.00127562 0.000484073 
v -0.00695947 -0.00127942 0.000481203 
v -0.00693554 -0.00127463 0.00048432 
v -0.00692128 -0.00127178 0.000485033 
v -0.0069348 -0.00118161 0.000485033 
v -0.00693151 -0.00120357 0.000485033 
v -0.00693715 -0.00113065 0.000485033 
v -0.00693926 -0.00108511 0.000485033 
v -0.00693385 -0.000992762 0.000485033 
v -0.00691898 -0.000899367 0.000485033 
v -0.00690558 -0.000847855 0.000485033 
v -0.0068935 -0.000801402 0.000485033 
v -0.00685587 -0.000697605 0.000485033 
v -0.0068032 -0.000585291 0.000485033 
v -0.00679248 -0.000565179 0.000485033 
v -0.00676131 -0.000513804 0.000485033 
v -0.00671057 -0.000430194 0.000485033 
v -0.00660669 -0.000289481 0.000485033 
v -0.00651302 -0.000185107 0.000485033 
v -0.0064408 -0.000104646 0.000485033 
v -0.00638815 -5.67853e-05 0.000485033 
v -0.00626212 5.77834e-05 0.000485033 
v -0.00621647 9.92782e-05 0.000485033 
v -0.00607589 0.000203222 0.000485033 
v -0.00591203 0.000324371 0.000485033 
v -0.00585759 0.000356634 0.000485033 
v -0.00550935 0.000563046 0.000485033 
v -0.00559263 0.000513688 0.000485033 
v -0.00527448 0.000671925 0.000485033 
v -0.00499723 0.000800445 0.000485033 
v -0.00485867 0.000849475 0.000485033 
v -0.0044468 0.000995212 0.000485033 
v -0.00391373 0.00113184 0.000485033 
v -0.00378955 0.00116367 0.000485033 
v -0.00334707 0.00123463 0.000485033 
v -0.00302359 0.0012865 0.000485033 
v -0.0027233 0.00130477 0.000485033 
v -0.00212979 0.0013409 0.000485033 
v -0.00145442 0.0013123 0.000485033 
v -0.00123536 0.00130303 0.000485033 
v -0.000790222 0.00123906 0.000485033 
v -0.000461492 0.00119183 0.000485033 
v -0.000239572 0.00113767 0.000485033 
v 0.000209429 0.00102808 0.000485033 
v 0.000663546 0.000868727 0.000485033 
v 0.000790087 0.000824322 0.000485033 
v 0.00102584 0.000714664 0.000485033 
v 0.00123015 0.000619632 0.000485033 
v 0.0013322 0.000559711 0.000485033 
v 0.00158035 0.000414012 0.000485033 
v 0.00179926 0.000258392 0.000485033 
v 0.00201064 7.91952e-05 0.000485033 
v 0.00194731 0.000132883 0.000485033 
v 0.0020842 3.75231e-06 0.000485033 
v 0.00216954 -8.37832e-05 0.000485033 
v 0.00228721 -0.000229959 0.000485033 
v 0.00237377 -0.000361413 0.000485033 
v 0.00240461 -0.000419747 0.000485033 
v 0.0024361 -0.000479304 0.000485033 
v 0.00247997 -0.000586061 0.000485033 
v 0.00252829 -0.000700226 0.00048432 
v 0.0025332 -0.000699112 0.000484073 
v 0.0025521 -0.000694819 0.000481203 
v 0.00250206 -0.000659335 0.000485033 
v 0.00250949 -0.000684014 0.000485033 
v -0.00701358 -0.00129024 0.000461499 
v -0.0069962 -0.00128676 0.000469862 
v -0.00699177 -0.00128588 0.000471475 
v 0.00258862 -0.000686522 0.000469862 
v 0.0026059 -0.000682597 0.000461499 
v 0.00258422 -0.000687522 0.000471475 
v 0.00257063 -0.000690609 0.000476451 
v 0.00251411 -0.000703446 0.000485033 
v -0.00697564 -0.00120908 0.000480212 
v -0.00698984 -0.00121085 0.000476451 
v -0.00698205 -0.00113259 0.000480212 
v -0.00699666 -0.00105862 0.000476451 
v -0.00699634 -0.00113321 0.000476451 
v -0.00699131 -0.000985068 0.000476451 
v -0.00698236 -0.00105912 0.000480212 
v -0.00698018 -0.000910142 0.000476451 
v -0.00697709 -0.000986638 0.000480212 
v -0.00696279 -0.000832805 0.000476451 
v -0.00696611 -0.000912765 0.000480212 
v -0.0069383 -0.000751862 0.000476451 
v -0.00694895 -0.000836447 0.000480212 
v -0.00690599 -0.00066723 0.000476451 
v -0.00692476 -0.000756488 0.000480212 
v -0.00686407 -0.000576924 0.000476451 
v -0.0068928 -0.000672793 0.000480212 
v -0.00681268 -0.000483357 0.000476451 
v -0.0068513 -0.000583385 0.000480212 
v -0.0067451 -0.000377901 0.000476452 
v -0.00680037 -0.00049065 0.000480212 
v -0.00666077 -0.00026429 0.000476452 
v -0.00673331 -0.000386021 0.000480213 
v -0.00655816 -0.000144023 0.000476451 
v -0.00664957 -0.000273202 0.000480213 
v -0.00643014 -1.28768e-05 0.000476452 
v -0.00654758 -0.000153659 0.000480212 
v -0.00630144 0.000103593 0.000476451 
v -0.00642024 -2.32075e-05 0.000480212 
v -0.00611332 0.00025357 0.000476451 
v -0.00629213 9.27229e-05 0.000480212 
v -0.00589045 0.000407798 0.000476451 
v -0.00610478 0.000242087 0.000480212 
v -0.00562264 0.00056769 0.000476451 
v -0.00588269 0.00039577 0.000480212 
v -0.005302 0.000730828 0.000476451 
v -0.00561571 0.000555168 0.000480212 
v -0.00488082 0.000908313 0.000476451 
v -0.00529593 0.000717864 0.000480212 
v -0.00443575 0.00105914 0.000476451 
v -0.00487576 0.000894929 0.000480212 
v -0.00392769 0.00119287 0.000476451 
v -0.00443162 0.00104544 0.000480212 
v -0.00335721 0.00130069 0.000476451 
v -0.00392453 0.00117891 0.000480212 
v -0.00272842 0.00137286 0.000476451 
v -0.00335506 0.00128654 0.000480212 
v -0.00212846 0.00139887 0.000476451 
v -0.00272731 0.00135859 0.000480212 
v -0.00212833 0.00138456 0.000480212 
v -0.00145105 0.00136448 0.000480212 
v -0.00145007 0.00137876 0.000476451 
v -0.000782387 0.00129144 0.000480212 
v -0.000780253 0.00130559 0.000476451 
v -0.000228196 0.00118734 0.000480212 
v -0.000225035 0.00120129 0.000476451 
v 0.000265048 0.00105693 0.000480212 
v 0.000269216 0.00107062 0.000476451 
v 0.000680918 0.000914524 0.000480212 
v 0.000686034 0.000927889 0.000476451 
v 0.00104678 0.000759404 0.000480212 
v 0.00105285 0.000772363 0.000476452 
v 0.00135554 0.000601228 0.000480212 
v 0.00136254 0.000613715 0.000476451 
v 0.00161135 0.000445858 0.000480212 
v 0.00161923 0.000457805 0.000476451 
v 0.00180576 0.000308388 0.000480212 
v 0.00181441 0.000319785 0.000476451 
v 0.00197794 0.000167776 0.000480212 
v 0.0019874 0.00017852 0.000476452 
v 0.00211723 3.62219e-05 0.000480212 
v 0.00212743 4.62562e-05 0.000476451 
v 0.00222927 -8.60415e-05 0.000480212 
v 0.00224017 -7.67695e-05 0.000476451 
v 0.0023183 -0.000198532 0.000480212 
v 0.00232985 -0.00019007 0.000476451 
v 0.00238907 -0.0003026 0.000480212 
v 0.00240119 -0.000294999 0.000476451 
v 0.00244459 -0.000398561 0.000480212 
v 0.00245724 -0.00039186 0.000476451 
v 0.00248764 -0.000487266 0.000480212 
v 0.00250073 -0.000481501 0.000476451 
v 0.0025206 -0.000570072 0.000480212 
v 0.00253409 -0.000565274 0.000476451 
v 0.00254504 -0.000647473 0.000480212 
v 0.00255884 -0.000643673 0.000476451 
v -0.00703011 -0.00121586 0.000459071 
v -0.00703689 -0.00113495 0.000459072 
v -0.00703722 -0.00105722 0.000459072 
v -0.00703165 -0.000980614 0.000459072 
v -0.00702008 -0.000902704 0.000459072 
v -0.00700203 -0.000822477 0.000459072 
v -0.0069767 -0.000738745 0.000459072 
v -0.00694338 -0.000651455 0.000459072 
v -0.00690029 -0.000558599 0.000459072 
v -0.0068476 -0.000462676 0.000459072 
v -0.00677852 -0.000354872 0.000459074 
v -0.00669252 -0.000239017 0.000459074 
v -0.00658817 -0.000116696 0.000459072 
v -0.00645822 1.64207e-05 0.000459073 
v -0.00632784 0.00013442 0.000459072 
v -0.00613754 0.000286134 0.000459072 
v -0.00591244 0.00044191 0.000459072 
v -0.00564228 0.000603202 0.000459072 
v -0.00531919 0.000767592 0.000459072 
v -0.00489519 0.000946269 0.000459072 
v -0.00393632 0.00123123 0.000457896 
v -0.00444709 0.00109645 0.000457507 
v -0.0033626 0.00133632 0.000456392 
v -0.00273147 0.00141034 0.000456662 
v -0.00212875 0.0014382 0.000457898 
v -0.00144728 0.00141925 0.000459072 
v -0.000774199 0.00134573 0.000459072 
v -0.000216069 0.00124087 0.000459072 
v 0.000700175 0.000964636 0.000457933 
v 0.000280499 0.00110798 0.000457547 
v 0.00107007 0.000809113 0.000459073 
v 0.00138237 0.000649125 0.000459072 
v 0.00164157 0.000491685 0.000459072 
v 0.00183896 0.000352105 0.000459072 
v 0.00201421 0.000208987 0.000459073 
v 0.00215637 7.47127e-05 0.000459072 
v 0.00227108 -5.04744e-05 0.000459072 
v 0.00236258 -0.000166075 0.000459072 
v 0.00243558 -0.00027344 0.000459072 
v 0.0024931 -0.000372855 0.000459071 
v 0.00253788 -0.000465153 0.000459071 
v 0.00257232 -0.000551668 0.000459072 
v 0.00259796 -0.000632897 0.000459072 
v -0.00694676 -0.00120549 0.000484503 
v -0.00696124 -0.00120729 0.000482899 
v -0.00695298 -0.00113134 0.000484503 
v -0.00696755 -0.00113196 0.000482899 
v -0.00696786 -0.00105962 0.000482899 
v -0.00696267 -0.000988231 0.000482899 
v -0.00695328 -0.00106012 0.000484503 
v -0.00694817 -0.000989832 0.000484503 
v -0.00695185 -0.000915424 0.000482899 
v -0.00693751 -0.000918098 0.000484503 
v -0.00693491 -0.000840139 0.000482899 
v -0.00692081 -0.000843851 0.000484503 
v -0.00691102 -0.000761177 0.000482899 
v -0.00687944 -0.000678433 0.000482899 
v -0.00689722 -0.000765892 0.000484503 
v -0.00686599 -0.000684104 0.000484503 
v -0.00683836 -0.000589937 0.000482899 
v -0.00682534 -0.000596523 0.000484503 
v -0.00678788 -0.000498044 0.000482899 
v -0.00677533 -0.000505478 0.000484503 
v -0.00672137 -0.000394254 0.000482899 
v -0.00663822 -0.000282237 0.000482899 
v -0.00670936 -0.000402532 0.000484503 
v -0.0066268 -0.000291321 0.000484503 
v -0.00653685 -0.000163429 0.000482899 
v -0.00652607 -0.000173251 0.000484503 
v -0.0064102 -3.36818e-05 0.000482899 
v -0.0064001 -4.42129e-05 0.000484503 
v -0.0062827 8.17017e-05 0.000482899 
v -0.00609612 0.000230445 0.000482899 
v -0.00627321 7.06207e-05 0.000484503 
v -0.00608741 0.000218739 0.000484503 
v -0.00587483 0.000383574 0.000482899 
v -0.00586693 0.000371312 0.000484503 
v -0.00560868 0.000542472 0.000482899 
v -0.00560162 0.000529707 0.000484503 
v -0.00528979 0.000704721 0.000482899 
v -0.00528361 0.000691506 0.000484503 
v -0.00487062 0.000881359 0.000482899 
v -0.00486546 0.000867716 0.000484503 
v -0.00442743 0.00103155 0.000482899 
v -0.00392132 0.00116476 0.000482899 
v -0.00442322 0.00101758 0.000484503 
v -0.0039181 0.00115053 0.000484503 
v -0.00335287 0.0012722 0.000482899 
v -0.00335067 0.00125778 0.000484503 
v -0.00272619 0.00134413 0.000482899 
v -0.00272506 0.00132958 0.000484503 
v -0.0021282 0.00137005 0.000482899 
v -0.00212806 0.00135546 0.000484503 
v -0.00145305 0.00133545 0.000484503 
v -0.00145205 0.00135001 0.000482899 
v -0.000786727 0.00126267 0.000484503 
v -0.000784551 0.0012771 0.000482899 
v -0.000234624 0.00115896 0.000484503 
v -0.000231402 0.00117318 0.000482899 
v 0.000256575 0.0010291 0.000484503 
v 0.000260823 0.00104305 0.000482899 
v 0.000670515 0.000887349 0.000484503 
v 0.000675731 0.000900973 0.000482899 
v 0.00103444 0.000733055 0.000484503 
v 0.00104063 0.000746266 0.000482899 
v 0.00134133 0.00057584 0.000484503 
v 0.00134845 0.000588569 0.000482899 
v 0.00159533 0.000421567 0.000484503 
v 0.00160336 0.000433745 0.000482899 
v 0.00178816 0.000285215 0.000484503 
v 0.00179698 0.000296833 0.000482899 
v 0.00195872 0.000145932 0.000484503 
v 0.00196836 0.000156884 0.000482899 
v 0.00209648 1.58194e-05 0.000484503 
v 0.00210688 2.60483e-05 0.000482899 
v 0.0022071 -0.000104894 0.000484503 
v 0.00221822 -9.54425e-05 0.000482899 
v 0.00229484 -0.000215736 0.000484503 
v 0.0023066 -0.00020711 0.000482899 
v 0.00236441 -0.000318057 0.000484503 
v 0.00237677 -0.000310308 0.000482899 
v 0.00241888 -0.000412187 0.000484503 
v 0.00243177 -0.000405355 0.000482899 
v 0.002461 -0.000498986 0.000484503 
v 0.00247436 -0.00049311 0.000482899 
v 0.00249319 -0.000579827 0.000484503 
v 0.00250693 -0.000574936 0.000482899 
v 0.00251699 -0.000655199 0.000484503 
v 0.00253105 -0.000651326 0.000482899 
v -0.00701718 -0.00121425 0.000465829 
v -0.00700372 -0.00121258 0.000471642 
v -0.00701032 -0.00113381 0.000471642 
v -0.00702387 -0.00113439 0.000465829 
v -0.0070242 -0.00105767 0.000465829 
v -0.00701065 -0.00105814 0.000471642 
v -0.0070187 -0.000982044 0.000465829 
v -0.00700522 -0.000983532 0.000471642 
v -0.00700727 -0.000905092 0.000465829 
v -0.00699394 -0.000907577 0.000471642 
v -0.00698944 -0.000825792 0.000465829 
v -0.00697632 -0.000829244 0.000471642 
v -0.00696438 -0.000742956 0.000465829 
v -0.00695154 -0.00074734 0.000471642 
v -0.00693138 -0.000656519 0.00046583 
v -0.00691888 -0.000661791 0.000471643 
v -0.00688866 -0.000564482 0.00046583 
v -0.00687656 -0.000570606 0.000471642 
v -0.00683639 -0.000469315 0.00046583 
v -0.00682472 -0.000476226 0.000471642 
v -0.00676779 -0.000362265 0.000465831 
v -0.00675662 -0.000369961 0.000471643 
v -0.00668233 -0.00024713 0.000465831 
v -0.00667172 -0.000255576 0.000471644 
v -0.00657853 -0.000125468 0.00046583 
v -0.00656851 -0.0001346 0.000471643 
v -0.00644921 7.01603e-06 0.000465831 
v -0.00643982 -2.77505e-06 0.000471643 
v -0.00631936 0.000124525 0.00046583 
v -0.00631054 0.000114222 0.000471642 
v -0.00612976 0.000275681 0.00046583 
v -0.00612167 0.000264798 0.000471643 
v -0.00590538 0.00043096 0.00046583 
v -0.00589803 0.00041956 0.000471642 
v -0.00563598 0.000591803 0.00046583 
v -0.00562941 0.000579935 0.000471642 
v -0.00531367 0.00075579 0.000465829 
v -0.00530792 0.000743504 0.000471642 
v -0.00489058 0.000934085 0.00046583 
v -0.00488578 0.000921401 0.000471643 
v -0.0044437 0.00108552 0.000465829 
v -0.00443979 0.00107254 0.000471642 
v -0.00393378 0.00121974 0.00046583 
v -0.00393078 0.00120651 0.000471642 
v -0.00336137 0.00132793 0.000465829 
v -0.00335933 0.00131452 0.000471642 
v -0.00273056 0.00140034 0.000465829 
v -0.0027295 0.00138681 0.000471642 
v -0.00212872 0.00142642 0.000465829 
v -0.00212859 0.00141286 0.000471642 
v -0.0014491 0.00139272 0.000471642 
v -0.00144817 0.00140625 0.000465829 
v -0.000778165 0.00131943 0.000471642 
v -0.000776142 0.00133284 0.00046583 
v -0.000221944 0.00121494 0.000471642 
v -0.000218947 0.00122817 0.000465829 
v 0.00027329 0.00108401 0.000471642 
v 0.00027724 0.00109699 0.000465829 
v 0.000691037 0.000940957 0.000471643 
v 0.000695887 0.000953624 0.00046583 
v 0.00105879 0.000785034 0.000471643 
v 0.00106454 0.000797316 0.000465831 
v 0.00136937 0.000625924 0.000471642 
v 0.001376 0.000637758 0.000465829 
v 0.00162693 0.000469487 0.000471643 
v 0.0016344 0.00048081 0.00046583 
v 0.00182288 0.000330929 0.000471643 
v 0.00183108 0.00034173 0.00046583 
v 0.00199664 0.000189025 0.000471643 
v 0.0020056 0.000199207 0.00046583 
v 0.00213741 5.60679e-05 0.000471642 
v 0.00214708 6.5578e-05 0.000465829 
v 0.00225083 -6.7703e-05 0.000471642 
v 0.00226116 -5.89153e-05 0.000465829 
v 0.00234113 -0.000181797 0.000471642 
v 0.00235207 -0.000173778 0.00046583 
v 0.00241305 -0.000287565 0.000471642 
v 0.00242454 -0.000280361 0.00046583 
v 0.0024696 -0.000385307 0.000471642 
v 0.00248159 -0.000378956 0.000465829 
v 0.00251354 -0.000475864 0.000471642 
v 0.00252596 -0.000470401 0.000465829 
v 0.00254727 -0.000560583 0.000471642 
v 0.00256005 -0.000556035 0.000465829 
v 0.00257233 -0.000639957 0.000471642 
v 0.0025854 -0.000636356 0.000465829 
v 0.00253026 -0.00079481 0.000485033 
v 0.00252632 -0.000772508 0.000485033 
v 0.00253392 -0.000845648 0.000485033 
v 0.00253726 -0.000892035 0.000485033 
v 0.00253404 -0.000986165 0.000485033 
v 0.0025212 -0.00107993 0.000485033 
v 0.00250954 -0.00112907 0.000485033 
v 0.00249848 -0.00117564 0.000485033 
v 0.0024639 -0.00127773 0.000485033 
v 0.00241443 -0.00138905 0.000485033 
v 0.00239191 -0.00143242 0.000485033 
v 0.00231238 -0.00156428 0.000485033 
v 0.00222849 -0.00167691 0.000485033 
v 0.00218951 -0.00172925 0.000485033 
v 0.00213021 -0.00179391 0.000485033 
v 0.00201843 -0.0019158 0.000485033 
v 0.00182213 -0.00209308 0.000485033 
v 0.00165885 -0.00221449 0.000485033 
v 0.00151917 -0.00231835 0.000485033 
v 0.00143443 -0.00236887 0.000485033 
v 0.00116535 -0.0025293 0.000485033 
v 0.00111883 -0.00255703 0.000485033 
v 0.000843645 -0.00268547 0.000485033 
v 0.000610362 -0.00279436 0.000485033 
v 0.000559152 -0.00281264 0.000485033 
v 6.49091e-05 -0.00298906 0.000485033 
v 0.000123879 -0.00296801 0.000485033 
v -0.000596223 -0.00316028 0.000485033 
v -0.000369879 -0.00310166 0.000485033 
v -0.000924368 -0.0032137 0.000485033 
v -0.00135564 -0.0032839 0.000485033 
v -0.00153119 -0.00329505 0.000485033 
v -0.00224894 -0.00334066 0.000485033 
v -0.00315277 -0.00330432 0.000485033 
v -0.00288272 -0.00331518 0.000485033 
v -0.00355519 -0.00324717 0.000485033 
v -0.00392806 -0.00319422 0.000485033 
v -0.00411229 -0.00314956 0.000485033 
v -0.00460197 -0.00303086 0.000485033 
v -0.00507855 -0.00286233 0.000485033 
v -0.00522649 -0.00281001 0.000485033 
v -0.00543981 -0.00270908 0.000485033 
v -0.0056587 -0.0026055 0.000485033 
v -0.00574357 -0.00255491 0.000485033 
v -0.00600312 -0.0024002 0.000485033 
v -0.00620224 -0.00225755 0.000485033 
v -0.00641408 -0.00207773 0.000485033 
v -0.00651249 -0.00197665 0.000485033 
v -0.00657226 -0.00191526 0.000485033 
v -0.00661715 -0.00185941 0.000485033 
v -0.00668996 -0.00176883 0.000485033 
v -0.00677618 -0.00163768 0.000485033 
v -0.00683836 -0.00151988 0.000485033 
v -0.00685614 -0.00147651 0.000485033 
v -0.00688217 -0.00141302 0.000485033 
v -0.00690872 -0.00132485 0.000485033 
v -0.00691133 -0.00131616 0.000485033 
v 0.0025703 -0.000765843 0.000480212 
v 0.00258445 -0.000763706 0.000476451 
v 0.00257877 -0.00084252 0.000480212 
v 0.00259304 -0.000841525 0.000476451 
v 0.00258101 -0.000917146 0.000480212 
v 0.00259172 -0.000991861 0.000476451 
v 0.00259532 -0.000917284 0.000476451 
v 0.00258234 -0.00106682 0.000476451 
v 0.00257746 -0.000990623 0.000480212 
v 0.00256704 -0.00114282 0.000476451 
v 0.00256821 -0.00106451 0.000480212 
v 0.00254508 -0.00122183 0.000476451 
v 0.00255312 -0.00113949 0.000480212 
v 0.00251531 -0.00130538 0.000476451 
v 0.00253143 -0.00121752 0.000480212 
v 0.00247617 -0.00139472 0.000476451 
v 0.00250201 -0.00130011 0.000480212 
v 0.00242073 -0.00149968 0.000476451 
v 0.00246327 -0.00138853 0.000480212 
v 0.0023568 -0.00160213 0.000476451 
v 0.00240833 -0.00149253 0.000480212 
v 0.0022761 -0.00171375 0.000476451 
v 0.00234492 -0.00159415 0.000480212 
v 0.00217567 -0.00183443 0.000476451 
v 0.00226479 -0.00170499 0.000480212 
v 0.00205255 -0.00196354 0.000476452 
v 0.00216498 -0.00182492 0.000480212 
v 0.00188266 -0.002118 0.000476451 
v 0.00204253 -0.00195333 0.000480212 
v 0.00169603 -0.00226498 0.000476451 
v 0.00187343 -0.00210706 0.000480212 
v 0.00146761 -0.00242122 0.000476451 
v 0.00168755 -0.00225345 0.000480212 
v 0.00119431 -0.00258221 0.000476451 
v 0.00145993 -0.00240915 0.000480212 
v 0.000870843 -0.00274442 0.000476451 
v 0.00118746 -0.00256965 0.000480212 
v 0.000581347 -0.00286857 0.000476451 
v 0.000864854 -0.00273142 0.000480212 
v 0.000142302 -0.00302551 0.000476451 
v 0.000576051 -0.00285528 0.000480212 
v -0.000354424 -0.00316473 0.000476451 
v 0.000137954 -0.00301187 0.000480212 
v -0.000913295 -0.00327956 0.000476451 
v -0.000357808 -0.00315083 0.000480212 
v -0.00152525 -0.00336005 0.000476451 
v -0.000915678 -0.00326545 0.000480212 
v -0.00220301 -0.00339795 0.000476451 
v -0.0015266 -0.0033458 0.000480212 
v -0.00220325 -0.00338364 0.000480212 
v -0.00288579 -0.0033687 0.000480212 
v -0.00288666 -0.00338299 0.000476451 
v -0.00356273 -0.00329979 0.000480212 
v -0.00356476 -0.00331396 0.000476451 
v -0.00412318 -0.00319859 0.000480212 
v -0.00412625 -0.00321257 0.000476451 
v -0.00462284 -0.0030702 0.000480212 
v -0.00462691 -0.00308392 0.000476451 
v -0.00509645 -0.00290927 0.000480212 
v -0.0051016 -0.00292262 0.000476451 
v -0.00546084 -0.00275366 0.000480212 
v -0.00546695 -0.0027666 0.000476452 
v -0.00576679 -0.00259598 0.000480212 
v -0.00577382 -0.00260844 0.000476451 
v -0.00602031 -0.00244118 0.000480212 
v -0.00602822 -0.0024531 0.000476451 
v -0.00624873 -0.00227666 0.000480212 
v -0.00625756 -0.00228792 0.000476451 
v -0.00641322 -0.0021379 0.000480212 
v -0.00642285 -0.00214849 0.000476451 
v -0.00654592 -0.00200853 0.000480212 
v -0.00655628 -0.0020184 0.000476451 
v -0.00665248 -0.00188847 0.000480212 
v -0.00666353 -0.00189757 0.000476451 
v -0.00673738 -0.00177761 0.000480212 
v -0.00674905 -0.00178588 0.000476451 
v -0.00680441 -0.00167554 0.000480212 
v -0.00681665 -0.00168295 0.000476451 
v -0.00685691 -0.00158136 0.000480212 
v -0.00686966 -0.00158786 0.000476451 
v -0.0068976 -0.00149396 0.000480212 
v -0.00691079 -0.00149952 0.000476451 
v -0.00692855 -0.00141243 0.000480212 
v -0.00694211 -0.001417 0.000476451 
v -0.00695136 -0.00133587 0.000480212 
v -0.00696522 -0.00133945 0.000476451 
v 0.00262458 -0.000757646 0.000459072 
v 0.00263353 -0.000838703 0.000459072 
v 0.0026359 -0.000917674 0.000459071 
v 0.00263215 -0.00099537 0.000459071 
v 0.00262239 -0.00107336 0.000459072 
v 0.00260651 -0.00115226 0.000459071 
v 0.00258377 -0.00123408 0.000459072 
v 0.00255305 -0.00132032 0.000459072 
v 0.00251276 -0.00141228 0.000459072 
v 0.00245588 -0.00151996 0.000459072 
v 0.0023905 -0.00162474 0.000459072 
v 0.00230818 -0.00173861 0.000459072 
v 0.00220599 -0.00186142 0.000459072 
v 0.00208099 -0.0019925 0.000459073 
v 0.00190885 -0.00214901 0.000459072 
v 0.00172009 -0.00229767 0.000459072 
v 0.00148941 -0.00245546 0.000459072 
v 0.00121374 -0.00261784 0.000459072 
v 0.000887224 -0.00277981 0.000457453 
v 0.000595817 -0.00290507 0.000457731 
v 0.000154634 -0.00306417 0.000459072 
v -0.000345265 -0.00320193 0.000457007 
v -0.00090271 -0.00331697 0.000459197 
v -0.00152187 -0.00339695 0.000456524 
v -0.00220231 -0.00343853 0.000459072 
v -0.00288914 -0.0034235 0.000459072 
v -0.00413494 -0.00325221 0.000459072 
v -0.00357053 -0.00335413 0.000459072 
v -0.00463846 -0.00312283 0.000459072 
v -0.00511621 -0.00296049 0.000459072 
v -0.00548426 -0.00280331 0.000459073 
v -0.00579373 -0.00264381 0.000459072 
v -0.00605063 -0.00248694 0.000459072 
v -0.00628262 -0.00231984 0.000459073 
v -0.00645014 -0.00217853 0.000459073 
v -0.00658567 -0.00204639 0.000459072 
v -0.00669486 -0.00192337 0.000459072 
v -0.00678217 -0.00180935 0.000459072 
v -0.00685138 -0.00170396 0.000459072 
v -0.00690582 -0.00160629 0.000459072 
v -0.00694819 -0.00151527 0.000459072 
v -0.00698056 -0.00142998 0.000459073 
v -0.00700451 -0.0013496 0.000459072 
v 0.00254153 -0.000770189 0.000484503 
v 0.00255596 -0.00076801 0.000482899 
v 0.00254974 -0.000844543 0.000484503 
v 0.00256429 -0.000843528 0.000482899 
v 0.00255191 -0.000916866 0.000484503 
v 0.0025665 -0.000917007 0.000482899 
v 0.002563 -0.000989368 0.000482899 
v 0.00254847 -0.000988106 0.000484503 
v 0.00255389 -0.00106217 0.000482899 
v 0.0025395 -0.00105982 0.000484503 
v 0.00253901 -0.00113611 0.000482899 
v 0.00252482 -0.00113272 0.000484503 
v 0.0025176 -0.00121314 0.000482899 
v 0.00248852 -0.00129477 0.000482899 
v 0.00250369 -0.00120874 0.000484503 
v 0.00247495 -0.0012894 0.000484503 
v 0.00245019 -0.00138226 0.000482899 
v 0.00243703 -0.00137595 0.000484503 
v 0.00239576 -0.00148529 0.000482899 
v 0.00233287 -0.00158607 0.000482899 
v 0.00238312 -0.001478 0.000484503 
v 0.00232076 -0.00157794 0.000484503 
v 0.00225332 -0.0016961 0.000482899 
v 0.00224179 -0.00168716 0.000484503 
v 0.00215414 -0.00181527 0.000482899 
v 0.00214325 -0.00180557 0.000484503 
v 0.00203236 -0.00194298 0.000482899 
v 0.00186407 -0.00209598 0.000482899 
v 0.00202214 -0.00193257 0.000484503 
v 0.00185466 -0.00208483 0.000484503 
v 0.00167895 -0.00224177 0.000482899 
v 0.0016703 -0.00223002 0.000484503 
v 0.00145214 -0.00239691 0.000482899 
v 0.0014443 -0.00238461 0.000484503 
v 0.00118051 -0.00255691 0.000482899 
v 0.000858782 -0.00271824 0.000482899 
v 0.00117353 -0.0025441 0.000484503 
v 0.000852678 -0.00270499 0.000484503 
v 0.000570681 -0.0028418 0.000482899 
v 0.000565283 -0.00282824 0.000484503 
v 0.000133545 -0.00299805 0.000482899 
v 0.000129112 -0.00298415 0.000484503 
v -0.00036124 -0.00313673 0.000482899 
v -0.00036469 -0.00312255 0.000484503 
v -0.000918095 -0.00325114 0.000482899 
v -0.000920526 -0.00323676 0.000484503 
v -0.00152797 -0.00333136 0.000482899 
v -0.00152935 -0.00331684 0.000484503 
v -0.0022035 -0.00336913 0.000482899 
v -0.00220375 -0.00335455 0.000484503 
v -0.00288401 -0.00333966 0.000484503 
v -0.0028849 -0.00335422 0.000482899 
v -0.00355859 -0.00327099 0.000484503 
v -0.00356067 -0.00328543 0.000482899 
v -0.00411695 -0.00317016 0.000484503 
v -0.00412008 -0.00318441 0.000482899 
v -0.00461456 -0.0030423 0.000484503 
v -0.00461871 -0.00305629 0.000482899 
v -0.00508598 -0.00288212 0.000484503 
v -0.00509123 -0.00289573 0.000482899 
v -0.00544843 -0.00272734 0.000484503 
v -0.00545465 -0.00274054 0.000482899 
v -0.00575251 -0.00257062 0.000484503 
v -0.00575967 -0.00258333 0.000482899 
v -0.00600424 -0.00241692 0.000484503 
v -0.0060123 -0.00242908 0.000482899 
v -0.00623076 -0.00225377 0.000484503 
v -0.00623977 -0.00226525 0.000482899 
v -0.00639366 -0.00211637 0.000484503 
v -0.00640347 -0.00212716 0.000482899 
v -0.00652485 -0.00198846 0.000484503 
v -0.00653541 -0.00199852 0.000482899 
v -0.00663002 -0.00186997 0.000484503 
v -0.00664128 -0.00187925 0.000482899 
v -0.00671364 -0.00176078 0.000484503 
v -0.00672554 -0.00176922 0.000482899 
v -0.00677951 -0.00166048 0.000484503 
v -0.006792 -0.00166803 0.000482899 
v -0.00683099 -0.00156814 0.000484503 
v -0.00684398 -0.00157477 0.000482899 
v -0.00687079 -0.00148266 0.000484503 
v -0.00688423 -0.00148833 0.000482899 
v -0.00690098 -0.00140312 0.000484503 
v -0.0069148 -0.00140779 0.000482899 
v -0.00692319 -0.0013286 0.000484503 
v -0.00693731 -0.00133225 0.000482899 
v 0.00259829 -0.000761617 0.000471642 
v 0.0026117 -0.000759591 0.000465829 
v 0.002607 -0.000840552 0.000471642 
v 0.00262053 -0.000839609 0.000465829 
v 0.00260931 -0.000917418 0.000471642 
v 0.00262287 -0.000917549 0.000465829 
v 0.00261917 -0.000994244 0.000465829 
v 0.00260566 -0.000993071 0.000471642 
v 0.00260953 -0.00107126 0.000465829 
v 0.00259615 -0.00106907 0.000471642 
v 0.00259384 -0.00114923 0.000465829 
v 0.00258065 -0.00114607 0.000471642 
v 0.00257135 -0.00123015 0.000465829 
v 0.00255842 -0.00122606 0.000471642 
v 0.00254093 -0.00131552 0.00046583 
v 0.00252832 -0.00131053 0.000471643 
v 0.00250102 -0.00140664 0.000465829 
v 0.00248879 -0.00140078 0.000471642 
v 0.0024446 -0.00151345 0.00046583 
v 0.00243285 -0.00150667 0.000471642 
v 0.00237968 -0.00161748 0.00046583 
v 0.00236842 -0.00160993 0.000471642 
v 0.00229788 -0.00173063 0.000465829 
v 0.00228716 -0.00172233 0.000471642 
v 0.00219625 -0.00185275 0.000465829 
v 0.00218612 -0.00184374 0.000471642 
v 0.00207186 -0.0019832 0.00046583 
v 0.00206236 -0.00197353 0.000471643 
v 0.00190044 -0.00213905 0.00046583 
v 0.00189169 -0.00212869 0.000471643 
v 0.00171236 -0.00228717 0.00046583 
v 0.00170433 -0.00227625 0.000471643 
v 0.00148241 -0.00244447 0.00046583 
v 0.00147513 -0.00243303 0.000471643 
v 0.00120751 -0.0026064 0.000465829 
v 0.00120101 -0.0025945 0.000471642 
v 0.000882374 -0.00276945 0.000465829 
v 0.000876698 -0.00275713 0.000471642 
v 0.000591546 -0.00289417 0.00046583 
v 0.000586526 -0.00288157 0.000471642 
v 0.000150676 -0.00305176 0.00046583 
v 0.000146554 -0.00303884 0.000471643 
v -0.000347907 -0.00319151 0.00046583 
v -0.000351115 -0.00317833 0.000471643 
v -0.000908704 -0.00330673 0.000465829 
v -0.000910964 -0.00329336 0.000471642 
v -0.00152264 -0.00338748 0.000465829 
v -0.00152392 -0.00337398 0.000471642 
v -0.00220253 -0.0034255 0.000465829 
v -0.00220277 -0.00341194 0.000471642 
v -0.00288752 -0.00339696 0.000471642 
v -0.00288834 -0.00341049 0.000465829 
v -0.00356675 -0.00332781 0.000471642 
v -0.00356868 -0.00334123 0.000465829 
v -0.00412924 -0.00322623 0.000471642 
v -0.00413215 -0.00323948 0.00046583 
v -0.0046309 -0.00309733 0.000471642 
v -0.00463475 -0.00311034 0.000465829 
v -0.00510664 -0.00293568 0.000471643 
v -0.00511152 -0.00294833 0.00046583 
v -0.00547292 -0.00277926 0.000471643 
v -0.0054787 -0.00279153 0.00046583 
v -0.00578068 -0.00262064 0.000471642 
v -0.00578734 -0.00263246 0.000465829 
v -0.00603595 -0.00246477 0.000471643 
v -0.00604344 -0.00247608 0.00046583 
v -0.0062662 -0.00229893 0.000471643 
v -0.00627458 -0.0023096 0.00046583 
v -0.00643226 -0.00215885 0.000471643 
v -0.00644138 -0.00216889 0.00046583 
v -0.00656641 -0.00202805 0.000471642 
v -0.00657623 -0.00203741 0.000465829 
v -0.00667433 -0.00190646 0.000471642 
v -0.0066848 -0.00191508 0.000465829 
v -0.00676047 -0.00179397 0.000471642 
v -0.00677154 -0.00180181 0.000465829 
v -0.00682863 -0.0016902 0.000471642 
v -0.00684023 -0.00169722 0.000465829 
v -0.00688213 -0.00159421 0.000471642 
v -0.00689421 -0.00160038 0.000465829 
v -0.00692369 -0.00150495 0.000471642 
v -0.00693619 -0.00151021 0.000465829 
v -0.00695537 -0.00142148 0.000471643 
v -0.00696822 -0.00142582 0.00046583 
v -0.00697877 -0.00134295 0.000471643 
v -0.0069919 -0.00134634 0.00046583 
v -0.00295563 0.00063124 0.000485033 
v -0.00286719 0.000672158 0.000485033 
v -0.00321107 0.00048984 0.000485033 
v -0.00312757 0.000540081 0.000485033 
v -0.00277484 0.000703274 0.000485033 
v -0.00268249 0.00073439 0.000485033 
v -0.00304407 0.000590322 0.000485033 
v -0.00336623 0.000371892 0.000485033 
v -0.00328865 0.000430866 0.000485033 
v -0.00378893 -0.000158101 0.000485033 
v -0.00374328 -7.20031e-05 0.000485033 
v -0.00387064 -0.000334728 0.000485033 
v -0.00383457 -0.0002442 0.000485033 
v -0.00393278 -0.000519155 0.000485033 
v -0.00390671 -0.000425257 0.000485033 
v -0.00397462 -0.000709219 0.000485033 
v -0.00395885 -0.000613053 0.000485033 
v -0.00399566 -0.000902693 0.000485033 
v -0.00399039 -0.000805386 0.000485033 
v -0.00400094 -0.001 0.000485033 
v -0.00397462 -0.00129078 0.000485033 
v -0.00277484 -0.00270327 0.000485033 
v -0.00258732 0.000755339 0.000485033 
v -0.00399039 -0.00119461 0.000485033 
v -0.00268249 -0.00273439 0.000485033 
v -0.00249215 -0.00277629 0.000485033 
v -0.00258732 -0.00275534 0.000485033 
v -0.00239527 -0.00278682 0.000485033 
v -0.00239527 0.000786824 0.000485033 
v -0.00399566 -0.00109731 0.000485033 
v -0.00395885 -0.00138695 0.000485033 
v -0.00393278 -0.00148084 0.000485033 
v -0.00387064 -0.00166527 0.000485033 
v -0.00295563 -0.00263124 0.000485033 
v -0.00304407 -0.00259032 0.000485033 
v -0.00229839 -0.00279736 0.000485033 
v -0.00162704 -0.00270327 0.000485033 
v -0.00171939 -0.00273439 0.000485033 
v -0.000406214 -0.000902693 0.000485033 
v -0.000400938 -0.001 0.000485033 
v -0.00041149 -0.000805386 0.000485033 
v -0.000713283 8.65527e-06 0.000485033 
v -0.000894146 0.000237859 0.000485033 
v -0.000964894 0.000304875 0.000485033 
v -0.00249215 0.000776288 0.000485033 
v -0.00343698 0.000304875 0.000485033 
v -0.00363391 8.93136e-05 0.000485033 
v -0.00357082 0.000163586 0.000485033 
v -0.00368859 8.65527e-06 0.000485033 
v -0.00390671 -0.00157474 0.000485033 
v -0.00350773 -0.00223786 0.000485033 
v -0.00286719 -0.00267216 0.000485033 
v -0.00190973 -0.00277629 0.000485033 
v -0.00181456 -0.00275534 0.000485033 
v -0.00153469 -0.00267216 0.000485033 
v -0.0013578 -0.00259032 0.000485033 
v -0.00144625 -0.00263124 0.000485033 
v -0.0011908 -0.00248984 0.000485033 
v -0.0012743 -0.00254008 0.000485033 
v -0.000713283 -0.00200866 0.000485033 
v -0.00076797 -0.00208931 0.000485033 
v -0.000531232 -0.00166527 0.000485033 
v -0.000567302 -0.0017558 0.000485033 
v -0.000469092 -0.00148084 0.000485033 
v -0.000495162 -0.00157474 0.000485033 
v -0.000427255 -0.00129078 0.000485033 
v -0.000443021 -0.00138695 0.000485033 
v -0.000469092 -0.000519155 0.000485033 
v -0.000531232 -0.000334728 0.000485033 
v -0.000567302 -0.0002442 0.000485033 
v -0.000612949 -0.000158101 0.000485033 
v -0.00076797 8.93136e-05 0.000485033 
v -0.000831058 0.000163586 0.000485033 
v -0.00103564 0.000371892 0.000485033 
v -0.00111322 0.000430866 0.000485033 
v -0.00153469 0.000672158 0.000485033 
v -0.00190973 0.000776288 0.000485033 
v -0.00350773 0.000237859 0.000485033 
v -0.00383457 -0.0017558 0.000485033 
v -0.00378893 -0.0018419 0.000485033 
v -0.00368859 -0.00200866 0.000485033 
v -0.00357082 -0.00216359 0.000485033 
v -0.00336623 -0.00237189 0.000485033 
v -0.00343698 -0.00230488 0.000485033 
v -0.00328865 -0.00243087 0.000485033 
v -0.00210349 -0.00279736 0.000485033 
v -0.00220094 -0.00279736 0.000485033 
v -0.00200661 -0.00278682 0.000485033 
v -0.000831058 -0.00216359 0.000485033 
v -0.000894146 -0.00223786 0.000485033 
v -0.000658595 -0.001928 0.000485033 
v -0.00041149 -0.00119461 0.000485033 
v -0.000406214 -0.00109731 0.000485033 
v -0.000427255 -0.000709219 0.000485033 
v -0.000495162 -0.000425257 0.000485033 
v -0.000443021 -0.000613053 0.000485033 
v -0.000658595 -7.20031e-05 0.000485033 
v -0.0011908 0.00048984 0.000485033 
v -0.00144625 0.00063124 0.000485033 
v -0.0013578 0.000590322 0.000485033 
v -0.00171939 0.00073439 0.000485033 
v -0.00162704 0.000703274 0.000485033 
v -0.00181456 0.000755339 0.000485033 
v -0.00229839 0.00079736 0.000485033 
v -0.00220094 0.00079736 0.000485033 
v -0.00374328 -0.001928 0.000485033 
v -0.00363391 -0.00208931 0.000485033 
v -0.00321107 -0.00248984 0.000485033 
v -0.00312757 -0.00254008 0.000485033 
v -0.000964894 -0.00230488 0.000485033 
v -0.0012743 0.000540081 0.000485033 
v -0.00103564 -0.00237189 0.000485033 
v -0.00111322 -0.00243087 0.000485033 
v -0.000612949 -0.0018419 0.000485033 
v -0.00210349 0.00079736 0.000485033 
v -0.00200661 0.000786824 0.000485033 
v -0.00220094 -0.0004 0.00128503 
v -0.00213607 -0.000403517 0.00128503 
v -0.00207196 -0.000414028 0.00128503 
v -0.00200936 -0.000431408 0.00128503 
v -0.001949 -0.000455455 0.00128503 
v -0.00189161 -0.000485886 0.00128503 
v -0.00183783 -0.000522344 0.00128503 
v -0.00178832 -0.000564403 0.00128503 
v -0.00174364 -0.000611568 0.00128503 
v -0.00170432 -0.000663288 0.00128503 
v -0.00167083 -0.000718955 0.00128503 
v -0.00164355 -0.000777917 0.00128503 
v -0.00162281 -0.000839483 0.00128503 
v -0.00160884 -0.000902931 0.00128503 
v -0.00160182 -0.000967517 0.00128503 
v -0.00160094 -0.001 0.00128503 
v -0.00160182 -0.00103248 0.00128503 
v -0.00160884 -0.00109707 0.00128503 
v -0.00162281 -0.00116052 0.00128503 
v -0.00164355 -0.00122208 0.00128503 
v -0.00167083 -0.00128105 0.00128503 
v -0.00170432 -0.00133671 0.00128503 
v -0.00174364 -0.00138843 0.00128503 
v -0.00178832 -0.0014356 0.00128503 
v -0.00183783 -0.00147766 0.00128503 
v -0.00189161 -0.00151411 0.00128503 
v -0.001949 -0.00154455 0.00128503 
v -0.00200936 -0.00156859 0.00128503 
v -0.00207196 -0.00158597 0.00128503 
v -0.00213607 -0.00159648 0.00128503 
v -0.00220094 -0.0016 0.00128503 
v -0.00226581 -0.00159648 0.00128503 
v -0.00232992 -0.00158597 0.00128503 
v -0.00239252 -0.00156859 0.00128503 
v -0.00245287 -0.00154455 0.00128503 
v -0.00251027 -0.00151411 0.00128503 
v -0.00256404 -0.00147766 0.00128503 
v -0.00261356 -0.0014356 0.00128503 
v -0.00265824 -0.00138843 0.00128503 
v -0.00269755 -0.00133671 0.00128503 
v -0.00273105 -0.00128105 0.00128503 
v -0.00275832 -0.00122208 0.00128503 
v -0.00277907 -0.00116052 0.00128503 
v -0.00279303 -0.00109707 0.00128503 
v -0.00280006 -0.00103248 0.00128503 
v -0.00280094 -0.001 0.00128503 
v -0.00280006 -0.000967517 0.00128503 
v -0.00279303 -0.000902931 0.00128503 
v -0.00277907 -0.000839483 0.00128503 
v -0.00275832 -0.000777917 0.00128503 
v -0.00273105 -0.000718955 0.00128503 
v -0.00269755 -0.000663288 0.00128503 
v -0.00265824 -0.000611568 0.00128503 
v -0.00261356 -0.000564403 0.00128503 
v -0.00256404 -0.000522344 0.00128503 
v -0.00251027 -0.000485886 0.00128503 
v -0.00245287 -0.000455455 0.00128503 
v -0.00239252 -0.000431408 0.00128503 
v -0.00232992 -0.000414028 0.00128503 
v -0.00226581 -0.000403517 0.00128503 
v -0.00220094 -0.0016 0.00183394 
v -0.00223346 -0.00159912 0.00183441 
v -0.00226581 -0.00159648 0.00183599 
v -0.00229795 -0.0015921 0.00183869 
v -0.00232985 -0.00158563 0.00184272 
v -0.00234247 -0.00158307 0.00184432 
v -0.00239252 -0.00156859 0.00185339 
v -0.00242321 -0.00155731 0.00186048 
v -0.00245287 -0.00154455 0.00186852 
v -0.00248207 -0.00153006 0.00187765 
v -0.00251027 -0.00151411 0.00188771 
v -0.00253766 -0.0014966 0.00189875 
v -0.00256404 -0.00147766 0.00191071 
v -0.00258955 -0.00145714 0.00192366 
v -0.00261356 -0.0014356 0.00193725 
v -0.00265824 -0.00138843 0.00196701 
v -0.00269755 -0.00133671 0.00199961 
v -0.00273105 -0.00128105 0.00203466 
v -0.00275832 -0.00122208 0.00207174 
v -0.00277907 -0.00116052 0.00211041 
v -0.00279303 -0.00109707 0.00215019 
v -0.00280006 -0.00103248 0.00219063 
v -0.00280006 -0.000967517 0.00223124 
v -0.00279303 -0.000902931 0.00227154 
v -0.00277907 -0.000839483 0.00231106 
v -0.00275832 -0.000777917 0.00234936 
v -0.00273105 -0.000718955 0.00238598 
v -0.00269755 -0.000663288 0.00242051 
v -0.00265824 -0.000611568 0.00245256 
v -0.00261356 -0.000564403 0.00248176 
v -0.00258954 -0.00054285 0.0024951 
v -0.00256404 -0.000522344 0.00250779 
v -0.00253769 -0.000503416 0.0025195 
v -0.00251027 -0.000485886 0.00253035 
v -0.00248211 -0.000469963 0.00254021 
v -0.00245287 -0.000455455 0.0025492 
v -0.00242317 -0.000442672 0.00255713 
v -0.00239252 -0.000431408 0.00256413 
v -0.00234247 -0.000416933 0.00257315 
v -0.00232992 -0.000414028 0.00257497 
v -0.00229813 -0.000407924 0.0025788 
v -0.00226581 -0.000403517 0.0025816 
v -0.00223333 -0.000400875 0.00258331 
v -0.00216841 -0.000400882 0.0025835 
v -0.00213607 -0.000403517 0.00258199 
v -0.00220094 -0.0004 0.00258395 
v -0.00210392 -0.000407896 0.0025794 
v -0.00207196 -0.000414028 0.00257574 
v -0.00204021 -0.000421929 0.00257099 
v -0.00200936 -0.000431408 0.00256528 
v -0.00197872 -0.000442666 0.00255847 
v -0.001949 -0.000455455 0.00255071 
v -0.00191985 -0.000469914 0.00254193 
v -0.00189161 -0.000485886 0.0025322 
v -0.00186408 -0.000503487 0.00252147 
v -0.00183783 -0.000522344 0.00250996 
v -0.00181236 -0.000542823 0.00249744 
v -0.00178832 -0.000564403 0.00248422 
v -0.00174364 -0.000611568 0.00245529 
v -0.00170432 -0.000663288 0.00242347 
v -0.00167083 -0.000718955 0.00238914 
v -0.00164355 -0.000777917 0.00235268 
v -0.00162281 -0.000839483 0.00231451 
v -0.00160884 -0.000902931 0.00227506 
v -0.00160182 -0.000967517 0.0022348 
v -0.00160182 -0.00103248 0.00219419 
v -0.00160884 -0.00109707 0.00215371 
v -0.00162281 -0.00116052 0.00211384 
v -0.00164355 -0.00122208 0.00207505 
v -0.00167083 -0.00128105 0.0020378 
v -0.00170432 -0.00133671 0.00200255 
v -0.00174364 -0.00138843 0.00196971 
v -0.00178832 -0.0014356 0.00193969 
v -0.00181233 -0.00145715 0.00192595 
v -0.00183783 -0.00147766 0.00191286 
v -0.00186418 -0.00149658 0.00190076 
v -0.00189161 -0.00151411 0.00188953 
v -0.00191975 -0.00153003 0.00187933 
v -0.001949 -0.00154455 0.00187001 
v -0.00197871 -0.00155733 0.00186178 
v -0.00200936 -0.00156859 0.00185452 
v -0.00204038 -0.00157812 0.00184836 
v -0.00207196 -0.00158597 0.00184326 
v -0.00210374 -0.00159207 0.00183928 
v -0.00213607 -0.00159648 0.00183638 
v -0.00216855 -0.00159913 0.0018346 
v -0.00234247 1.11673e-16 0.00283373 
v 0.00252452 1.11673e-16 0.00308641 
v 0.00262807 -0.0016 0.00209178 
v -0.00234247 -0.0016 0.00183373 
v -0.00731302 -0.0016 0.00209178 
v -0.00720947 1.11673e-16 0.00308641 
v -0.0113425 -0.0016 0.00268503 
v -0.0103425 1.11716e-16 0.00351959 
v 0.00565753 2.4848e-16 0.00351959 
v 0.00665753 -0.0016 0.00268503 
v 0.00565753 -3.58535e-16 0.012885 
v -0.0103425 -3.82357e-16 0.012885 
v 0.00665753 -0.0016 0.013885 
v -0.0113425 -0.0016 0.013885 
v -0.0113425 -0.0018 0.013885 
v -0.0113425 -0.0018 0.00268503 
v 0.00665753 -0.0018 0.013885 
v 0.00665753 -0.0018 0.00268503 
v 0.00625758 -0.00180458 0.0134851 
v -0.0109429 -0.00181177 0.0134855 
v -0.0109425 -0.0018 0.013485 
v 0.00625753 -0.0018 0.013485 
v 0.00625847 -0.00181944 0.013486 
v -0.0109453 -0.00183321 0.0134879 
v -0.0109447 -0.00182999 0.0134873 
v 0.00625801 -0.00181177 0.0134855 
v -0.0109431 -0.00181538 0.0134856 
v 0.00626035 -0.00183322 0.0134879 
v 0.00626054 -0.00183458 0.0134881 
v -0.0109501 -0.00185425 0.0134927 
v -0.0109475 -0.00184455 0.0134901 
v 0.00626389 -0.00185003 0.0134914 
v 0.00626874 -0.00186602 0.0134962 
v -0.010957 -0.00187471 0.0134995 
v -0.0109567 -0.00187403 0.0134992 
v 0.00626517 -0.00185425 0.0134927 
v -0.0109514 -0.00185916 0.013494 
v 0.00627446 -0.00188054 0.013502 
v -0.0109662 -0.0018942 0.0135088 
v -0.0109632 -0.00188871 0.0135058 
v 0.00627214 -0.00187467 0.0134997 
v 0.00628263 -0.001897 0.0135101 
v -0.0109774 -0.00191263 0.01352 
v -0.0109715 -0.00190382 0.0135141 
v 0.00628125 -0.00189423 0.0135088 
v -0.0109905 -0.00192978 0.0135331 
v 0.00629299 -0.0019137 0.0135205 
v 0.0063045 -0.00192878 0.013532 
v -0.0109815 -0.00191872 0.0135241 
v 0.00629238 -0.00191271 0.0135199 
v 0.00631824 -0.00194353 0.0135458 
v -0.0110054 -0.00194541 0.0135479 
v -0.0109937 -0.00193363 0.0135362 
v 0.0063055 -0.00192984 0.013533 
v 0.00633465 -0.0019578 0.0135622 
v -0.0110219 -0.00195932 0.0135644 
v -0.0110081 -0.00194811 0.0135506 
v 0.00632042 -0.00194542 0.0135479 
v 0.00635475 -0.00197147 0.0135823 
v -0.0110398 -0.00197134 0.0135823 
v -0.0110252 -0.00196201 0.0135678 
v 0.0063369 -0.00195933 0.0135644 
v 0.00635595 -0.00197229 0.0135835 
v -0.0110589 -0.00198127 0.0136015 
v -0.0110446 -0.00197443 0.0135872 
v 0.00637818 -0.00198359 0.0136057 
v -0.0110789 -0.00198921 0.0136215 
v -0.0110678 -0.00198555 0.0136104 
v 0.0063739 -0.00198141 0.0136014 
v 0.00639398 -0.00198924 0.0136215 
v 0.00640246 -0.00199227 0.01363 
v -0.0110997 -0.001995 0.0136422 
v -0.0110921 -0.00199355 0.0136347 
v 0.00643133 -0.00199828 0.0136588 
v -0.0111209 -0.00199866 0.0136635 
v -0.0111178 -0.00199847 0.0136603 
v 0.00641477 -0.00199483 0.0136423 
v 0.00643599 -0.00199858 0.0136635 
v -0.0111209 -0.00199866 0.0136635 
v -0.0111425 -0.002 0.013685 
v 0.00643598 -0.00199858 0.0136635 
v 0.00645752 -0.002 0.013685 
v -0.0113424 -0.00180458 0.013885 
v -0.011342 -0.00181177 0.0138845 
v 0.00665526 -0.00182999 0.0138828 
v 0.00665693 -0.00181537 0.0138844 
v -0.0113415 -0.00181944 0.0138841 
v -0.0113396 -0.00183322 0.0138822 
v 0.00665465 -0.00183321 0.0138822 
v 0.0066525 -0.00184455 0.01388 
v -0.0113361 -0.00185004 0.0138787 
v -0.0113348 -0.00185425 0.0138774 
v -0.0113395 -0.00183458 0.013882 
v 0.00664989 -0.00185425 0.0138774 
v 0.00664332 -0.00187403 0.0138708 
v 0.00664858 -0.00185916 0.0138761 
v -0.0113313 -0.00186603 0.0138738 
v -0.0113279 -0.00187467 0.0138704 
v 0.00664302 -0.00187471 0.0138705 
v -0.0113255 -0.00188054 0.0138681 
v -0.0113188 -0.00189423 0.0138613 
v 0.00663376 -0.0018942 0.0138613 
v 0.00663678 -0.00188871 0.0138643 
v -0.0113174 -0.00189701 0.0138599 
v -0.0113076 -0.00191271 0.0138502 
v 0.00662256 -0.00191263 0.0138501 
v 0.00662847 -0.00190382 0.013856 
v 0.00661848 -0.00191872 0.013846 
v -0.0112955 -0.00192878 0.013838 
v -0.0112945 -0.00192984 0.0138371 
v -0.011307 -0.0019137 0.0138496 
v 0.00660947 -0.00192978 0.013837 
v 0.00660633 -0.00193363 0.0138338 
v -0.0112818 -0.00194353 0.0138243 
v -0.0112796 -0.00194542 0.0138221 
v 0.00659461 -0.00194541 0.0138221 
v 0.00659193 -0.00194811 0.0138194 
v -0.0112653 -0.0019578 0.0138079 
v -0.0112631 -0.00195933 0.0138057 
v 0.00657812 -0.00195932 0.0138056 
v -0.0112452 -0.00197147 0.0137878 
v 0.00656021 -0.00197134 0.0137877 
v 0.0065748 -0.00196201 0.0138023 
v -0.011244 -0.00197229 0.0137866 
v -0.0112261 -0.00198141 0.0137687 
v 0.00654109 -0.00198127 0.0137686 
v 0.00655537 -0.00197443 0.0137829 
v -0.0112218 -0.00198359 0.0137644 
v -0.011206 -0.00198924 0.0137486 
v 0.00652107 -0.00198921 0.0137486 
v 0.00653217 -0.00198555 0.0137597 
v -0.0111975 -0.00199227 0.0137401 
v -0.0111852 -0.00199483 0.0137278 
v 0.00650032 -0.001995 0.0137278 
v 0.0065079 -0.00199355 0.0137354 
v -0.0111687 -0.00199828 0.0137112 
v -0.011164 -0.00199858 0.0137066 
v 0.00647908 -0.00199866 0.0137066 
v 0.00648225 -0.00199847 0.0137097 
v 0.00647907 -0.00199866 0.0137066 
v -0.011164 -0.00199858 0.0137066 
v 0.00645753 -0.002 0.013685 
v 0.00665707 -0.00181177 0.0138846 
v -0.0109425 -0.0018 0.00308503 
v 0.00625753 -0.0018 0.00308503 
v -0.0109426 -0.00180589 0.00308492 
v 0.00625775 -0.00180588 0.00308481 
v 0.00625812 -0.00181538 0.00308444 
v 0.00625798 -0.00181177 0.00308458 
v 0.00625949 -0.00182739 0.00308307 
v -0.0109426 -0.00180733 0.0030849 
v -0.0109429 -0.00181177 0.00308457 
v -0.0109437 -0.00182223 0.00308379 
v -0.0109445 -0.00182738 0.00308301 
v 0.00626255 -0.00184455 0.00308001 
v 0.0062604 -0.00183321 0.00308216 
v -0.0109454 -0.00183321 0.00308213 
v 0.00626363 -0.00184857 0.00307893 
v -0.010946 -0.00183757 0.00308147 
v 0.00625979 -0.00182999 0.00308277 
v 0.00627002 -0.00186918 0.00307254 
v -0.0109496 -0.00185308 0.00307786 
v -0.01095 -0.00185427 0.00307748 
v -0.0109548 -0.00186913 0.00307271 
v -0.0109486 -0.00184857 0.00307891 
v 0.00626648 -0.00185916 0.00307608 
v 0.00626516 -0.00185425 0.0030774 
v -0.0109548 -0.00186922 0.00307267 
v 0.00627828 -0.00188871 0.00306428 
v 0.00627203 -0.00187471 0.00307053 
v -0.0109571 -0.00187466 0.00307041 
v 0.00627846 -0.00188904 0.0030641 
v -0.0109609 -0.00188377 0.00306665 
v -0.0109635 -0.00188897 0.00306397 
v 0.00627173 -0.00187403 0.00307083 
v 0.00628658 -0.00190382 0.00305597 
v 0.00628129 -0.0018942 0.00306127 
v -0.0109662 -0.00189421 0.00306129 
v 0.00628921 -0.00190774 0.00305335 
v -0.0109685 -0.00189866 0.003059 
v -0.0109742 -0.00190773 0.00305332 
v 0.00629658 -0.00191872 0.00304598 
v 0.00629249 -0.00191263 0.00305007 
v -0.0109773 -0.00191272 0.00305019 
v 0.00630186 -0.00192521 0.0030407 
v -0.0109779 -0.00191367 0.00304959 
v 0.00631629 -0.00194124 0.00302627 
v -0.0109894 -0.00192873 0.0030381 
v -0.0109904 -0.00192984 0.00303706 
v -0.0109868 -0.00192526 0.00304075 
v 0.00630872 -0.00193363 0.00303383 
v 0.00630558 -0.00192978 0.00303698 
v 0.00633236 -0.00195561 0.0030102 
v -0.0110032 -0.00194353 0.00302431 
v -0.0110054 -0.00194542 0.00302214 
v -0.0110011 -0.00194133 0.00302636 
v 0.00632313 -0.00194811 0.00301943 
v 0.00632044 -0.00194541 0.00302212 
v 0.00634988 -0.00196816 0.00299268 
v -0.0110196 -0.0019578 0.00300791 
v -0.0110219 -0.00195933 0.00300565 
v -0.0110172 -0.00195573 0.00301029 
v 0.00634025 -0.00196201 0.00300231 
v 0.00633693 -0.00195932 0.00300562 
v -0.0110348 -0.00196816 0.00299267 
v 0.00635968 -0.00197443 0.00298287 
v 0.00635484 -0.00197134 0.00298772 
v -0.0110397 -0.00197147 0.0029878 
v 0.00636865 -0.00197873 0.00297391 
v -0.0110409 -0.00197229 0.0029866 
v -0.0110536 -0.00197874 0.0029739 
v 0.00638288 -0.00198555 0.00295967 
v 0.00637396 -0.00198127 0.0029686 
v -0.0110589 -0.00198141 0.00296866 
v 0.00638839 -0.00198737 0.00295416 
v -0.0110631 -0.00198359 0.00296437 
v -0.0110734 -0.00198726 0.00295412 
v 0.00640715 -0.00199355 0.00293541 
v 0.00639399 -0.00198921 0.00294857 
v -0.0110789 -0.00198924 0.00294857 
v 0.00640895 -0.0019939 0.0029336 
v -0.0110874 -0.00199227 0.00294009 
v -0.0110997 -0.00199483 0.00292778 
v 0.00643014 -0.00199796 0.00291241 
v 0.00641473 -0.001995 0.00292782 
v -0.011094 -0.00199363 0.00293355 
v -0.0111151 -0.00199803 0.00291242 
v 0.00645165 -0.00199964 0.00289091 
v -0.0111163 -0.00199828 0.00291121 
v -0.0111209 -0.00199858 0.00290656 
v 0.00643598 -0.00199866 0.00290657 
v 0.0064328 -0.00199847 0.00290974 
v -0.0111425 -0.002 0.00288503 
v 0.00645753 -0.002 0.00288503 
v -0.0111366 -0.00199961 0.00289091 
v 0.0064634 -0.00199974 0.00284587 
v 0.00647486 -0.00199925 0.00283633 
v 0.00645753 -0.002 0.00285076 
v 0.00647905 -0.00199861 0.00283287 
v 0.00648486 -0.00199773 0.00282807 
v 0.00650019 -0.0019954 0.00281539 
v 0.00650038 -0.00199535 0.00281523 
v 0.00650608 -0.00199376 0.0028105 
v 0.00652233 -0.00198921 0.002797 
v 0.00652117 -0.00198953 0.00279796 
v 0.00654577 -0.00197947 0.00277755 
v 0.00654115 -0.00198139 0.00278139 
v 0.00654653 -0.00197904 0.00277692 
v 0.00656715 -0.00196726 0.00275982 
v 0.00656016 -0.00197125 0.00276562 
v 0.00658277 -0.0019557 0.0027469 
v 0.00658566 -0.00195356 0.00274451 
v 0.00657804 -0.00195921 0.00275082 
v 0.00660026 -0.00194009 0.00273242 
v 0.00659456 -0.00194535 0.00273714 
v 0.00661333 -0.00192534 0.00272159 
v 0.00661369 -0.00192494 0.00272129 
v 0.00660943 -0.00192974 0.00272482 
v 0.0066259 -0.00190779 0.00271119 
v 0.00663378 -0.00189452 0.00270468 
v 0.00662497 -0.00190935 0.00271195 
v 0.00662258 -0.00191265 0.00271393 
v 0.00663647 -0.00188898 0.00270245 
v 0.00664072 -0.00188024 0.00269893 
v 0.0066339 -0.00189428 0.00270458 
v 0.00664686 -0.00186442 0.00269385 
v 0.00664289 -0.00187466 0.00269714 
v 0.00665151 -0.00184859 0.00268999 
v 0.00665153 -0.00184852 0.00268997 
v 0.00664985 -0.00185424 0.00269136 
v 0.00665549 -0.00182738 0.0026867 
v 0.00665682 -0.0018167 0.0026856 
v 0.00665484 -0.00183261 0.00268724 
v 0.00665471 -0.00183322 0.00268734 
v 0.00665728 -0.00180588 0.00268523 
v 0.00665703 -0.00181177 0.00268544 
v -0.0113424 -0.00180522 0.00268508 
v -0.0113424 -0.00180589 0.00268512 
v -0.0113413 -0.00182133 0.00268597 
v -0.0113404 -0.00182738 0.00268672 
v -0.011342 -0.00181176 0.00268544 
v -0.011335 -0.00185413 0.0026912 
v -0.0113349 -0.00185429 0.00269124 
v -0.0113389 -0.00183764 0.00268798 
v -0.0113395 -0.00183321 0.00268743 
v -0.01133 -0.0018692 0.00269531 
v -0.0113295 -0.00187073 0.00269572 
v -0.011323 -0.00188601 0.00270112 
v -0.0113214 -0.00188898 0.00270243 
v -0.0113279 -0.00187467 0.00269711 
v -0.0113141 -0.00190267 0.0027085 
v -0.0113075 -0.00191261 0.00271399 
v -0.0113187 -0.00189417 0.00270473 
v -0.011303 -0.00191924 0.00271766 
v -0.0112981 -0.00192519 0.00272174 
v -0.0112895 -0.00193556 0.00272885 
v -0.0112795 -0.00194533 0.00273717 
v -0.0112943 -0.00192972 0.00272485 
v -0.0112738 -0.0019508 0.00274183 
v -0.0112676 -0.00195561 0.00274696 
v -0.0112561 -0.00196456 0.0027565 
v -0.0112451 -0.00197125 0.00276563 
v -0.011263 -0.00195923 0.00275081 
v -0.011236 -0.00197675 0.00277314 
v -0.0112314 -0.00197887 0.00277698 
v -0.0112145 -0.00198659 0.00279102 
v -0.011206 -0.00198925 0.00279804 
v -0.011226 -0.00198131 0.00278142 
v -0.0111911 -0.00199397 0.00281045 
v -0.0111904 -0.00199417 0.00281099 
v -0.0111853 -0.0019951 0.00281526 
v -0.0111652 -0.0019987 0.00283182 
v -0.011164 -0.00199877 0.00283284 
v -0.0111483 -0.00199966 0.00284588 
v -0.0111425 -0.002 0.00285076 
v -0.00834843 -0.002 0.00241255 
v 0.00366349 -0.002 0.00241255 
v -0.00434918 -0.002 0.00207587 
v -0.000335772 -0.002 0.00207587 
v -0.00836869 -0.0018 0.00224721 
v -0.00731302 -0.0018 0.00209178 
v -0.00435435 -0.0018 0.00193818 
v -0.00234247 -0.0018 0.00183373 
v -0.000330601 -0.0018 0.00193818 
v 0.00262807 -0.0018 0.00209178 
v 0.00368375 -0.0018 0.00224721 
v 0.00366693 -0.00199811 0.00238537 
v 0.00366423 -0.00199991 0.00240671 
v -0.000335524 -0.00199991 0.00206999 
v -0.000334621 -0.00199811 0.0020485 
v -0.00434942 -0.00199991 0.00206999 
v -0.00435033 -0.00199811 0.0020485 
v -0.00834917 -0.00199991 0.00240671 
v 0.00366959 -0.00199401 0.00236434 
v -0.000333732 -0.00199401 0.00202732 
v -0.00435122 -0.00199401 0.00202732 
v -0.00835188 -0.00199811 0.00238537 
v 0.00367218 -0.00198764 0.00234388 
v -0.000332866 -0.00198764 0.00200671 
v -0.00435208 -0.00198764 0.00200671 
v -0.00835454 -0.00199401 0.00236434 
v 0.00367467 -0.00197908 0.00232421 
v -0.000332033 -0.00197908 0.00198691 
v -0.00435291 -0.00197908 0.00198691 
v -0.00835713 -0.00198764 0.00234388 
v 0.00367703 -0.00196844 0.00230558 
v -0.000331245 -0.00196844 0.00196814 
v -0.0043537 -0.00196844 0.00196814 
v -0.00835962 -0.00197908 0.00232421 
v 0.00367924 -0.00195584 0.00228819 
v -0.000330509 -0.00195584 0.00195063 
v -0.00435444 -0.00195584 0.00195063 
v -0.00836198 -0.00196844 0.00230558 
v 0.00368125 -0.00194142 0.00227225 
v -0.000329835 -0.00194142 0.00193458 
v -0.00435511 -0.00194142 0.00193458 
v -0.00836418 -0.00195584 0.00228819 
v 0.00368307 -0.00192535 0.00225795 
v -0.000329229 -0.00192535 0.00192017 
v -0.00435572 -0.00192535 0.00192017 
v -0.0083662 -0.00194142 0.00227225 
v 0.00368465 -0.00190783 0.00224544 
v -0.0003287 -0.00190783 0.00190758 
v -0.00435625 -0.00190783 0.00190758 
v -0.00836801 -0.00192535 0.00225795 
v 0.00368599 -0.00188904 0.00223489 
v -0.000328253 -0.00188904 0.00189695 
v -0.00435669 -0.00188904 0.00189695 
v -0.0083696 -0.00190783 0.00224544 
v 0.00368706 -0.00186922 0.0022264 
v -0.000327894 -0.00186922 0.0018884 
v -0.00435705 -0.00186922 0.0018884 
v -0.00837093 -0.00188904 0.00223489 
v 0.00368786 -0.0018486 0.00222008 
v -0.000327627 -0.0018486 0.00188204 
v -0.00435732 -0.0018486 0.00188204 
v -0.00837201 -0.00186922 0.0022264 
v 0.00368838 -0.0018274 0.002216 
v -0.000327454 -0.0018274 0.00187793 
v -0.00435749 -0.0018274 0.00187793 
v -0.00837281 -0.0018486 0.00222008 
v 0.00368647 -0.00181665 0.002229 
v -0.000328317 -0.00182035 0.00189475 
v -0.00435663 -0.00182029 0.00189467 
v -0.00837333 -0.0018274 0.002216 
v -0.00837142 -0.00181665 0.002229 
vn 0 0 -1 
vn -0.999714 -0.0239312 -1.2326e-15 
vn -0.999402 0.0345712 -1.24245e-15 
vn -0.996498 0.0836139 -1.24743e-15 
vn -0.996513 0.0834417 -1.24742e-15 
vn -0.981574 0.19108 -1.24776e-15 
vn -0.993874 0.11052 -1.24889e-15 
vn -0.996498 0.0836139 -1.24743e-15 
vn -0.981653 0.190679 -1.24779e-15 
vn -0.981574 0.19108 -1.24776e-15 
vn -0.965953 0.258718 -1.24026e-15 
vn -0.955655 0.294487 -1.23378e-15 
vn -0.958312 0.285725 -1.23553e-15 
vn -0.919571 0.392925 -1.20635e-15 
vn -0.943932 0.330141 -1.22551e-15 
vn -0.92584 0.377916 -1.21148e-15 
vn -0.955655 0.294487 -1.23378e-15 
vn -0.916951 0.398999 -1.20417e-15 
vn -0.884766 0.466035 -1.17608e-15 
vn -0.919571 0.392925 -1.20635e-15 
vn -0.874141 0.485673 -1.16637e-15 
vn -0.820187 0.572095 -1.11473e-15 
vn -0.850145 0.526549 -1.14383e-15 
vn -0.874141 0.485673 -1.16637e-15 
vn -0.835382 0.54967 -1.12961e-15 
vn -0.807599 0.589732 -1.10224e-15 
vn -0.778281 0.627916 -1.07265e-15 
vn -0.758524 0.651646 -1.05236e-15 
vn -0.820187 0.572095 -1.11473e-15 
vn -0.76367 0.645607 -1.05767e-15 
vn -0.758524 0.651646 -1.05236e-15 
vn -0.714243 0.699898 -1.00601e-15 
vn -0.689946 0.723861 -9.80145e-16 
vn -0.612331 0.790602 -8.95795e-16 
vn -0.643678 0.765297 -9.30151e-16 
vn -0.612941 0.790128 -8.96468e-16 
vn -0.666345 0.745644 -9.54757e-16 
vn -0.689946 0.723861 -9.80145e-16 
vn -0.612331 0.790602 -8.95795e-16 
vn -0.567202 0.823579 -8.45732e-16 
vn -0.53203 0.846726 -8.06266e-16 
vn -0.556531 0.830827 -8.33798e-16 
vn -0.485579 0.874193 -7.53604e-16 
vn -0.446872 0.894598 -7.09286e-16 
vn -0.357456 0.93393 -6.05543e-16 
vn -0.399485 0.91674 -6.54533e-16 
vn -0.367266 0.930116 -6.17013e-16 
vn -0.430914 0.902393 -6.90906e-16 
vn -0.446872 0.894598 -7.09286e-16 
vn -0.357456 0.93393 -6.05543e-16 
vn -0.309212 0.950993 -5.48843e-16 
vn -0.26421 0.964465 -4.95525e-16 
vn -0.300956 0.953638 -5.39091e-16 
vn -0.16748 0.985875 -3.79601e-16 
vn -0.215475 0.976509 -4.37339e-16 
vn -0.26421 0.964465 -4.95525e-16 
vn -0.232338 0.972635 -4.57524e-16 
vn -0.0675993 0.997713 -2.58104e-16 
vn -0.119278 0.992861 -3.2119e-16 
vn -0.161846 0.986816 -3.72794e-16 
vn -0.0890595 0.996026 -2.84358e-16 
vn -0.16748 0.985875 -3.79601e-16 
vn -0.0675993 0.997713 -2.58104e-16 
vn -0.0169215 0.999857 -1.95783e-16 
vn 0.0197827 0.999804 -1.50366e-16 
vn 0.124068 0.992274 -2.00336e-17 
vn 0.0649604 0.997888 -9.41393e-17 
vn 0.0197827 0.999804 -1.50366e-16 
vn 0.0811496 0.996702 -7.39035e-17 
vn 0.229287 0.973359 1.13445e-16 
vn 0.175371 0.984502 4.47945e-17 
vn 0.142857 0.989743 3.65468e-18 
vn 0.214869 0.976643 9.50341e-17 
vn 0.124068 0.992274 -2.00336e-17 
vn 0.264801 0.964303 1.58965e-16 
vn 0.285566 0.958359 1.85693e-16 
vn 0.333752 0.942661 2.48052e-16 
vn 0.229287 0.973359 1.13445e-16 
vn 0.42422 0.905559 3.66461e-16 
vn 0.350147 0.936695 2.69378e-16 
vn 0.421574 0.906794 3.62972e-16 
vn 0.333752 0.942661 2.48052e-16 
vn 0.432806 0.901487 3.77796e-16 
vn 0.488737 0.872431 4.52071e-16 
vn 0.42422 0.905559 3.66461e-16 
vn 0.510631 0.8598 4.81366e-16 
vn 0.511365 0.859364 4.82351e-16 
vn 0.550774 0.834655 5.35426e-16 
vn 0.592182 0.805804 5.91699e-16 
vn 0.585897 0.810386 5.83122e-16 
vn 0.510631 0.8598 4.81366e-16 
vn 0.64641 0.76299 6.66274e-16 
vn 0.609846 0.79252 6.15874e-16 
vn 0.592182 0.805804 5.91699e-16 
vn 0.724888 0.688867 7.76324e-16 
vn 0.656923 0.753958 6.80859e-16 
vn 0.64641 0.76299 6.66274e-16 
vn 0.722493 0.691378 7.72922e-16 
vn 0.794987 0.606627 8.77428e-16 
vn 0.76715 0.641468 8.36897e-16 
vn 0.782548 0.62259 8.59248e-16 
vn 0.724888 0.688867 7.76324e-16 
vn 0.855094 0.518473 9.67205e-16 
vn 0.837282 0.546772 9.4022e-16 
vn 0.852432 0.522838 9.63148e-16 
vn 0.811933 0.58375 9.02394e-16 
vn 0.794987 0.606627 8.77428e-16 
vn 0.855094 0.518473 9.67205e-16 
vn 0.885354 0.464917 1.01401e-15 
vn 0.904836 0.42576 1.04496e-15 
vn 0.925641 0.378402 1.07898e-15 
vn 0.944065 0.329761 1.11027e-15 
vn 0.945977 0.324233 1.11361e-15 
vn 0.960175 0.279399 1.13901e-15 
vn 0.972792 0.231681 1.16297e-15 
vn 0.944065 0.329761 1.11027e-15 
vn 0.97279 0.23169 1.16296e-15 
vn 0.999714 0.0239312 1.2326e-15 
vn 0.999402 0.0345903 1.23035e-15 
vn 0.991161 0.132663 1.20301e-15 
vn 0.978108 0.208097 1.17367e-15 
vn 0.972792 0.231681 1.16297e-15 
vn 0.99128 0.131771 1.20331e-15 
vn 0.998679 0.051387 1.22652e-15 
vn 0.991161 0.132663 1.20301e-15 
vn 0.999714 0.0239312 1.2326e-15 
vn 0.99727 -0.073845 9.56453e-16 
vn 0.99995 -0.0100272 1.0248e-15 
vn 0.999714 0.0239312 1.05945e-15 
vn 0.983428 -0.181298 8.3172e-16 
vn 0.994137 -0.108127 9.17987e-16 
vn 0.983673 -0.179966 8.33341e-16 
vn 0.99727 -0.073845 9.56453e-16 
vn 0.978803 -0.204806 8.02777e-16 
vn 0.9675 -0.252872 7.4169e-16 
vn 0.958493 -0.285116 6.99236e-16 
vn 0.983428 -0.181298 8.3172e-16 
vn 0.923314 -0.384045 5.61173e-16 
vn 0.946057 -0.324 6.46411e-16 
vn 0.95412 -0.299424 6.80008e-16 
vn 0.958493 -0.285116 6.99236e-16 
vn 0.920382 -0.391021 5.5097e-16 
vn 0.888438 -0.458996 4.4806e-16 
vn 0.923314 -0.384045 5.61173e-16 
vn 0.878715 -0.477347 4.19139e-16 
vn 0.825515 -0.56438 2.74645e-16 
vn 0.853315 -0.521396 3.47587e-16 
vn 0.878037 -0.478594 4.17156e-16 
vn 0.878715 -0.477347 4.19139e-16 
vn 0.827474 -0.561504 2.79627e-16 
vn 0.764531 -0.644587 1.29106e-16 
vn 0.811025 -0.585012 2.38446e-16 
vn 0.825515 -0.56438 2.74645e-16 
vn 0.769365 -0.63881 1.40045e-16 
vn 0.696561 -0.717498 -1.61683e-17 
vn 0.720327 -0.693634 3.29529e-17 
vn 0.704184 -0.710018 -5.92485e-19 
vn 0.764531 -0.644587 1.29106e-16 
vn 0.61935 -0.785115 -1.6557e-16 
vn 0.670312 -0.74208 -6.85979e-17 
vn 0.696561 -0.717498 -1.61683e-17 
vn 0.632838 -0.774284 -1.40478e-16 
vn 0.617337 -0.786699 -1.6928e-16 
vn 0.555582 -0.831462 -2.79199e-16 
vn 0.61935 -0.785115 -1.6557e-16 
vn 0.539514 -0.841976 -3.06635e-16 
vn 0.454767 -0.89061 -4.44332e-16 
vn 0.496387 -0.868101 -3.78122e-16 
vn 0.473235 -0.880936 -4.15275e-16 
vn 0.539514 -0.841976 -3.06635e-16 
vn 0.365718 -0.930726 -5.7773e-16 
vn 0.386574 -0.922258 -5.4744e-16 
vn 0.372192 -0.928156 -5.68388e-16 
vn 0.435473 -0.900202 -4.7416e-16 
vn 0.454767 -0.89061 -4.44332e-16 
vn 0.272804 -0.96207 -7.06116e-16 
vn 0.306331 -0.951925 -6.60986e-16 
vn 0.295705 -0.955279 -6.75432e-16 
vn 0.365718 -0.930726 -5.7773e-16 
vn 0.176377 -0.984323 -8.28797e-16 
vn 0.237918 -0.971285 -7.51696e-16 
vn 0.272804 -0.96207 -7.06116e-16 
vn 0.2015 -0.979488 -7.97823e-16 
vn 0.167056 -0.985947 -8.40115e-16 
vn 0.105066 -0.994465 -9.13036e-16 
vn 0.0767654 -0.997049 -9.44986e-16 
vn 0.094553 -0.99552 -9.25002e-16 
vn 0.176377 -0.984323 -8.28797e-16 
vn 0.0767654 -0.997049 -9.44986e-16 
vn 0.0194903 -0.99981 -1.00711e-15 
vn -0.0266232 -0.999646 -1.05468e-15 
vn 0.00304642 -0.999995 -1.02432e-15 
vn -0.0584838 -0.998288 -1.08626e-15 
vn -0.0938703 -0.995584 -1.12012e-15 
vn -0.131029 -0.991379 -1.15426e-15 
vn -0.0266232 -0.999646 -1.05468e-15 
vn -0.136452 -0.990647 -1.15912e-15 
vn -0.187479 -0.982269 -1.20333e-15 
vn -0.236255 -0.971691 -1.24296e-15 
vn -0.208652 -0.97799 -1.22085e-15 
vn -0.131029 -0.991379 -1.15426e-15 
vn -0.340601 -0.940208 -1.31862e-15 
vn -0.27668 -0.960962 -1.27378e-15 
vn -0.236255 -0.971691 -1.24296e-15 
vn -0.430794 -0.90245 -1.37319e-15 
vn -0.361562 -0.932348 -1.33224e-15 
vn -0.348687 -0.937239 -1.32394e-15 
vn -0.415812 -0.90945 -1.36487e-15 
vn -0.340601 -0.940208 -1.31862e-15 
vn -0.443593 -0.896228 -1.38005e-15 
vn -0.486967 -0.87342 -1.40151e-15 
vn -0.516871 -0.856063 -1.41463e-15 
vn -0.430794 -0.90245 -1.37319e-15 
vn -0.605829 -0.795595 -1.44459e-15 
vn -0.5491 -0.835757 -1.42713e-15 
vn -0.52184 -0.853043 -1.41667e-15 
vn -0.516871 -0.856063 -1.41463e-15 
vn -0.595698 -0.803209 -1.44192e-15 
vn -0.608275 -0.793726 -1.4452e-15 
vn -0.665811 -0.74612 -1.45584e-15 
vn -0.680694 -0.732568 -1.45732e-15 
vn -0.605829 -0.795595 -1.44459e-15 
vn -0.756017 -0.654552 -1.45513e-15 
vn -0.717083 -0.696987 -1.45843e-15 
vn -0.680694 -0.732568 -1.45732e-15 
vn -0.731069 -0.682303 -1.45782e-15 
vn -0.765969 -0.642878 -1.45344e-15 
vn -0.790433 -0.612548 -1.4476e-15 
vn -0.821915 -0.56961 -1.43607e-15 
vn -0.810799 -0.585324 -1.44071e-15 
vn -0.756017 -0.654552 -1.45513e-15 
vn -0.877624 -0.47935 -1.401e-15 
vn -0.84399 -0.536359 -1.42476e-15 
vn -0.821915 -0.56961 -1.43607e-15 
vn -0.922883 -0.385081 -1.35099e-15 
vn -0.89128 -0.453454 -1.38853e-15 
vn -0.918892 -0.39451 -1.35655e-15 
vn -0.877624 -0.47935 -1.401e-15 
vn -0.930725 -0.36572 -1.33921e-15 
vn -0.945332 -0.326109 -1.31364e-15 
vn -0.922883 -0.385081 -1.35099e-15 
vn -0.957616 -0.288049 -1.28724e-15 
vn -0.962225 -0.272256 -1.27579e-15 
vn -0.972374 -0.233429 -1.2464e-15 
vn -0.981894 -0.189433 -1.21105e-15 
vn -0.979613 -0.200895 -1.22047e-15 
vn -0.957616 -0.288049 -1.28724e-15 
vn -0.999714 -0.0239312 -1.05945e-15 
vn -0.99591 -0.0903458 -1.12375e-15 
vn -0.981894 -0.189433 -1.21105e-15 
vn -0.99125 -0.132 -1.16172e-15 
vn -0.999714 -0.0239312 -1.05945e-15 
vn 0.862391 0.183461 0.47183 
vn 0.846577 0.246288 0.471858 
vn 0.816541 0.237542 0.526151 
vn 0.831795 0.176949 0.526124 
vn 0.843212 0.110407 0.526122 
vn 0.874228 0.114468 0.471829 
vn 0.849263 0.0438021 0.526149 
vn 0.880506 0.0454027 0.471857 
vn 0.850083 -0.0229636 0.526148 
vn 0.876859 -0.092043 0.471854 
vn 0.881354 -0.0237991 0.471856 
vn 0.867279 -0.158675 0.471857 
vn 0.845748 -0.0887657 0.526147 
vn 0.853024 -0.222938 0.471857 
vn 0.836506 -0.153049 0.52615 
vn 0.834121 -0.285648 0.471856 
vn 0.822758 -0.215025 0.52615 
vn 0.810693 -0.34659 0.471861 
vn 0.804526 -0.275508 0.526149 
vn 0.78334 -0.404634 0.471858 
vn 0.781926 -0.334296 0.526153 
vn 0.752323 -0.459738 0.471858 
vn 0.755549 -0.390271 0.526151 
vn 0.715097 -0.515732 0.471865 
vn 0.725628 -0.443429 0.526151 
vn 0.676585 -0.565315 0.471861 
vn 0.689724 -0.497432 0.526158 
vn 0.635172 -0.611477 0.471862 
vn 0.652577 -0.545258 0.526153 
vn 0.590922 -0.654338 0.471861 
vn 0.612644 -0.58977 0.526155 
vn 0.544289 -0.693611 0.471861 
vn 0.569945 -0.63113 0.526154 
vn 0.494886 -0.729683 0.47186 
vn 0.524978 -0.668999 0.526154 
vn 0.437672 -0.765372 0.471858 
vn 0.477326 -0.703792 0.526152 
vn 0.383962 -0.793677 0.471858 
vn 0.422143 -0.738214 0.526151 
vn 0.328181 -0.81832 0.471858 
vn 0.370338 -0.765516 0.526151 
vn 0.270062 -0.839295 0.471859 
vn 0.316541 -0.789282 0.526151 
vn 0.209772 -0.856355 0.47186 
vn 0.260473 -0.809517 0.526152 
vn 0.147303 -0.869282 0.471859 
vn 0.202329 -0.82597 0.526153 
vn 0.0832824 -0.877732 0.471859 
vn 0.142077 -0.838438 0.526151 
vn 0.0171862 -0.881506 0.47186 
vn 0.0803265 -0.846588 0.526152 
vn 0.0165774 -0.850229 0.526152 
vn -0.0496948 -0.848937 0.526153 
vn -0.051524 -0.880167 0.47186 
vn -0.116055 -0.842435 0.526151 
vn -0.120323 -0.873426 0.471858 
vn -0.177479 -0.831664 0.526152 
vn -0.184005 -0.86226 0.471859 
vn -0.237685 -0.816497 0.526155 
vn -0.24643 -0.846533 0.471862 
vn -0.29644 -0.79705 0.526151 
vn -0.307353 -0.826368 0.471858 
vn -0.353654 -0.77336 0.526159 
vn -0.366656 -0.801814 0.471866 
vn -0.414097 -0.742755 0.526155 
vn -0.42933 -0.770079 0.471863 
vn -0.466908 -0.710742 0.526158 
vn -0.484084 -0.736889 0.471866 
vn -0.517305 -0.674953 0.526151 
vn -0.536334 -0.699783 0.471858 
vn -0.565031 -0.63553 0.526157 
vn -0.585811 -0.658916 0.471864 
vn -0.60978 -0.592732 0.526153 
vn -0.632213 -0.614536 0.471861 
vn -0.651336 -0.546741 0.526152 
vn -0.675301 -0.56685 0.471859 
vn -0.689505 -0.497744 0.52615 
vn -0.714869 -0.516057 0.471857 
vn -0.724021 -0.446048 0.526152 
vn -0.750653 -0.462459 0.471859 
vn -0.754731 -0.391851 0.526151 
vn -0.782494 -0.406267 0.471858 
vn -0.781381 -0.335579 0.526146 
vn -0.81013 -0.347913 0.471853 
vn -0.803919 -0.277268 0.526153 
vn -0.833491 -0.287474 0.47186 
vn -0.818279 -0.231485 0.52615 
vn 0.958483 0.2789 0.0593693 
vn 0.972783 0.231718 -9.39021e-06 
vn 0.972781 0.231726 -9.39197e-06 
vn 0.976384 0.207733 0.0593476 
vn 0.978107 0.208103 -1.96822e-05 
vn 0.989789 0.129597 0.0593472 
vn 0.991165 0.132633 -1.25843e-05 
vn 0.991284 0.131743 -1.28763e-05 
vn 0.998677 0.0514178 4.39875e-08 
vn 0.996915 0.0513357 0.0593691 
vn 0.99995 -0.0100284 1.79401e-05 
vn 0.999713 0.023936 1.59659e-05 
vn 0.999402 0.0345725 4.28575e-06 
vn 0.997874 -0.0268876 0.0593724 
vn 0.992774 -0.104289 0.0593685 
vn 0.997265 -0.0739111 5.86924e-05 
vn 0.994143 -0.108077 1.24024e-05 
vn 0.981941 -0.179628 0.0593692 
vn 0.983677 -0.179943 -2.62262e-10 
vn 0.965791 -0.252435 0.0593691 
vn 0.967497 -0.252884 -5.83803e-08 
vn 0.978806 -0.204791 1.24441e-05 
vn 0.983425 -0.181315 3.74037e-07 
vn 0.944385 -0.323439 0.0593645 
vn 0.958487 -0.285135 1.06938e-05 
vn 0.946052 -0.324014 -4.92085e-06 
vn 0.954124 -0.299412 1.09736e-05 
vn 0.917883 -0.392385 0.0593699 
vn 0.923303 -0.384073 6.55281e-06 
vn 0.920368 -0.391052 1.23684e-05 
vn 0.888446 -0.45898 -4.5099e-07 
vn 0.851796 -0.520498 0.0593689 
vn 0.853303 -0.521415 -4.57247e-07 
vn 0.878047 -0.478574 1.17152e-05 
vn 0.886882 -0.458166 0.0593689 
vn 0.878723 -0.477331 1.25433e-05 
vn 0.825589 -0.564271 1.03255e-05 
vn 0.827541 -0.561406 1.19798e-05 
vn 0.809636 -0.583922 0.0593713 
vn 0.811066 -0.584955 9.98253e-07 
vn 0.766042 -0.640043 0.0593701 
vn 0.769288 -0.638903 1.18387e-05 
vn 0.71908 -0.692387 0.0593699 
vn 0.720342 -0.693619 1.20691e-07 
vn 0.764471 -0.644659 2.4583e-05 
vn 0.696584 -0.717475 9.66201e-07 
vn 0.704191 -0.710011 1.12236e-05 
vn 0.66911 -0.740788 0.0593699 
vn 0.670301 -0.742089 2.46256e-07 
vn 0.616238 -0.785319 0.0593701 
vn 0.63283 -0.774291 9.9026e-06 
vn 0.619373 -0.785097 2.37495e-07 
vn 0.617326 -0.786708 3.89179e-07 
vn 0.560311 -0.826152 0.0593707 
vn 0.495526 -0.866562 0.059369 
vn 0.496401 -0.868093 -2.7225e-07 
vn 0.53951 -0.841979 1.36646e-06 
vn 0.454783 -0.890602 2.2045e-05 
vn 0.473239 -0.880934 9.85156e-06 
vn 0.434723 -0.898605 0.0593696 
vn 0.435491 -0.900193 2.61331e-07 
vn 0.371537 -0.926518 0.0593688 
vn 0.386564 -0.922263 9.24301e-06 
vn 0.37219 -0.928157 -6.37866e-07 
vn 0.30581 -0.95024 0.0593682 
vn 0.306355 -0.951917 -1.36908e-06 
vn 0.365754 -0.930712 -1.13715e-06 
vn 0.237502 -0.969571 0.0593701 
vn 0.272824 -0.962064 2.67419e-05 
vn 0.237922 -0.971284 6.38605e-07 
vn 0.2957 -0.955281 7.01004e-06 
vn 0.176397 -0.984319 7.20702e-06 
vn 0.201508 -0.979487 7.8081e-06 
vn 0.166771 -0.984207 0.0593694 
vn 0.167065 -0.985946 5.35714e-09 
vn 0.094299 -0.993772 0.0593696 
vn 0.105009 -0.994471 7.1237e-06 
vn 0.0944664 -0.995528 9.27305e-08 
vn 0.019452 -0.998047 0.059369 
vn 0.0194855 -0.99981 -6.45198e-07 
vn 0.0767807 -0.997048 2.6611e-05 
vn -0.0583426 -0.99653 0.0593681 
vn -0.0265559 -0.999647 4.96539e-06 
vn -0.0584465 -0.998291 -1.65135e-06 
vn 0.0029899 -0.999996 5.7075e-06 
vn -0.136216 -0.988899 0.0593693 
vn -0.093937 -0.995578 4.51406e-06 
vn -0.131015 -0.99138 5.31838e-05 
vn -0.136455 -0.990646 8.49691e-10 
vn -0.208311 -0.976259 0.0593695 
vn -0.187479 -0.982269 5.18307e-06 
vn -0.208677 -0.977985 1.16573e-07 
vn -0.279021 -0.958448 0.0593672 
vn -0.236141 -0.971719 4.80172e-05 
vn -0.276721 -0.96095 5.01033e-07 
vn -0.348033 -0.935601 0.059366 
vn -0.340592 -0.940211 6.62373e-05 
vn -0.348654 -0.937251 -3.63565e-06 
vn -0.415075 -0.907848 0.0593703 
vn -0.415802 -0.909455 5.81935e-08 
vn -0.361572 -0.932344 -8.70089e-07 
vn -0.486089 -0.87189 0.0593766 
vn -0.430807 -0.902444 1.62492e-07 
vn -0.486948 -0.873431 7.34279e-06 
vn -0.443595 -0.896227 2.79293e-06 
vn -0.54808 -0.834316 0.0593783 
vn -0.516916 -0.856036 1.03221e-05 
vn -0.549048 -0.835791 8.77892e-06 
vn -0.521869 -0.853026 3.21693e-06 
vn -0.607234 -0.792302 0.0593695 
vn -0.595757 -0.803165 7.47235e-06 
vn -0.605848 -0.79558 2.3928e-05 
vn -0.608306 -0.793703 2.21533e-07 
vn -0.663222 -0.746064 0.0593708 
vn -0.715798 -0.695778 0.0593732 
vn -0.717064 -0.697008 3.94079e-06 
vn -0.680684 -0.732577 3.65418e-05 
vn -0.764604 -0.64176 0.0593686 
vn -0.756 -0.654572 2.20291e-05 
vn -0.731077 -0.682295 4.60546e-06 
vn -0.765958 -0.642891 -9.25548e-07 
vn -0.809367 -0.584296 0.059365 
vn -0.79044 -0.612539 7.89353e-07 
vn -0.810795 -0.58533 -4.51112e-06 
vn -0.849883 -0.523616 0.0593698 
vn -0.844002 -0.53634 7.0163e-07 
vn -0.821927 -0.569593 1.3163e-05 
vn -0.885939 -0.459986 0.0593693 
vn -0.877633 -0.479333 7.08728e-06 
vn -0.891279 -0.453456 6.44522e-07 
vn -0.917261 -0.393839 0.0593648 
vn -0.918885 -0.394526 -4.28538e-06 
vn -0.943668 -0.325524 0.0593678 
vn -0.945334 -0.326104 -1.887e-06 
vn -0.93072 -0.365732 4.12554e-08 
vn -0.922892 -0.385059 5.02089e-05 
vn -0.960529 -0.271771 0.0593692 
vn -0.957628 -0.288008 -5.04127e-07 
vn -0.962225 -0.272256 7.78988e-13 
vn 0.67985 0.144611 0.718952 
vn 0.721761 0.153531 0.6749 
vn 0.6784 0.197324 0.707699 
vn 0.798039 0.232154 0.556092 
vn 0.747277 0.217375 0.627953 
vn 0.761239 0.161933 0.627928 
vn 0.741799 0.21578 0.63496 
vn 0.635807 0.135238 0.759908 
vn 0.608453 0.176962 0.773608 
vn 0.579125 0.168426 0.797651 
vn 0.66738 0.194116 0.718973 
vn 0.589946 0.125478 0.797633 
vn 0.540917 0.122968 0.832038 
vn 0.541524 0.120274 0.832037 
vn 0.532635 0.154893 0.832051 
vn 0.689179 0.0902392 0.71895 
vn 0.798003 0.169757 0.578251 
vn 0.771686 0.101042 0.627926 
vn 0.808955 0.105921 0.57825 
vn 0.731666 0.0958018 0.674898 
vn 0.59804 0.0783072 0.797632 
vn 0.644531 0.0843938 0.759906 
vn 0.542587 0.1154 0.832035 
vn 0.548888 0.080285 0.832032 
vn 0.694115 0.0358426 0.718971 
vn 0.777219 0.0401078 0.627951 
vn 0.814758 0.0420332 0.578276 
vn 0.736909 0.0380394 0.674921 
vn 0.602318 0.031128 0.797649 
vn 0.649145 0.0335333 0.759925 
vn 0.550072 0.0717012 0.832034 
vn 0.553547 0.0358312 0.832047 
vn 0.55003 0.0720219 0.832033 
vn 0.694788 -0.0188058 0.718969 
vn 0.77797 -0.0210343 0.627949 
vn 0.815545 -0.02204 0.578274 
vn 0.737622 -0.0199537 0.674919 
vn 0.602904 -0.0163417 0.797646 
vn 0.649775 -0.017599 0.759923 
vn 0.554543 0.0132413 0.83205 
vn 0.733865 -0.0769869 0.674918 
vn 0.811388 -0.0851472 0.578273 
vn 0.774007 -0.0812118 0.627948 
vn 0.646469 -0.0677911 0.759923 
vn 0.691251 -0.0725026 0.718969 
vn 0.599838 -0.062886 0.797646 
vn 0.553837 -0.0311096 0.832044 
vn 0.554368 -0.0194174 0.832045 
vn 0.725839 -0.132812 0.674921 
vn 0.802519 -0.146834 0.578276 
vn 0.765544 -0.140073 0.627951 
vn 0.639393 -0.117003 0.759926 
vn 0.683688 -0.125104 0.718972 
vn 0.59327 -0.108568 0.797649 
vn 0.549244 -0.077616 0.83205 
vn 0.551685 -0.0578213 0.832046 
vn 0.549947 -0.0724732 0.832049 
vn 0.713914 -0.186567 0.674922 
vn 0.789331 -0.206285 0.578276 
vn 0.752965 -0.196777 0.627951 
vn 0.628891 -0.16434 0.759926 
vn 0.672457 -0.175729 0.718972 
vn 0.543065 -0.11303 0.832048 
vn 0.539048 -0.130849 0.832049 
vn 0.54564 -0.0998567 0.832049 
vn 0.583528 -0.152481 0.79765 
vn 0.698095 -0.239047 0.674922 
vn 0.77184 -0.26431 0.578276 
vn 0.73628 -0.252128 0.627951 
vn 0.614957 -0.210568 0.759927 
vn 0.657557 -0.22516 0.718973 
vn 0.570598 -0.195373 0.797651 
vn 0.533426 -0.152148 0.83205 
vn 0.536682 -0.140234 0.83205 
vn 0.678475 -0.290081 0.674926 
vn 0.750155 -0.320717 0.57828 
vn 0.715591 -0.305944 0.627955 
vn 0.597666 -0.255541 0.75993 
vn 0.639072 -0.27324 0.718976 
vn 0.554551 -0.237112 0.797654 
vn 0.521138 -0.190014 0.832052 
vn 0.523724 -0.182767 0.832051 
vn 0.655602 -0.338622 0.674924 
vn 0.724854 -0.374408 0.578278 
vn 0.691461 -0.357152 0.627953 
vn 0.577528 -0.298279 0.759928 
vn 0.617533 -0.31895 0.718974 
vn 0.535872 -0.276755 0.797651 
vn 0.503254 -0.233294 0.832051 
vn 0.510027 -0.218081 0.832053 
vn 0.506478 -0.226204 0.832053 
vn 0.629624 -0.384775 0.674923 
vn 0.696144 -0.425416 0.578278 
vn 0.664068 -0.405819 0.627953 
vn 0.554634 -0.338957 0.759928 
vn 0.593059 -0.362434 0.718974 
vn 0.489746 -0.260457 0.832052 
vn 0.478635 -0.280353 0.832052 
vn 0.492855 -0.254528 0.832051 
vn 0.514622 -0.31451 0.797651 
vn 0.598477 -0.43162 0.67493 
vn 0.661701 -0.47722 0.578284 
vn 0.631214 -0.455231 0.627959 
vn 0.5272 -0.380212 0.759933 
vn 0.563722 -0.406553 0.71898 
vn 0.489171 -0.352784 0.797656 
vn 0.4705 -0.293806 0.83205 
vn 0.473305 -0.289265 0.832051 
vn 0.56624 -0.473126 0.674925 
vn 0.626062 -0.523105 0.57828 
vn 0.597215 -0.499005 0.627955 
vn 0.498799 -0.416781 0.75993 
vn 0.533356 -0.445652 0.718976 
vn 0.462817 -0.386718 0.797653 
vn 0.44927 -0.325331 0.832056 
vn 0.449632 -0.32483 0.832055 
vn 0.425932 -0.355346 0.832052 
vn 0.531623 -0.511713 0.674927 
vn 0.587762 -0.565797 0.578281 
vn 0.560692 -0.539717 0.627957 
vn 0.46833 -0.450744 0.759932 
vn 0.500762 -0.481984 0.718978 
vn 0.434559 -0.418216 0.797655 
vn 0.411842 -0.371589 0.83205 
vn 0.401148 -0.383101 0.832054 
vn 0.425659 -0.355673 0.832052 
vn 0.494513 -0.54766 0.674926 
vn 0.546778 -0.605496 0.578281 
vn 0.521576 -0.577607 0.627956 
vn 0.435595 -0.482454 0.759931 
vn 0.465784 -0.515866 0.718977 
vn 0.399685 -0.384626 0.832055 
vn 0.374286 -0.409383 0.832055 
vn 0.45553 -0.580488 0.674927 
vn 0.50365 -0.641816 0.578281 
vn 0.480446 -0.612243 0.627956 
vn 0.40128 -0.51135 0.759931 
vn 0.40416 -0.447663 0.797654 
vn 0.429078 -0.546776 0.718977 
vn 0.342445 -0.436368 0.832054 
vn 0.372336 -0.474461 0.797655 
vn 0.374008 -0.409637 0.832055 
vn 0.414179 -0.610683 0.674924 
vn 0.457933 -0.675197 0.578279 
vn 0.436835 -0.644088 0.627954 
vn 0.364852 -0.537952 0.759928 
vn 0.390127 -0.575219 0.718974 
vn 0.338534 -0.499146 0.797651 
vn 0.334035 -0.44284 0.832054 
vn 0.311648 -0.458875 0.832051 
vn 0.341526 -0.437087 0.832054 
vn 0.366299 -0.64055 0.674923 
vn 0.404993 -0.70822 0.578277 
vn 0.386335 -0.67559 0.627952 
vn 0.322677 -0.564261 0.759927 
vn 0.345029 -0.603351 0.718973 
vn 0.299402 -0.523557 0.797651 
vn 0.291038 -0.472215 0.832052 
vn 0.279959 -0.478869 0.83205 
vn 0.311356 -0.459073 0.832051 
vn 0.321344 -0.664242 0.674923 
vn 0.355292 -0.734413 0.578277 
vn 0.338922 -0.700577 0.627952 
vn 0.283073 -0.585133 0.759927 
vn 0.302683 -0.625668 0.718973 
vn 0.275367 -0.481524 0.83205 
vn 0.246826 -0.496759 0.83205 
vn 0.262654 -0.542924 0.797651 
vn 0.274678 -0.684858 0.674923 
vn 0.303685 -0.757212 0.578278 
vn 0.289698 -0.722323 0.627953 
vn 0.241976 -0.603289 0.759928 
vn 0.258733 -0.645085 0.718974 
vn 0.240143 -0.500024 0.83205 
vn 0.212272 -0.512477 0.83205 
vn 0.224527 -0.559768 0.797651 
vn 0.225993 -0.702427 0.674925 
vn 0.249883 -0.776628 0.578279 
vn 0.238363 -0.740849 0.627954 
vn 0.199062 -0.618774 0.75993 
vn 0.212861 -0.661638 0.718975 
vn 0.184694 -0.574141 0.797653 
vn 0.188955 -0.521518 0.832055 
vn 0.176688 -0.525802 0.832054 
vn 0.206508 -0.514826 0.832051 
vn 0.175563 -0.716696 0.674925 
vn 0.194109 -0.79241 0.57828 
vn 0.185166 -0.755901 0.627955 
vn 0.143499 -0.585797 0.797653 
vn 0.165368 -0.675076 0.718976 
vn 0.139882 -0.53677 0.832052 
vn 0.169857 -0.52805 0.832053 
vn 0.13955 -0.536856 0.832052 
vn 0.123284 -0.727516 0.674923 
vn 0.136305 -0.804373 0.578278 
vn 0.130026 -0.767312 0.627953 
vn 0.108603 -0.64087 0.759928 
vn 0.154654 -0.631339 0.75993 
vn 0.116125 -0.685267 0.718974 
vn 0.131979 -0.538767 0.832053 
vn 0.101319 -0.545368 0.832051 
vn 0.10077 -0.594641 0.797651 
vn 0.0696968 -0.734588 0.674924 
vn 0.0770619 -0.812192 0.578279 
vn 0.0735104 -0.774771 0.627954 
vn 0.061394 -0.647101 0.759929 
vn 0.0656483 -0.691929 0.718974 
vn 0.0569642 -0.600422 0.797652 
vn 0.0866348 -0.547891 0.832052 
vn 0.0612586 -0.551304 0.832052 
vn 0.0926813 -0.546901 0.832051 
vn 0.0143873 -0.737746 0.674925 
vn 0.0159049 -0.815684 0.578279 
vn 0.0151731 -0.778102 0.627954 
vn 0.012676 -0.649882 0.759929 
vn 0.0135529 -0.694904 0.718975 
vn 0.0117629 -0.603003 0.797652 
vn 0.0292807 -0.553925 0.832051 
vn 0.0196014 -0.554351 0.832052 
vn 0.0523897 -0.552219 0.832051 
vn -0.0406122 -0.693848 0.718976 
vn -0.0454771 -0.77692 0.627955 
vn -0.0476747 -0.814444 0.57828 
vn -0.0431173 -0.736625 0.674925 
vn -0.0352387 -0.602086 0.797653 
vn -0.0379797 -0.648895 0.75993 
vn -0.00295339 -0.554691 0.832051 
vn -0.0284381 -0.553968 0.832052 
vn 0.0108198 -0.554592 0.832052 
vn -0.0948622 -0.688534 0.718973 
vn -0.106215 -0.77097 0.627952 
vn -0.111342 -0.808207 0.578277 
vn -0.100708 -0.730984 0.674923 
vn -0.0823218 -0.597475 0.797651 
vn -0.0887189 -0.643925 0.759927 
vn -0.0464356 -0.55275 0.832053 
vn -0.0324083 -0.553749 0.832053 
vn -0.145068 -0.679729 0.718974 
vn -0.162429 -0.761112 0.627953 
vn -0.170271 -0.797873 0.578278 
vn -0.154008 -0.721637 0.674924 
vn -0.12589 -0.589833 0.797652 
vn -0.135673 -0.63569 0.759928 
vn -0.0807897 -0.548785 0.83205 
vn -0.091318 -0.54713 0.832051 
vn -0.0757157 -0.549508 0.83205 
vn -0.194256 -0.667335 0.718978 
vn -0.217518 -0.747232 0.627957 
vn -0.228026 -0.783323 0.578282 
vn -0.206234 -0.708477 0.674928 
vn -0.168561 -0.57908 0.797655 
vn -0.181668 -0.6241 0.759932 
vn -0.131131 -0.538975 0.832052 
vn -0.115787 -0.542479 0.832051 
vn -0.130929 -0.539024 0.832052 
vn -0.242256 -0.65145 0.718975 
vn -0.271278 -0.72944 0.627954 
vn -0.284389 -0.764668 0.578278 
vn -0.257201 -0.69161 0.674925 
vn -0.2102 -0.565301 0.797653 
vn -0.226552 -0.609247 0.759929 
vn -0.169932 -0.528026 0.832052 
vn -0.180077 -0.524656 0.832051 
vn -0.155026 -0.53259 0.832054 
vn -0.289078 -0.632058 0.718983 
vn -0.323669 -0.707744 0.627962 
vn -0.339293 -0.741933 0.578286 
vn -0.306891 -0.671032 0.674933 
vn -0.250867 -0.548455 0.797661 
vn -0.270359 -0.591101 0.759937 
vn -0.210887 -0.513033 0.83206 
vn -0.193315 -0.519921 0.832053 
vn -0.338449 -0.607065 0.718975 
vn -0.378969 -0.679746 0.627955 
vn -0.397272 -0.712577 0.578281 
vn -0.359314 -0.644491 0.674925 
vn -0.29369 -0.526781 0.797651 
vn -0.316522 -0.567735 0.759929 
vn -0.247549 -0.496395 0.832052 
vn -0.226301 -0.50642 0.832061 
vn -0.381611 -0.580899 0.718978 
vn -0.4273 -0.650448 0.627958 
vn -0.447938 -0.681865 0.578284 
vn -0.405139 -0.616713 0.674928 
vn -0.331144 -0.504076 0.797654 
vn -0.356888 -0.543264 0.759931 
vn -0.276587 -0.480823 0.832051 
vn -0.282667 -0.477275 0.832051 
vn -0.270112 -0.48449 0.832051 
vn -0.422805 -0.551646 0.718973 
vn -0.473423 -0.617694 0.627952 
vn -0.496288 -0.647529 0.578277 
vn -0.448871 -0.585657 0.674923 
vn -0.366892 -0.47869 0.79765 
vn -0.395414 -0.515906 0.759927 
vn -0.316361 -0.455631 0.832055 
vn -0.320903 -0.452445 0.832055 
vn -0.304558 -0.463607 0.832053 
vn -0.461829 -0.519405 0.71898 
vn -0.517109 -0.581606 0.627959 
vn -0.542079 -0.609703 0.578284 
vn -0.490295 -0.551435 0.67493 
vn -0.400764 -0.4507 0.797658 
vn -0.431914 -0.485747 0.759935 
vn -0.351684 -0.428956 0.832055 
vn -0.337439 -0.440259 0.83205 
vn -0.49838 -0.484452 0.718974 
vn -0.558051 -0.542451 0.627954 
vn -0.585004 -0.56865 0.578279 
vn -0.529107 -0.514318 0.674924 
vn -0.432469 -0.420385 0.797651 
vn -0.466091 -0.453066 0.759928 
vn -0.381802 -0.402387 0.832053 
vn -0.366368 -0.416479 0.832058 
vn -0.532331 -0.446878 0.718974 
vn -0.596074 -0.50037 0.627953 
vn -0.624868 -0.524532 0.578278 
vn -0.565155 -0.474423 0.674924 
vn -0.461921 -0.387789 0.797652 
vn -0.497838 -0.417931 0.759929 
vn -0.406786 -0.377116 0.832051 
vn -0.409812 -0.373826 0.832051 
vn -0.397748 -0.386637 0.832051 
vn -0.563549 -0.406804 0.718974 
vn -0.631017 -0.455515 0.627952 
vn -0.661493 -0.477518 0.578277 
vn -0.598291 -0.431887 0.674923 
vn -0.489024 -0.352998 0.797651 
vn -0.52704 -0.380445 0.759928 
vn -0.435734 -0.343254 0.832053 
vn -0.441915 -0.33526 0.832053 
vn -0.424831 -0.356663 0.832052 
vn -0.591759 -0.364551 0.718974 
vn -0.662604 -0.408204 0.627953 
vn -0.694605 -0.427922 0.578278 
vn -0.62824 -0.387029 0.674924 
vn -0.513503 -0.316333 0.797652 
vn -0.553422 -0.340929 0.759928 
vn -0.459487 -0.310745 0.832051 
vn -0.449766 -0.324655 0.832051 
vn -0.469887 -0.294782 0.832052 
vn -0.616855 -0.320261 0.718973 
vn -0.690707 -0.358608 0.627952 
vn -0.724067 -0.375929 0.578277 
vn -0.654885 -0.340008 0.674923 
vn -0.535278 -0.277904 0.79765 
vn -0.576892 -0.299511 0.759927 
vn -0.480797 -0.276634 0.83205 
vn -0.47228 -0.290933 0.832052 
vn -0.638618 -0.274317 0.71897 
vn -0.715087 -0.307133 0.627948 
vn -0.74963 -0.321956 0.578273 
vn -0.677995 -0.291216 0.674919 
vn -0.554151 -0.238064 0.797648 
vn -0.597239 -0.256557 0.759924 
vn -0.499632 -0.240963 0.832049 
vn -0.496911 -0.246523 0.832049 
vn -0.657062 -0.226588 0.718977 
vn -0.735725 -0.253733 0.627955 
vn -0.771258 -0.265995 0.57828 
vn -0.697569 -0.240566 0.674926 
vn -0.57017 -0.196605 0.797654 
vn -0.614495 -0.211899 0.759931 
vn -0.515779 -0.204107 0.832053 
vn -0.517717 -0.199136 0.832054 
vn -0.509657 -0.218966 0.832048 
vn -0.668798 -0.189175 0.718973 
vn -0.679841 -0.1923 0.707698 
vn -0.748867 -0.211837 0.627952 
vn -0.799737 -0.226236 0.556092 
vn -0.743376 -0.210283 0.634959 
vn -0.580354 -0.164144 0.79765 
vn -0.529356 -0.165747 0.832052 
vn -0.524398 -0.180812 0.832054 
vn 0.918752 0.267311 0.290585 
vn 0.933306 0.198556 0.299193 
vn 0.94963 0.202032 0.239554 
vn 0.941692 0.273998 0.195296 
vn 0.944587 0.274842 0.179492 
vn 0.962228 0.204715 0.179467 
vn 0.971125 0.206611 0.119284 
vn 0.955545 0.27804 0.0981213 
vn 0.889601 0.189252 0.415685 
vn 0.913275 0.194292 0.358022 
vn 0.886944 0.258045 0.38307 
vn 0.916193 0.266566 0.29922 
vn 0.873288 0.254067 0.415713 
vn 0.946117 0.12388 0.299191 
vn 0.975438 0.127719 0.179466 
vn 0.984457 0.1289 0.119284 
vn 0.962666 0.126047 0.239553 
vn 0.901812 0.118079 0.415684 
vn 0.925811 0.121222 0.358021 
vn 0.95292 0.0491057 0.299219 
vn 0.982457 0.0506089 0.179492 
vn 0.991543 0.0510679 0.119308 
vn 0.969591 0.0499552 0.23958 
vn 0.90829 0.0468249 0.415711 
vn 0.932465 0.0480611 0.358049 
vn 0.953837 -0.0257302 0.29922 
vn 0.983402 -0.0265121 0.179494 
vn 0.992497 -0.0267499 0.11931 
vn 0.970523 -0.0261724 0.239582 
vn 0.909165 -0.0245412 0.415711 
vn 0.933363 -0.0251859 0.358049 
vn 0.948968 -0.099647 0.299217 
vn 0.978378 -0.102757 0.17949 
vn 0.987425 -0.103717 0.119307 
vn 0.965567 -0.101401 0.239578 
vn 0.928599 -0.0974975 0.358047 
vn 0.904527 -0.094959 0.415709 
vn 0.955027 -0.174714 0.23958 
vn 0.97665 -0.178664 0.119308 
vn 0.9677 -0.17703 0.179492 
vn 0.918459 -0.168031 0.358049 
vn 0.938607 -0.171714 0.299219 
vn 0.894647 -0.163678 0.415712 
vn 0.939323 -0.245507 0.23958 
vn 0.960588 -0.251072 0.119308 
vn 0.951786 -0.248768 0.179492 
vn 0.903359 -0.236101 0.358049 
vn 0.923174 -0.241283 0.299219 
vn 0.87994 -0.229977 0.415712 
vn 0.918506 -0.314564 0.239577 
vn 0.939298 -0.321693 0.119303 
vn 0.930692 -0.318742 0.179488 
vn 0.88334 -0.302512 0.358047 
vn 0.902715 -0.309152 0.299216 
vn 0.86044 -0.294665 0.41571 
vn 0.892721 -0.381641 0.239582 
vn 0.912936 -0.390274 0.119309 
vn 0.904568 -0.386701 0.179493 
vn 0.858536 -0.367035 0.358052 
vn 0.877371 -0.375082 0.299221 
vn 0.836277 -0.357523 0.415715 
vn 0.862582 -0.445594 0.239581 
vn 0.874025 -0.451512 0.179492 
vn 0.882105 -0.455693 0.119308 
vn 0.829559 -0.428523 0.35805 
vn 0.847754 -0.437928 0.29922 
vn 0.808055 -0.417408 0.415713 
vn 0.828446 -0.50624 0.23958 
vn 0.83944 -0.512955 0.179492 
vn 0.847205 -0.517696 0.119308 
vn 0.796722 -0.486862 0.35805 
vn 0.814201 -0.497539 0.29922 
vn 0.776065 -0.474242 0.415713 
vn 0.787446 -0.567915 0.239585 
vn 0.805274 -0.580775 0.119311 
vn 0.797895 -0.575452 0.179496 
vn 0.757296 -0.546168 0.358056 
vn 0.773908 -0.55815 0.299225 
vn 0.737662 -0.532007 0.415719 
vn 0.745042 -0.622505 0.239582 
vn 0.761913 -0.636596 0.119309 
vn 0.75493 -0.630764 0.179494 
vn 0.716513 -0.598672 0.358052 
vn 0.732232 -0.611803 0.299222 
vn 0.697936 -0.583152 0.415715 
vn 0.699396 -0.673383 0.239583 
vn 0.715213 -0.688647 0.119309 
vn 0.708668 -0.682328 0.179494 
vn 0.672634 -0.647581 0.358053 
vn 0.68738 -0.661797 0.299222 
vn 0.655205 -0.630783 0.415716 
vn 0.650747 -0.720506 0.239582 
vn 0.665497 -0.736803 0.119309 
vn 0.65939 -0.730059 0.179493 
vn 0.625812 -0.692934 0.358052 
vn 0.63955 -0.708126 0.299222 
vn 0.609579 -0.674977 0.415715 
vn 0.599352 -0.763792 0.239583 
vn 0.612919 -0.781086 0.119309 
vn 0.607304 -0.773928 0.179494 
vn 0.576406 -0.734544 0.358053 
vn 0.589048 -0.750658 0.299222 
vn 0.561463 -0.715499 0.415716 
vn 0.544954 -0.803508 0.239582 
vn 0.557292 -0.8217 0.119309 
vn 0.552185 -0.81417 0.179494 
vn 0.524089 -0.772742 0.358052 
vn 0.535585 -0.789693 0.299221 
vn 0.510502 -0.752708 0.415715 
vn 0.481948 -0.842809 0.23958 
vn 0.492857 -0.861892 0.119308 
vn 0.488342 -0.853993 0.179492 
vn 0.463496 -0.810538 0.35805 
vn 0.473663 -0.828318 0.299219 
vn 0.451481 -0.789524 0.415712 
vn 0.422808 -0.873976 0.239581 
vn 0.43238 -0.893763 0.119308 
vn 0.428418 -0.885573 0.179492 
vn 0.406619 -0.840512 0.35805 
vn 0.415539 -0.85895 0.29922 
vn 0.396078 -0.818722 0.415713 
vn 0.361366 -0.901119 0.23958 
vn 0.369539 -0.921524 0.119307 
vn 0.366157 -0.913078 0.179492 
vn 0.347538 -0.866613 0.35805 
vn 0.355157 -0.885625 0.29922 
vn 0.338532 -0.844144 0.415713 
vn 0.297411 -0.924201 0.23958 
vn 0.304156 -0.945122 0.119307 
vn 0.301364 -0.936463 0.179492 
vn 0.286012 -0.888818 0.35805 
vn 0.292292 -0.908313 0.29922 
vn 0.278591 -0.865777 0.415714 
vn 0.230994 -0.942996 0.239582 
vn 0.236223 -0.964346 0.119309 
vn 0.234059 -0.95551 0.179493 
vn 0.22215 -0.906889 0.358052 
vn 0.227023 -0.926783 0.299221 
vn 0.216391 -0.883378 0.415715 
vn 0.162202 -0.957231 0.239581 
vn 0.165873 -0.978903 0.119308 
vn 0.164354 -0.969933 0.179492 
vn 0.155993 -0.920579 0.35805 
vn 0.159414 -0.940773 0.29922 
vn 0.15195 -0.896713 0.415713 
vn 0.091712 -0.966535 0.239581 
vn 0.0937901 -0.988417 0.119308 
vn 0.0929298 -0.97936 0.179493 
vn 0.0881988 -0.929527 0.358051 
vn 0.0901344 -0.949917 0.299221 
vn 0.0859113 -0.905429 0.415714 
vn 0.0189213 -0.970692 0.239581 
vn 0.0193479 -0.992669 0.119308 
vn 0.0191715 -0.983573 0.179492 
vn 0.0181985 -0.933525 0.358051 
vn 0.0185968 -0.954003 0.299221 
vn 0.0177276 -0.909323 0.415714 
vn -0.0557644 -0.952553 0.29922 
vn -0.0574947 -0.982078 0.179492 
vn -0.0580273 -0.99116 0.119307 
vn -0.0567409 -0.969217 0.239581 
vn -0.0531509 -0.907941 0.415714 
vn -0.0545665 -0.932106 0.358051 
vn -0.130212 -0.945258 0.29922 
vn -0.134244 -0.974557 0.179492 
vn -0.135484 -0.98357 0.119308 
vn -0.132488 -0.961794 0.239581 
vn -0.124117 -0.900987 0.415713 
vn -0.127419 -0.924967 0.35805 
vn -0.199129 -0.933175 0.29922 
vn -0.205295 -0.9621 0.179493 
vn -0.207191 -0.970998 0.119308 
vn -0.202609 -0.9495 0.239581 
vn -0.189808 -0.889469 0.415713 
vn -0.194857 -0.913143 0.358051 
vn -0.266703 -0.916153 0.299221 
vn -0.274972 -0.944549 0.179492 
vn -0.277517 -0.953284 0.119307 
vn -0.27137 -0.93218 0.239581 
vn -0.254208 -0.873246 0.415716 
vn -0.260976 -0.896488 0.358052 
vn -0.332651 -0.894322 0.299218 
vn -0.342974 -0.922037 0.17949 
vn -0.338477 -0.909965 0.239579 
vn -0.317059 -0.852442 0.415712 
vn -0.325504 -0.875127 0.358049 
vn -0.396786 -0.86777 0.299225 
vn -0.412846 -0.902953 0.11931 
vn -0.346152 -0.930562 0.119305 
vn -0.40372 -0.882955 0.239585 
vn -0.378218 -0.827121 0.41572 
vn -0.388276 -0.849139 0.358056 
vn -0.464638 -0.833412 0.299226 
vn -0.40907 -0.894675 0.179495 
vn -0.47904 -0.859245 0.179499 
vn -0.48347 -0.867191 0.119315 
vn -0.472766 -0.847992 0.239587 
vn -0.442877 -0.794379 0.415718 
vn -0.454665 -0.815522 0.358056 
vn -0.523895 -0.797494 0.299229 
vn -0.540132 -0.822214 0.179501 
vn -0.545127 -0.829819 0.119317 
vn -0.533059 -0.811446 0.23959 
vn -0.499359 -0.760142 0.415721 
vn -0.512649 -0.780375 0.358058 
vn -0.58044 -0.757336 0.29922 
vn -0.598429 -0.780811 0.179492 
vn -0.603962 -0.788032 0.119308 
vn -0.590593 -0.770585 0.239581 
vn -0.553257 -0.721865 0.415713 
vn -0.567981 -0.741079 0.35805 
vn -0.633973 -0.713122 0.299224 
vn -0.659653 -0.74204 0.11931 
vn -0.653613 -0.735235 0.179495 
vn -0.604291 -0.679713 0.415718 
vn -0.62037 -0.69781 0.358055 
vn -0.645059 -0.725602 0.239584 
vn -0.684208 -0.665075 0.299223 
vn -0.705417 -0.685689 0.179496 
vn -0.711941 -0.69203 0.119312 
vn -0.696178 -0.676709 0.239584 
vn -0.652163 -0.633928 0.415715 
vn -0.669521 -0.650799 0.358053 
vn -0.730849 -0.613455 0.29922 
vn -0.753509 -0.632461 0.179492 
vn -0.760481 -0.638306 0.119307 
vn -0.743638 -0.624182 0.23958 
vn -0.696614 -0.584732 0.415713 
vn -0.715158 -0.600291 0.35805 
vn -0.773655 -0.558504 0.299217 
vn -0.797632 -0.575819 0.179488 
vn -0.805007 -0.581146 0.119304 
vn -0.787188 -0.568276 0.239577 
vn -0.737425 -0.532343 0.415711 
vn -0.75705 -0.546514 0.358047 
vn -0.812383 -0.5005 0.29922 
vn -0.837561 -0.516018 0.179493 
vn -0.826594 -0.509258 0.239581 
vn -0.774339 -0.477055 0.415714 
vn -0.794947 -0.489754 0.358051 
vn -0.846845 -0.439683 0.29922 
vn -0.845305 -0.520792 0.119308 
vn -0.873092 -0.453313 0.179492 
vn -0.881166 -0.457506 0.119308 
vn -0.861659 -0.447375 0.239581 
vn -0.807185 -0.419089 0.415713 
vn -0.828668 -0.430244 0.35805 
vn -0.876768 -0.376495 0.299215 
vn -0.903951 -0.388145 0.179487 
vn -0.912315 -0.391725 0.119303 
vn -0.89211 -0.383071 0.239576 
vn -0.835698 -0.358881 0.415708 
vn -0.857944 -0.368423 0.358045 
vn -0.902032 -0.311136 0.29922 
vn -0.938585 -0.323764 0.119307 
vn -0.91781 -0.316585 0.239581 
vn -0.85979 -0.296552 0.415714 
vn -0.882671 -0.304451 0.358051 
vn -0.92071 -0.260486 0.290585 
vn -0.943701 -0.266999 0.195295 
vn -0.918146 -0.25976 0.299219 
vn -0.946602 -0.267821 0.179492 
vn -0.957584 -0.270935 0.0981212 
vn -0.929987 -0.320792 0.179492 
vn -0.875149 -0.247585 0.415712 
vn -0.888834 -0.25146 0.38307 
vn -0.848379 -0.240006 0.471858 
vn -0.533764 -0.150958 0.83205 
vn -0.609745 -0.172462 0.773607 
vn -0.665803 -0.746127 2.45043e-06 
vn 0.555598 -0.831451 1.17494e-05 
vn 0.960175 0.279399 -1.61909e-14 
vn -0.863713 -0.177062 0.471857 
vn -0.848379 -0.240006 0.471858 
vn -0.818271 -0.231483 0.526163 
vn -0.833068 -0.170773 0.52615 
vn -0.844025 -0.103905 0.526142 
vn -0.880845 -0.0382454 0.471858 
vn -0.875074 -0.107722 0.471849 
vn -0.849591 -0.0368911 0.526151 
vn -0.849883 0.0293912 0.526151 
vn -0.87627 0.0974714 0.471858 
vn -0.881148 0.0304726 0.471858 
vn -0.866395 0.163433 0.471857 
vn -0.845178 0.0940143 0.526151 
vn -0.85166 0.22809 0.471858 
vn -0.835654 0.157632 0.52615 
vn -0.832252 0.291045 0.471858 
vn -0.821442 0.219996 0.526151 
vn -0.808442 0.35181 0.471859 
vn -0.802724 0.280713 0.526151 
vn -0.780925 0.409275 0.471859 
vn -0.779756 0.339331 0.526152 
vn -0.749572 0.46421 0.471858 
vn -0.753217 0.394752 0.526151 
vn -0.712098 0.519855 0.471876 
vn -0.722979 0.447734 0.526151 
vn -0.673193 0.569347 0.471863 
vn -0.686841 0.501393 0.52617 
vn -0.63181 0.614945 0.471867 
vn -0.649287 0.549169 0.526156 
vn -0.587425 0.65748 0.471859 
vn -0.609406 0.593111 0.52616 
vn -0.5404 0.69664 0.471869 
vn -0.56657 0.634162 0.526152 
vn -0.490684 0.732515 0.471859 
vn -0.52123 0.671919 0.526161 
vn -0.433564 0.767705 0.47186 
vn -0.473278 0.706522 0.526152 
vn -0.379947 0.795607 0.471858 
vn -0.41818 0.740465 0.526153 
vn -0.323903 0.820021 0.471861 
vn -0.366464 0.767378 0.526151 
vn -0.265225 0.840834 0.471863 
vn -0.312413 0.790924 0.526153 
vn -0.204862 0.857543 0.471859 
vn -0.255812 0.811 0.526156 
vn -0.142752 0.870041 0.471859 
vn -0.197593 0.827116 0.526152 
vn -0.0784526 0.878177 0.471859 
vn -0.137688 0.83917 0.526152 
vn -0.0118945 0.881594 0.471859 
vn -0.0756693 0.847018 0.526152 
vn -0.0114715 0.850313 0.526152 
vn 0.0552123 0.848597 0.526151 
vn 0.0572451 0.879814 0.471858 
vn 0.121414 0.841678 0.526153 
vn 0.125881 0.872641 0.471861 
vn 0.182745 0.830523 0.526151 
vn 0.189465 0.861076 0.471859 
vn 0.242836 0.814982 0.526151 
vn 0.25177 0.844963 0.471858 
vn 0.301403 0.795185 0.526153 
vn 0.312503 0.824433 0.47186 
vn 0.35857 0.771091 0.526162 
vn 0.37175 0.799463 0.471869 
vn 0.415595 0.741919 0.526153 
vn 0.430884 0.769211 0.471861 
vn 0.468299 0.709829 0.526154 
vn 0.48553 0.73594 0.471861 
vn 0.518654 0.673917 0.526151 
vn 0.537728 0.698712 0.471858 
vn 0.5663 0.634399 0.526159 
vn 0.587129 0.65774 0.471865 
vn 0.610971 0.591505 0.526152 
vn 0.633444 0.613268 0.47186 
vn 0.652422 0.545442 0.526155 
vn 0.676426 0.565503 0.471862 
vn 0.690507 0.496352 0.526151 
vn 0.715902 0.51462 0.471858 
vn 0.724906 0.444608 0.526152 
vn 0.751572 0.460964 0.471859 
vn 0.755518 0.39033 0.526151 
vn 0.783309 0.404692 0.471859 
vn 0.782071 0.333967 0.526148 
vn 0.810841 0.346249 0.471856 
vn 0.804432 0.275748 0.526167 
vn 0.834027 0.285888 0.471876 
vn 0.816541 0.237543 0.526151 
vn -0.97789 -0.200515 0.059369 
vn -0.979617 -0.200875 -2.57831e-07 
vn -0.972366 -0.233464 -1.10728e-06 
vn -0.960529 -0.271771 0.0593692 
vn -0.990762 -0.12193 0.0593619 
vn -0.991249 -0.132005 -4.87621e-06 
vn -0.981892 -0.189441 -3.66571e-07 
vn -0.997297 -0.0432835 0.0593693 
vn -0.999714 -0.0238973 -1.28407e-06 
vn -0.995909 -0.0903598 -7.76462e-06 
vn -0.99764 0.0345024 0.0593701 
vn -0.999403 0.0345635 8.75787e-07 
vn -0.992118 0.110348 0.0593713 
vn -0.996513 0.0834351 2.73381e-07 
vn -0.996499 0.0836066 2.87367e-07 
vn -0.993871 0.110542 2.14235e-06 
vn -0.980933 0.185055 0.0593692 
vn -0.964252 0.258249 0.05937 
vn -0.965956 0.258706 7.6384e-07 
vn -0.981575 0.191076 2.65237e-08 
vn -0.95566 0.294471 5.51619e-06 
vn -0.95831 0.28573 4.99943e-08 
vn -0.942267 0.329558 0.0593687 
vn -0.94393 0.330145 -6.86591e-07 
vn -0.915333 0.398297 0.0593687 
vn -0.925853 0.377883 1.99237e-07 
vn -0.919585 0.392892 8.64677e-06 
vn -0.916952 0.398998 -7.23598e-07 
vn -0.884166 0.463386 0.0593689 
vn -0.848648 0.525616 0.0593696 
vn -0.850145 0.526549 3.07809e-07 
vn -0.874162 0.485635 1.98054e-05 
vn -0.806175 0.58869 0.0593743 
vn -0.820203 0.572073 3.91396e-06 
vn -0.835387 0.549663 2.67822e-07 
vn -0.807591 0.589743 2.99629e-06 
vn -0.762323 0.644468 0.0593724 
vn -0.778255 0.627949 2.90963e-06 
vn -0.763686 0.645587 2.69987e-06 
vn -0.715246 0.696346 0.0593728 
vn -0.714231 0.69991 1.85958e-06 
vn -0.758574 0.651586 0.000213407 
vn -0.665167 0.744331 0.0593696 
vn -0.689963 0.723844 1.83184e-06 
vn -0.666352 0.745637 1.24928e-07 
vn -0.61182 0.788765 0.0593818 
vn -0.612899 0.790162 1.21654e-05 
vn -0.643728 0.765254 7.83386e-06 
vn -0.55651 0.830841 1.61072e-08 
vn -0.567203 0.823578 2.46642e-08 
vn -0.612303 0.790623 1.19477e-05 
vn -0.490887 0.869198 0.0593716 
vn -0.485601 0.874181 2.94929e-06 
vn -0.532042 0.846718 6.80616e-09 
vn -0.555531 0.829373 0.0593694 
vn -0.430188 0.900785 0.0593697 
vn -0.446865 0.894601 6.57002e-08 
vn -0.430949 0.902376 3.97821e-07 
vn -0.366709 0.928439 0.0593702 
vn -0.367355 0.930081 5.93186e-07 
vn -0.399463 0.916749 5.35589e-07 
vn -0.300301 0.951995 0.0593715 
vn -0.309129 0.95102 2.07867e-06 
vn -0.357574 0.933885 1.26803e-06 
vn -0.231948 0.970915 0.0593695 
vn -0.264206 0.964466 1.82779e-05 
vn -0.232358 0.97263 3.97311e-08 
vn -0.161612 0.985067 0.0593692 
vn -0.167499 0.985872 -2.36586e-08 
vn -0.215483 0.976508 -8.5221e-08 
vn -0.161896 0.986808 -1.76881e-07 
vn -0.0888223 0.994277 0.059369 
vn -0.119266 0.992862 -1.68698e-06 
vn -0.088979 0.996034 -4.09099e-07 
vn -0.0134735 0.998145 0.0593683 
vn -0.0168851 0.999857 -1.46211e-06 
vn -0.0676375 0.99771 -1.71137e-07 
vn 0.0648239 0.996129 0.0593693 
vn 0.0649398 0.997889 1.99914e-10 
vn 0.0197652 0.999805 1.12262e-05 
vn 0.142525 0.988009 0.0593693 
vn 0.124003 0.992282 8.28561e-07 
vn 0.142777 0.989755 -4.25768e-07 
vn 0.0811434 0.996702 1.85123e-08 
vn 0.214494 0.974919 0.0593694 
vn 0.214871 0.976642 -6.47255e-10 
vn 0.175416 0.984494 -4.94959e-07 
vn 0.285062 0.956669 0.0593687 
vn 0.264807 0.964301 -3.33884e-09 
vn 0.229284 0.973359 2.0623e-05 
vn 0.353893 0.9334 0.0593695 
vn 0.333767 0.942656 8.62866e-06 
vn 0.35015 0.936694 -1.81331e-07 
vn 0.421561 0.9068 3.57189e-06 
vn 0.487854 0.870904 0.0593735 
vn 0.488717 0.872442 4.153e-06 
vn 0.432828 0.901477 2.66148e-06 
vn 0.420826 0.905196 0.059374 
vn 0.42424 0.90555 3.4827e-06 
vn 0.549738 0.833225 0.0593711 
vn 0.550712 0.834696 1.42614e-06 
vn 0.511404 0.85934 1.97946e-06 
vn 0.510672 0.859776 4.64071e-06 
vn 0.592237 0.805763 1.51368e-05 
vn 0.585957 0.810342 1.37901e-06 
vn 0.608783 0.791112 0.0593693 
vn 0.609855 0.792513 -3.34986e-08 
vn 0.664733 0.744718 0.0593714 
vn 0.646428 0.762975 1.59746e-05 
vn 0.656916 0.753963 2.59385e-07 
vn 0.722398 0.691478 -1.61924e-06 
vn 0.765875 0.640243 0.0593686 
vn 0.767231 0.641371 -1.41788e-06 
vn 0.724795 0.688965 1.80618e-06 
vn 0.717175 0.694359 0.0593684 
vn 0.794973 0.606644 -4.50579e-09 
vn 0.782612 0.62251 -2.45315e-07 
vn 0.810506 0.582714 0.0593693 
vn 0.811933 0.58375 -2.26744e-09 
vn 0.850931 0.521912 0.059369 
vn 0.837277 0.546778 -4.44028e-08 
vn 0.852434 0.522835 -4.71872e-07 
vn 0.886855 0.458217 0.0593706 
vn 0.885351 0.464923 1.97967e-07 
vn 0.855082 0.518493 -5.60502e-07 
vn 0.918046 0.392004 0.0593708 
vn 0.904834 0.425765 3.01089e-05 
vn 0.92564 0.378406 7.20946e-08 
vn 0.944306 0.323664 0.059394 
vn 0.944065 0.329759 2.54751e-05 
vn 0.945977 0.324233 2.46466e-05 
vn 0.958483 0.2789 0.0593693 
vn 0.960175 0.279399 -2.38534e-14 
vn -0.799737 -0.226236 0.556092 
vn -0.748857 -0.211834 0.627964 
vn -0.762401 -0.156272 0.627952 
vn -0.799223 -0.163827 0.578277 
vn -0.743376 -0.210283 0.634959 
vn -0.679841 -0.1923 0.707698 
vn -0.722862 -0.14816 0.674922 
vn -0.636774 -0.130498 0.759927 
vn -0.609745 -0.172462 0.773607 
vn -0.580354 -0.164144 0.79765 
vn -0.668814 -0.189179 0.718957 
vn -0.680885 -0.139548 0.718973 
vn -0.590843 -0.121076 0.79765 
vn -0.537177 -0.138327 0.832049 
vn -0.540048 -0.126649 0.83205 
vn -0.533764 -0.150958 0.83205 
vn -0.689836 -0.0849419 0.718965 
vn -0.772427 -0.0951003 0.627944 
vn -0.809733 -0.0996882 0.578268 
vn -0.732366 -0.0901731 0.674914 
vn -0.598607 -0.0737192 0.797644 
vn -0.645144 -0.0794442 0.75992 
vn -0.547895 -0.0866687 0.832046 
vn -0.548127 -0.0851932 0.832045 
vn -0.543411 -0.111346 0.83205 
vn -0.694383 -0.0301626 0.718973 
vn -0.815072 -0.035395 0.578277 
vn -0.737193 -0.0320189 0.674923 
vn -0.602551 -0.0261802 0.797651 
vn -0.649396 -0.0282118 0.759927 
vn -0.55055 -0.0678069 0.832044 
vn -0.553108 -0.0420544 0.832048 
vn -0.694623 0.0240211 0.718973 
vn -0.777519 -0.0337672 0.627952 
vn -0.777787 0.0268975 0.627952 
vn -0.815353 0.0281969 0.578277 
vn -0.737448 0.0255023 0.674923 
vn -0.60276 0.0208438 0.79765 
vn -0.64962 0.0224646 0.759927 
vn -0.554597 -0.0107425 0.83205 
vn -0.554415 0.0177824 0.83205 
vn -0.554048 -0.0268895 0.83205 
vn -0.733365 0.0815807 0.674922 
vn -0.810839 0.0901959 0.578277 
vn -0.773481 0.0860417 0.627952 
vn -0.646024 0.0718677 0.759927 
vn -0.690777 0.0768447 0.718973 
vn -0.599423 0.0666852 0.79765 
vn -0.552992 0.0435072 0.83205 
vn -0.551461 0.0598704 0.83205 
vn -0.554369 0.0191701 0.83205 
vn -0.725103 0.136771 0.674922 
vn -0.801703 0.151225 0.578277 
vn -0.764766 0.144255 0.627951 
vn -0.638747 0.120477 0.759926 
vn -0.682995 0.128826 0.718972 
vn -0.592671 0.111783 0.79765 
vn -0.546101 0.0973018 0.832049 
vn -0.545462 0.100822 0.83205 
vn -0.5513 0.0613334 0.83205 
vn -0.712769 0.19089 0.674923 
vn -0.788067 0.211057 0.578278 
vn -0.751758 0.201332 0.627953 
vn -0.627881 0.168154 0.759927 
vn -0.671378 0.179804 0.718973 
vn -0.545091 0.102806 0.83205 
vn -0.536712 0.140117 0.832051 
vn -0.582589 0.156024 0.797651 
vn -0.696532 0.243559 0.674923 
vn -0.770111 0.269302 0.578278 
vn -0.734632 0.256888 0.627953 
vn -0.613582 0.214539 0.759928 
vn -0.656086 0.229408 0.718974 
vn -0.569323 0.199055 0.797651 
vn -0.534064 0.149892 0.83205 
vn -0.525371 0.177982 0.832051 
vn -0.676592 0.29445 0.674924 
vn -0.748073 0.325548 0.578279 
vn -0.713605 0.310552 0.627954 
vn -0.596007 0.25939 0.759929 
vn -0.637299 0.277355 0.718975 
vn -0.553012 0.240684 0.797652 
vn -0.51708 0.200789 0.832053 
vn -0.511426 0.214785 0.832053 
vn -0.523619 0.183067 0.832051 
vn -0.65357 0.342526 0.674924 
vn -0.722614 0.378713 0.578278 
vn -0.689321 0.361264 0.627953 
vn -0.575732 0.301731 0.759928 
vn -0.615616 0.322635 0.718974 
vn -0.534202 0.279965 0.797652 
vn -0.495368 0.249603 0.832051 
vn -0.495165 0.250005 0.832051 
vn -0.508612 0.221366 0.832052 
vn -0.627342 0.388485 0.674923 
vn -0.693608 0.429538 0.578278 
vn -0.661655 0.409742 0.627953 
vn -0.552635 0.342206 0.759927 
vn -0.590915 0.365919 0.718973 
vn -0.491315 0.257487 0.832051 
vn -0.476587 0.283827 0.83205 
vn -0.512775 0.317515 0.797651 
vn -0.596001 0.435009 0.674944 
vn -0.658943 0.481004 0.578298 
vn -0.628593 0.458825 0.627973 
vn -0.525038 0.383162 0.759949 
vn -0.561399 0.409728 0.718995 
vn -0.469247 0.295801 0.832051 
vn -0.456334 0.315323 0.832064 
vn -0.487175 0.3555 0.797672 
vn -0.563328 0.476585 0.674929 
vn -0.622886 0.526879 0.578283 
vn -0.594166 0.502628 0.627958 
vn -0.496191 0.419877 0.759933 
vn -0.530591 0.448935 0.718979 
vn -0.460372 0.389619 0.797656 
vn -0.438839 0.339232 0.832071 
vn -0.433138 0.346492 0.832067 
vn -0.448074 0.326936 0.832071 
vn -0.528824 0.514597 0.674933 
vn -0.58466 0.568997 0.578287 
vn -0.557736 0.542765 0.627962 
vn -0.465873 0.453274 0.759937 
vn -0.49813 0.484696 0.718983 
vn -0.432284 0.420557 0.79766 
vn -0.409253 0.374434 0.832052 
vn -0.423384 0.35837 0.832055 
vn -0.404941 0.379088 0.832055 
vn -0.491578 0.550298 0.674924 
vn -0.543538 0.608408 0.578279 
vn -0.518483 0.580388 0.627954 
vn -0.433004 0.484784 0.759929 
vn -0.463017 0.518354 0.718975 
vn -0.397597 0.386773 0.83206 
vn -0.382549 0.401663 0.83206 
vn -0.401754 0.449828 0.797652 
vn -0.452285 0.583016 0.67493 
vn -0.500056 0.644615 0.578286 
vn -0.477021 0.614912 0.627961 
vn -0.398428 0.513573 0.759933 
vn -0.426024 0.549156 0.71898 
vn -0.367095 0.415853 0.832051 
vn -0.351195 0.42936 0.832053 
vn -0.369692 0.476523 0.797655 
vn -0.410676 0.613044 0.674924 
vn -0.454052 0.677813 0.578278 
vn -0.433136 0.646582 0.627953 
vn -0.361774 0.540026 0.759928 
vn -0.386831 0.577441 0.718974 
vn -0.321488 0.452037 0.83205 
vn -0.319893 0.453168 0.83205 
vn -0.340018 0.438262 0.832054 
vn -0.335682 0.501068 0.797652 
vn -0.362856 0.642505 0.674924 
vn -0.401189 0.710381 0.578279 
vn -0.382705 0.677651 0.627954 
vn -0.31964 0.565985 0.759928 
vn -0.341784 0.605194 0.718974 
vn -0.296582 0.525158 0.797651 
vn -0.290168 0.472751 0.832051 
vn -0.308737 0.460838 0.832051 
vn -0.317977 0.66586 0.674923 
vn -0.351573 0.736201 0.578278 
vn -0.335373 0.702282 0.627952 
vn -0.280104 0.58656 0.759927 
vn -0.29951 0.627193 0.718973 
vn -0.259896 0.544249 0.797651 
vn -0.257456 0.491332 0.832051 
vn -0.275336 0.481541 0.832051 
vn -0.271089 0.686284 0.674926 
vn -0.299722 0.758788 0.57828 
vn -0.285915 0.723827 0.627955 
vn -0.238809 0.604547 0.75993 
vn -0.255349 0.646429 0.718976 
vn -0.221585 0.560936 0.797653 
vn -0.22828 0.50555 0.83205 
vn -0.223492 0.507685 0.83205 
vn -0.239029 0.500557 0.83205 
vn -0.221964 0.703708 0.674927 
vn -0.245417 0.778049 0.578282 
vn -0.234108 0.742202 0.627957 
vn -0.181418 0.575183 0.797654 
vn -0.209072 0.662843 0.718977 
vn -0.185386 0.522795 0.832056 
vn -0.173978 0.526703 0.832055 
vn -0.203799 0.515901 0.832053 
vn -0.171452 0.717692 0.674924 
vn -0.189565 0.79351 0.578279 
vn -0.180831 0.756951 0.627954 
vn -0.151031 0.632216 0.759929 
vn -0.195524 0.619899 0.759931 
vn -0.161495 0.676014 0.718975 
vn -0.140136 0.586611 0.797652 
vn -0.14889 0.534344 0.832051 
vn -0.166851 0.529007 0.832053 
vn -0.119478 0.72815 0.674924 
vn -0.132096 0.805074 0.578278 
vn -0.126012 0.767982 0.627953 
vn -0.105253 0.641429 0.759928 
vn -0.112542 0.685865 0.718974 
vn -0.122373 0.541032 0.832051 
vn -0.110913 0.543498 0.832051 
vn -0.0976625 0.595159 0.797652 
vn -0.128885 0.539516 0.832052 
vn -0.0656597 0.73496 0.674924 
vn -0.0725953 0.812603 0.578278 
vn -0.0692509 0.775164 0.627953 
vn -0.0578406 0.647428 0.759928 
vn -0.0618471 0.69228 0.718974 
vn -0.0536687 0.600726 0.797652 
vn -0.0691246 0.550373 0.832053 
vn -0.0898243 0.547377 0.832052 
vn -0.0714241 0.550079 0.832053 
vn -0.0099509 0.73782 0.674925 
vn -0.0110044 0.815765 0.578279 
vn -0.0104964 0.77818 0.627954 
vn -0.00813015 0.603063 0.797652 
vn -0.00937192 0.694973 0.718975 
vn -0.0303025 0.55387 0.832052 
vn -0.0493605 0.552498 0.832051 
vn -0.0119094 0.55457 0.832052 
vn 0.0451193 0.693572 0.718973 
vn 0.0505253 0.77661 0.627952 
vn 0.0529674 0.814119 0.578277 
vn 0.047903 0.736332 0.674923 
vn 0.0421941 0.648637 0.759927 
vn -0.00876356 0.649947 0.759929 
vn 0.0391484 0.601848 0.797651 
vn 0.0128558 0.55455 0.832051 
vn -0.00747612 0.554647 0.832052 
vn 0.0992327 0.687915 0.718976 
vn 0.111114 0.770277 0.627955 
vn 0.116481 0.80748 0.57828 
vn 0.105351 0.730326 0.674926 
vn 0.0861085 0.596938 0.797653 
vn 0.0928033 0.643346 0.75993 
vn 0.0432411 0.553012 0.832051 
vn 0.0565888 0.551804 0.832051 
vn 0.0360032 0.55353 0.83205 
vn 0.149371 0.678797 0.718974 
vn 0.167248 0.760068 0.627953 
vn 0.175323 0.796779 0.578278 
vn 0.158577 0.720647 0.674924 
vn 0.129624 0.589025 0.797651 
vn 0.139697 0.634818 0.759928 
vn 0.096867 0.546172 0.832054 
vn 0.076638 0.549377 0.832052 
vn 0.19847 0.666098 0.718973 
vn 0.222234 0.745847 0.627952 
vn 0.232969 0.78187 0.578277 
vn 0.210707 0.707164 0.674923 
vn 0.17222 0.578008 0.797651 
vn 0.18561 0.622944 0.759928 
vn 0.126358 0.540116 0.832051 
vn 0.136395 0.537669 0.832051 
vn 0.119221 0.541735 0.832051 
vn 0.246295 0.649933 0.718975 
vn 0.275812 0.727737 0.627954 
vn 0.289146 0.762881 0.578279 
vn 0.261494 0.689998 0.674925 
vn 0.213695 0.56399 0.797653 
vn 0.230324 0.607831 0.75993 
vn 0.17355 0.526851 0.832051 
vn 0.175103 0.526336 0.832051 
vn 0.158393 0.531605 0.832051 
vn 0.293106 0.630198 0.718985 
vn 0.328173 0.705665 0.627964 
vn 0.344012 0.739755 0.578289 
vn 0.311164 0.669059 0.674935 
vn 0.254368 0.546838 0.797662 
vn 0.274129 0.589361 0.759939 
vn 0.216676 0.510611 0.832062 
vn 0.226406 0.50637 0.832063 
vn 0.196523 0.518717 0.832053 
vn 0.33967 0.606383 0.718974 
vn 0.380338 0.678982 0.627954 
vn 0.398709 0.711775 0.57828 
vn 0.360612 0.643767 0.674924 
vn 0.294747 0.526191 0.797651 
vn 0.317662 0.567098 0.759928 
vn 0.233961 0.502928 0.832061 
vn 0.253134 0.493573 0.832051 
vn 0.382737 0.58016 0.718976 
vn 0.428567 0.649617 0.627956 
vn 0.44927 0.680991 0.578281 
vn 0.406337 0.615926 0.674926 
vn 0.332113 0.503439 0.797653 
vn 0.357937 0.542575 0.75993 
vn 0.276775 0.480716 0.832051 
vn 0.288045 0.474049 0.83205 
vn 0.271083 0.483948 0.83205 
vn 0.423925 0.550786 0.718973 
vn 0.474667 0.616739 0.627952 
vn 0.497586 0.646532 0.578277 
vn 0.450054 0.584748 0.674923 
vn 0.367874 0.477935 0.797651 
vn 0.396466 0.515097 0.759927 
vn 0.321468 0.452045 0.832054 
vn 0.324181 0.450104 0.832054 
vn 0.305447 0.463024 0.832053 
vn 0.462854 0.518489 0.718982 
vn 0.518265 0.580575 0.627961 
vn 0.543293 0.60862 0.578286 
vn 0.491388 0.550459 0.674932 
vn 0.401648 0.44991 0.797659 
vn 0.43287 0.484893 0.759936 
vn 0.338347 0.43956 0.832051 
vn 0.356616 0.424862 0.832056 
vn 0.499364 0.483436 0.718975 
vn 0.559146 0.541322 0.627954 
vn 0.586149 0.56747 0.578279 
vn 0.530148 0.513244 0.674924 
vn 0.433329 0.419497 0.797652 
vn 0.467014 0.452113 0.759929 
vn 0.368269 0.414797 0.832059 
vn 0.386435 0.397941 0.832052 
vn 0.533219 0.445812 0.718978 
vn 0.597069 0.499178 0.627957 
vn 0.62591 0.523284 0.578282 
vn 0.566098 0.473293 0.674927 
vn 0.462693 0.386862 0.797655 
vn 0.498669 0.416933 0.759932 
vn 0.408567 0.37518 0.832053 
vn 0.41411 0.369051 0.832054 
vn 0.398544 0.385815 0.832051 
vn 0.564387 0.405641 0.718974 
vn 0.631943 0.454228 0.627953 
vn 0.662458 0.476176 0.578278 
vn 0.599175 0.43066 0.674923 
vn 0.489762 0.351974 0.797651 
vn 0.527829 0.37935 0.759928 
vn 0.439671 0.338196 0.832053 
vn 0.439868 0.337942 0.832053 
vn 0.425542 0.355809 0.832054 
vn 0.592478 0.36338 0.718975 
vn 0.663412 0.406889 0.627954 
vn 0.695454 0.426542 0.578279 
vn 0.629005 0.385784 0.674924 
vn 0.514125 0.31532 0.797652 
vn 0.554094 0.339836 0.759929 
vn 0.463001 0.305486 0.832051 
vn 0.450451 0.323705 0.832051 
vn 0.617503 0.319011 0.718973 
vn 0.69143 0.357212 0.627953 
vn 0.724823 0.374468 0.578278 
vn 0.655571 0.338682 0.674923 
vn 0.535842 0.276815 0.79765 
vn 0.577498 0.298339 0.759927 
vn 0.468103 0.297607 0.832052 
vn 0.483996 0.270996 0.832051 
vn 0.639197 0.272968 0.718969 
vn 0.715726 0.305642 0.627949 
vn 0.750295 0.320401 0.578274 
vn 0.678605 0.289793 0.674919 
vn 0.554663 0.236875 0.797646 
vn 0.597784 0.255286 0.759923 
vn 0.49294 0.254367 0.83205 
vn 0.502416 0.235103 0.832048 
vn 0.492826 0.254588 0.83205 
vn 0.657469 0.225385 0.718983 
vn 0.736188 0.252362 0.627965 
vn 0.771747 0.264547 0.578292 
vn 0.698005 0.239277 0.674934 
vn 0.570516 0.195586 0.797657 
vn 0.614871 0.210787 0.759936 
vn 0.513757 0.209169 0.832047 
vn 0.518161 0.197987 0.832052 
vn 0.747268 0.217373 0.627965 
vn 0.798038 0.232155 0.556092 
vn 0.741799 0.215781 0.63496 
vn 0.579125 0.168426 0.797651 
vn 0.608453 0.176962 0.773608 
vn 0.667395 0.19412 0.718958 
vn 0.524712 0.179888 0.832056 
vn 0.531223 0.159662 0.832052 
vn -0.92071 -0.260486 0.290585 
vn -0.934741 -0.191644 0.299219 
vn -0.951092 -0.195002 0.23958 
vn -0.946598 -0.26782 0.179513 
vn -0.963711 -0.197596 0.179492 
vn -0.972622 -0.199429 0.119307 
vn -0.957584 -0.270935 0.0981212 
vn -0.890966 -0.182656 0.415712 
vn -0.914678 -0.187524 0.358049 
vn -0.888834 -0.25146 0.38307 
vn -0.918151 -0.259762 0.299204 
vn -0.875149 -0.247585 0.415712 
vn -0.94704 -0.116567 0.299211 
vn -0.976394 -0.12017 0.179484 
vn -0.985423 -0.121277 0.1193 
vn -0.963607 -0.118601 0.239572 
vn -0.902687 -0.111116 0.415703 
vn -0.926712 -0.114069 0.358041 
vn -0.969963 -0.0421041 0.239581 
vn -0.991923 -0.0430526 0.119308 
vn -0.982834 -0.0426604 0.179492 
vn -0.932824 -0.0404969 0.35805 
vn -0.953286 -0.0413827 0.29922 
vn -0.90864 -0.0394496 0.415713 
vn -0.953614 0.0329793 0.29922 
vn -0.983172 0.0340018 0.179493 
vn -0.992264 0.0343164 0.119309 
vn -0.970296 0.0335563 0.239581 
vn -0.908952 0.0314344 0.415713 
vn -0.933144 0.0322712 0.35805 
vn -0.948335 0.105484 0.299221 
vn -0.97773 0.10875 0.179494 
vn -0.986772 0.109755 0.11931 
vn -0.964926 0.107328 0.239582 
vn -0.903921 0.100546 0.415713 
vn -0.927979 0.103221 0.358051 
vn -0.954049 0.179977 0.23958 
vn -0.966708 0.182367 0.179492 
vn -0.975648 0.184056 0.119308 
vn -0.91752 0.173082 0.358049 
vn -0.937647 0.176881 0.299219 
vn -0.893734 0.168592 0.415712 
vn -0.937825 0.251169 0.239581 
vn -0.959057 0.256857 0.119309 
vn -0.950269 0.254503 0.179493 
vn -0.901916 0.241551 0.35805 
vn -0.921701 0.24685 0.29922 
vn -0.878534 0.235288 0.415713 
vn -0.916446 0.320512 0.23958 
vn -0.928605 0.32477 0.179492 
vn -0.937191 0.327778 0.119307 
vn -0.881359 0.30823 0.35805 
vn -0.900691 0.314997 0.29922 
vn -0.858512 0.300234 0.415713 
vn -0.890242 0.38739 0.239581 
vn -0.9104 0.396154 0.119308 
vn -0.902056 0.392527 0.179492 
vn -0.856152 0.372563 0.35805 
vn -0.874934 0.380732 0.29922 
vn -0.833955 0.362908 0.415713 
vn -0.859933 0.450684 0.239581 
vn -0.879402 0.460889 0.119308 
vn -0.871344 0.456665 0.179492 
vn -0.827007 0.433427 0.35805 
vn -0.845148 0.442935 0.29922 
vn -0.805567 0.42219 0.415713 
vn -0.825396 0.511197 0.239581 
vn -0.836346 0.517985 0.179492 
vn -0.844078 0.52278 0.119308 
vn -0.793798 0.491614 0.35805 
vn -0.811208 0.502403 0.29922 
vn -0.773222 0.478864 0.415713 
vn -0.784106 0.572515 0.239592 
vn -0.801841 0.585505 0.119315 
vn -0.794502 0.580126 0.179501 
vn -0.754101 0.550565 0.358065 
vn -0.770634 0.562657 0.299233 
vn -0.734559 0.536276 0.415729 
vn -0.741379 0.626862 0.239585 
vn -0.751234 0.63516 0.179496 
vn -0.758199 0.641014 0.119311 
vn -0.712957 0.6029 0.358055 
vn -0.728615 0.616104 0.299224 
vn -0.694455 0.587291 0.415718 
vn -0.695679 0.677222 0.239587 
vn -0.711404 0.692581 0.119312 
vn -0.704898 0.686222 0.179497 
vn -0.669066 0.651264 0.358057 
vn -0.68373 0.665565 0.299227 
vn -0.651733 0.634365 0.415721 
vn -0.646905 0.723958 0.239581 
vn -0.6555 0.733555 0.179493 
vn -0.661572 0.740329 0.119308 
vn -0.622114 0.696257 0.358051 
vn -0.635772 0.71152 0.29922 
vn -0.605974 0.678217 0.415714 
vn -0.59506 0.767136 0.239593 
vn -0.608527 0.784511 0.119321 
vn -0.602953 0.777319 0.179505 
vn -0.572282 0.737756 0.358062 
vn -0.584833 0.753944 0.299232 
vn -0.557449 0.718626 0.415724 
vn -0.540315 0.806636 0.239581 
vn -0.552541 0.824902 0.119308 
vn -0.547481 0.817341 0.179492 
vn -0.519633 0.775746 0.35805 
vn -0.531028 0.792765 0.29922 
vn -0.506164 0.755632 0.415713 
vn -0.477431 0.845375 0.239583 
vn -0.488241 0.864515 0.11931 
vn -0.483767 0.856593 0.179494 
vn -0.45915 0.813007 0.358052 
vn -0.469222 0.830841 0.299222 
vn -0.447246 0.79193 0.415715 
vn -0.418393 0.876098 0.239581 
vn -0.427868 0.895932 0.119308 
vn -0.423946 0.887723 0.179493 
vn -0.40237 0.842555 0.35805 
vn -0.411198 0.861036 0.29922 
vn -0.391937 0.820712 0.415713 
vn -0.356664 0.90299 0.239582 
vn -0.364735 0.923436 0.119309 
vn -0.361395 0.914973 0.179494 
vn -0.343012 0.868413 0.358052 
vn -0.350534 0.887464 0.299222 
vn -0.334122 0.845898 0.415715 
vn -0.292066 0.925903 0.239584 
vn -0.298682 0.946866 0.119311 
vn -0.295943 0.938189 0.179495 
vn -0.28088 0.890451 0.358054 
vn -0.287043 0.909984 0.299224 
vn -0.273596 0.867366 0.415717 
vn -0.22559 0.944304 0.239581 
vn -0.230698 0.965683 0.119308 
vn -0.228584 0.956834 0.179493 
vn -0.216952 0.908147 0.358051 
vn -0.221711 0.928069 0.29922 
vn -0.211327 0.884603 0.415714 
vn -0.157187 0.958067 0.239581 
vn -0.160743 0.979759 0.119308 
vn -0.159271 0.970781 0.179492 
vn -0.151172 0.921383 0.35805 
vn -0.154486 0.941595 0.29922 
vn -0.147254 0.897496 0.415713 
vn -0.0863886 0.967025 0.239581 
vn -0.0875347 0.979857 0.179492 
vn -0.088344 0.988919 0.119308 
vn -0.0830815 0.929999 0.35805 
vn -0.0849037 0.950399 0.29922 
vn -0.0809279 0.905888 0.415713 
vn -0.0128756 0.954097 0.29922 
vn -0.0132764 0.98367 0.179492 
vn -0.0134001 0.992767 0.119307 
vn -0.0131017 0.970788 0.239581 
vn -0.0122708 0.909413 0.415714 
vn -0.0125983 0.933617 0.35805 
vn 0.0619578 0.952171 0.29922 
vn 0.0638811 0.981683 0.179492 
vn 0.0630431 0.968827 0.239581 
vn 0.0590531 0.907577 0.415713 
vn 0.0606264 0.931732 0.35805 
vn 0.136235 0.944408 0.299221 
vn 0.0644733 0.990762 0.119308 
vn 0.140458 0.973681 0.179493 
vn 0.141757 0.982685 0.119308 
vn 0.138618 0.96093 0.239582 
vn 0.129854 0.900177 0.415715 
vn 0.13331 0.924136 0.358052 
vn 0.205038 0.931894 0.29922 
vn 0.211388 0.96078 0.179492 
vn 0.213341 0.969666 0.119308 
vn 0.208622 0.948197 0.239581 
vn 0.19544 0.888249 0.415713 
vn 0.200639 0.91189 0.35805 
vn 0.272479 0.914452 0.299219 
vn 0.280926 0.942796 0.179492 
vn 0.283525 0.951514 0.119307 
vn 0.277246 0.930449 0.23958 
vn 0.259716 0.871625 0.415713 
vn 0.266629 0.894824 0.35805 
vn 0.338237 0.892223 0.299221 
vn 0.348742 0.91987 0.179493 
vn 0.351977 0.928374 0.119308 
vn 0.344165 0.907828 0.239581 
vn 0.322375 0.850444 0.415714 
vn 0.330967 0.873075 0.358051 
vn 0.402292 0.86523 0.299228 
vn 0.414742 0.892059 0.179499 
vn 0.40932 0.880372 0.239588 
vn 0.38347 0.824697 0.415723 
vn 0.393666 0.846653 0.358059 
vn 0.466323 0.832471 0.299223 
vn 0.418568 0.900314 0.119314 
vn 0.480778 0.858274 0.179496 
vn 0.485225 0.866211 0.119312 
vn 0.474481 0.847034 0.239585 
vn 0.444482 0.793484 0.415716 
vn 0.456312 0.814602 0.358053 
vn 0.525468 0.79646 0.299223 
vn 0.541761 0.821144 0.179495 
vn 0.546773 0.828736 0.11931 
vn 0.534663 0.810392 0.239583 
vn 0.500853 0.759161 0.415716 
vn 0.514187 0.779365 0.358053 
vn 0.581936 0.756187 0.29922 
vn 0.599963 0.779632 0.179492 
vn 0.605507 0.786846 0.119308 
vn 0.592111 0.769419 0.239581 
vn 0.554691 0.720764 0.415713 
vn 0.569449 0.739951 0.35805 
vn 0.635408 0.711843 0.299225 
vn 0.661153 0.740703 0.119311 
vn 0.655098 0.733913 0.179496 
vn 0.605654 0.678499 0.415719 
vn 0.621771 0.69656 0.358056 
vn 0.646521 0.724299 0.239585 
vn 0.685533 0.66371 0.29922 
vn 0.706778 0.684286 0.179492 
vn 0.713313 0.690616 0.119307 
vn 0.697524 0.675323 0.239581 
vn 0.653431 0.632622 0.415714 
vn 0.67082 0.649461 0.358051 
vn 0.732067 0.612001 0.299222 
vn 0.754763 0.630963 0.179493 
vn 0.761746 0.636796 0.119308 
vn 0.744876 0.622704 0.239582 
vn 0.697775 0.583344 0.415716 
vn 0.716349 0.598867 0.358053 
vn 0.77476 0.556969 0.29922 
vn 0.798763 0.574248 0.179492 
vn 0.806144 0.579566 0.119308 
vn 0.788308 0.56672 0.239581 
vn 0.738486 0.530868 0.415713 
vn 0.758135 0.545006 0.35805 
vn 0.813381 0.498877 0.29922 
vn 0.838591 0.514342 0.179492 
vn 0.82761 0.507606 0.239581 
vn 0.775288 0.475511 0.415714 
vn 0.795922 0.488168 0.35805 
vn 0.847724 0.437984 0.299221 
vn 0.846346 0.519099 0.119308 
vn 0.873997 0.451566 0.179493 
vn 0.882078 0.455745 0.119309 
vn 0.862553 0.445649 0.239582 
vn 0.808025 0.417466 0.415713 
vn 0.829529 0.42858 0.358051 
vn 0.877528 0.374716 0.299219 
vn 0.90473 0.386324 0.179493 
vn 0.913098 0.389895 0.119309 
vn 0.892881 0.381268 0.23958 
vn 0.836429 0.357172 0.415711 
vn 0.858691 0.366675 0.358049 
vn 0.918417 0.314801 0.239604 
vn 0.939216 0.321922 0.119332 
vn 0.930607 0.318975 0.179516 
vn 0.883247 0.302753 0.358071 
vn 0.902625 0.309391 0.299242 
vn 0.918752 0.267312 0.290585 
vn 0.941692 0.273998 0.195296 
vn 0.944583 0.274841 0.179514 
vn 0.955545 0.27804 0.0981213 
vn 0.916198 0.266568 0.299204 
vn 0.886944 0.258046 0.38307 
vn 0.873294 0.25407 0.415699 
vn 0.860347 0.294907 0.415732 
vn 0.846576 0.246289 0.471858 
vn -0.943701 -0.266999 0.195295 
vn 0.532635 0.154893 0.832051 
vn 0.6784 0.197324 0.707699 
vn 0.285566 0.958359 -6.7043e-07 
vn -0.300834 0.953677 1.56769e-06 
vn -0.884758 0.46605 -3.03253e-07 
vn -0.981653 0.190675 2.22795e-08 
vn -0.962225 -0.272256 7.79833e-13 
vn -0.553103 -0.0421112 0.832048 
vn -0.55311 -0.0420085 0.832048 
vn -0.554048 -0.0268942 0.83205 
vn -0.550551 -0.067784 0.832045 
vn -0.550461 -0.0685154 0.832045 
vn -0.547924 -0.0864854 0.832046 
vn -0.54813 -0.085169 0.832045 
vn -0.547897 -0.0866552 0.832046 
vn -0.547884 -0.0867331 0.832046 
vn -0.543412 -0.111341 0.83205 
vn -0.543939 -0.108739 0.832049 
vn -0.540043 -0.126671 0.83205 
vn -0.54006 -0.1266 0.83205 
vn -0.5297 -0.164644 0.832052 
vn -0.53709 -0.138665 0.832049 
vn -0.529346 -0.165779 0.832052 
vn -0.529323 -0.165851 0.832052 
vn -0.537181 -0.138312 0.832049 
vn -0.533764 -0.150958 0.83205 
vn -0.515824 -0.203992 0.832053 
vn -0.52556 -0.177407 0.832054 
vn -0.524397 -0.180815 0.832054 
vn -0.517725 -0.199113 0.832054 
vn -0.51578 -0.204103 0.832053 
vn -0.509668 -0.218942 0.832047 
vn -0.512185 -0.21298 0.832049 
vn -0.499638 -0.24095 0.832048 
vn -0.499613 -0.241003 0.832048 
vn -0.490656 -0.258745 0.83205 
vn -0.480807 -0.276617 0.83205 
vn -0.4808 -0.27663 0.83205 
vn -0.496909 -0.246526 0.832049 
vn -0.465756 -0.301266 0.832052 
vn -0.472272 -0.290945 0.832052 
vn -0.459427 -0.310835 0.83205 
vn -0.45945 -0.310801 0.832051 
vn -0.469876 -0.294799 0.832052 
vn -0.437582 -0.340895 0.832053 
vn -0.452589 -0.320713 0.832049 
vn -0.449824 -0.324579 0.83205 
vn -0.441937 -0.335232 0.832053 
vn -0.435721 -0.343271 0.832053 
vn -0.43572 -0.343271 0.832053 
vn -0.424832 -0.356663 0.832051 
vn -0.42818 -0.352634 0.832052 
vn -0.409837 -0.373799 0.832051 
vn -0.409835 -0.3738 0.832051 
vn -0.406108 -0.377846 0.832051 
vn -0.381751 -0.402436 0.832053 
vn -0.397747 -0.386639 0.83205 
vn -0.406805 -0.377095 0.832051 
vn -0.381818 -0.402372 0.832053 
vn -0.366359 -0.416487 0.832058 
vn -0.365617 -0.417139 0.832058 
vn -0.35167 -0.428968 0.832055 
vn -0.351741 -0.42891 0.832055 
vn -0.337464 -0.440239 0.83205 
vn -0.342499 -0.436333 0.832051 
vn -0.320905 -0.452445 0.832053 
vn -0.321449 -0.45206 0.832053 
vn -0.316346 -0.455645 0.832054 
vn -0.316346 -0.455644 0.832054 
vn -0.304543 -0.463619 0.832052 
vn -0.306396 -0.462396 0.832053 
vn -0.28271 -0.477249 0.832051 
vn -0.282709 -0.47725 0.832051 
vn -0.27379 -0.482421 0.832051 
vn -0.247556 -0.496392 0.832052 
vn -0.247482 -0.496429 0.832052 
vn -0.276605 -0.480812 0.832051 
vn -0.270112 -0.484491 0.832051 
vn -0.226302 -0.50642 0.832061 
vn -0.223281 -0.507759 0.832062 
vn -0.23662 -0.501688 0.832058 
vn -0.210849 -0.513049 0.83206 
vn -0.210905 -0.513026 0.83206 
vn -0.193313 -0.519924 0.832051 
vn -0.199632 -0.517526 0.832054 
vn -0.170405 -0.527876 0.832051 
vn -0.180065 -0.52466 0.832051 
vn -0.169831 -0.528061 0.832051 
vn -0.169836 -0.52806 0.832051 
vn -0.130976 -0.539015 0.83205 
vn -0.157882 -0.531757 0.83205 
vn -0.155023 -0.532598 0.83205 
vn -0.131182 -0.538965 0.83205 
vn -0.1158 -0.542477 0.832051 
vn -0.11878 -0.541832 0.832051 
vn -0.123512 -0.540774 0.832051 
vn -0.0913389 -0.547127 0.832051 
vn -0.0913264 -0.547129 0.832051 
vn -0.130978 -0.539015 0.83205 
vn -0.0787998 -0.549075 0.83205 
vn -0.0807909 -0.548785 0.83205 
vn -0.0757253 -0.549507 0.83205 
vn -0.0733753 -0.549825 0.832051 
vn -0.0463826 -0.552756 0.832051 
vn -0.0463891 -0.552756 0.832051 
vn -0.032422 -0.553752 0.83205 
vn -0.0338989 -0.553663 0.83205 
vn -0.0284901 -0.553968 0.83205 
vn -0.0204536 -0.554322 0.832051 
vn -0.00291096 -0.554692 0.832051 
vn -0.00291432 -0.554692 0.832051 
vn 0.0108287 -0.554595 0.83205 
vn 0.00952518 -0.554618 0.83205 
vn 0.0195749 -0.554354 0.83205 
vn 0.0195706 -0.554355 0.83205 
vn 0.0346387 -0.553617 0.832051 
vn 0.0524259 -0.552217 0.832051 
vn 0.0524353 -0.552216 0.832051 
vn 0.0613142 -0.551301 0.83205 
vn 0.061316 -0.551301 0.83205 
vn 0.0292607 -0.553927 0.832051 
vn 0.0865899 -0.547899 0.832051 
vn 0.0930589 -0.546837 0.832051 
vn 0.101328 -0.545366 0.832051 
vn 0.101321 -0.545368 0.832051 
vn 0.0926568 -0.546906 0.832051 
vn 0.139877 -0.536772 0.832052 
vn 0.131191 -0.53896 0.832052 
vn 0.131987 -0.538765 0.832053 
vn 0.139552 -0.536856 0.832052 
vn 0.169843 -0.528055 0.832052 
vn 0.168548 -0.52847 0.832052 
vn 0.1457 -0.535221 0.832052 
vn 0.176688 -0.525802 0.832054 
vn 0.176666 -0.525809 0.832054 
vn 0.139885 -0.536769 0.832052 
vn 0.188952 -0.521519 0.832055 
vn 0.206502 -0.514828 0.832051 
vn 0.205334 -0.515294 0.832051 
vn 0.196589 -0.51869 0.832054 
vn 0.212263 -0.512481 0.83205 
vn 0.212248 -0.512487 0.83205 
vn 0.240135 -0.500027 0.83205 
vn 0.232133 -0.503792 0.83205 
vn 0.246838 -0.496753 0.83205 
vn 0.245228 -0.49755 0.83205 
vn 0.246844 -0.49675 0.83205 
vn 0.275385 -0.481514 0.83205 
vn 0.265602 -0.486977 0.832051 
vn 0.279956 -0.478871 0.83205 
vn 0.279952 -0.478873 0.83205 
vn 0.291015 -0.472229 0.832052 
vn 0.291253 -0.472082 0.832052 
vn 0.311384 -0.459055 0.832051 
vn 0.311659 -0.458868 0.832051 
vn 0.297871 -0.467934 0.832052 
vn 0.311678 -0.458855 0.832051 
vn 0.334032 -0.442842 0.832054 
vn 0.334672 -0.442358 0.832054 
vn 0.341542 -0.437075 0.832054 
vn 0.341537 -0.437079 0.832054 
vn 0.373999 -0.409646 0.832055 
vn 0.37407 -0.409581 0.832055 
vn 0.357949 -0.42375 0.832051 
vn 0.342445 -0.436368 0.832054 
vn 0.374914 -0.408807 0.832055 
vn 0.374277 -0.409391 0.832055 
vn 0.399692 -0.384618 0.832055 
vn 0.388602 -0.395813 0.832058 
vn 0.401076 -0.383177 0.832054 
vn 0.401141 -0.383108 0.832054 
vn 0.411836 -0.371596 0.83205 
vn 0.411867 -0.371562 0.83205 
vn 0.425715 -0.35561 0.832051 
vn 0.426011 -0.355255 0.832051 
vn 0.426003 -0.355264 0.832051 
vn 0.449226 -0.325402 0.832051 
vn 0.445272 -0.330792 0.832051 
vn 0.449239 -0.325383 0.832051 
vn 0.449589 -0.324901 0.832052 
vn 0.470489 -0.293824 0.83205 
vn 0.460582 -0.309119 0.832051 
vn 0.470506 -0.293797 0.83205 
vn 0.473299 -0.289273 0.832051 
vn 0.474673 -0.287012 0.832051 
vn 0.489751 -0.260448 0.832052 
vn 0.48973 -0.260487 0.832052 
vn 0.47863 -0.280361 0.832052 
vn 0.492863 -0.254514 0.832051 
vn 0.503243 -0.233316 0.832051 
vn 0.499858 -0.240487 0.83205 
vn 0.506478 -0.226204 0.832053 
vn 0.506494 -0.226169 0.832053 
vn 0.521157 -0.189966 0.832051 
vn 0.521143 -0.190003 0.832051 
vn 0.520681 -0.191267 0.832051 
vn 0.510034 -0.218066 0.832053 
vn 0.523722 -0.18278 0.83205 
vn 0.533426 -0.152147 0.83205 
vn 0.528861 -0.167323 0.832051 
vn 0.533415 -0.152187 0.83205 
vn 0.536687 -0.140214 0.83205 
vn 0.536727 -0.140062 0.83205 
vn 0.539049 -0.130847 0.832049 
vn 0.543065 -0.113031 0.832049 
vn 0.543067 -0.113022 0.832049 
vn 0.545641 -0.0998526 0.832049 
vn 0.547774 -0.0873837 0.83205 
vn 0.549249 -0.0775741 0.83205 
vn 0.549953 -0.0724252 0.832049 
vn 0.549939 -0.0725287 0.832049 
vn 0.553836 -0.0311245 0.832044 
vn 0.553837 -0.0311009 0.832044 
vn 0.553705 -0.0333758 0.832044 
vn 0.551681 -0.0578518 0.832046 
vn 0.554368 -0.0194296 0.832045 
vn 0.554542 0.013262 0.83205 
vn 0.554542 0.0132636 0.83205 
vn -0.554047 -0.0269203 0.83205 
vn 0.553543 0.035886 0.832047 
vn 0.55355 0.035777 0.832047 
vn 0.554542 0.0132636 0.83205 
vn 0.550061 0.0716619 0.832044 
vn 0.550344 0.0694554 0.832044 
vn 0.553363 0.0385697 0.832047 
vn 0.55002 0.0719796 0.832044 
vn 0.548863 0.0803107 0.832045 
vn 0.548879 0.0802065 0.832045 
vn 0.542548 0.115471 0.83205 
vn 0.541503 0.120284 0.83205 
vn 0.548488 0.0828337 0.832046 
vn 0.541491 0.120337 0.83205 
vn 0.540884 0.123037 0.83205 
vn 0.540922 0.122869 0.83205 
vn 0.532635 0.154893 0.832051 
vn 0.534768 0.147366 0.83205 
vn 0.531237 0.159619 0.832051 
vn 0.531212 0.159701 0.832051 
vn 0.524753 0.179776 0.832055 
vn 0.525427 0.177797 0.832054 
vn 0.518102 0.19814 0.832052 
vn 0.518165 0.197973 0.832052 
vn 0.513738 0.209215 0.832047 
vn 0.502421 0.235095 0.832048 
vn 0.5071 0.224829 0.832046 
vn 0.502392 0.235157 0.832048 
vn 0.483994 0.271001 0.83205 
vn 0.483985 0.271017 0.83205 
vn 0.484677 0.269779 0.83205 
vn 0.49292 0.254406 0.83205 
vn 0.492807 0.254626 0.83205 
vn 0.468097 0.297615 0.832052 
vn 0.469929 0.294714 0.832052 
vn 0.462999 0.30549 0.832051 
vn 0.463022 0.305455 0.832051 
vn 0.439868 0.33794 0.832053 
vn 0.439668 0.338202 0.832053 
vn 0.447363 0.327958 0.832052 
vn 0.450447 0.323711 0.832051 
vn 0.458669 0.311956 0.83205 
vn 0.439672 0.338196 0.832053 
vn 0.425497 0.355871 0.832051 
vn 0.429568 0.350944 0.832052 
vn 0.414143 0.369022 0.83205 
vn 0.414146 0.369019 0.83205 
vn 0.39858 0.385781 0.83205 
vn 0.386439 0.397937 0.832052 
vn 0.391602 0.392861 0.83205 
vn 0.408611 0.375139 0.83205 
vn 0.386368 0.398006 0.832052 
vn 0.368259 0.414805 0.832059 
vn 0.366432 0.416421 0.832059 
vn 0.356594 0.424881 0.832056 
vn 0.356662 0.424823 0.832056 
vn 0.338357 0.439553 0.832051 
vn 0.335588 0.441669 0.832051 
vn 0.349667 0.430606 0.832053 
vn 0.324157 0.450122 0.832053 
vn 0.321431 0.452072 0.832054 
vn 0.321443 0.452063 0.832054 
vn 0.305481 0.463002 0.832052 
vn 0.304599 0.463583 0.832052 
vn 0.288071 0.474033 0.83205 
vn 0.288065 0.474037 0.83205 
vn 0.271091 0.483945 0.83205 
vn 0.253132 0.493574 0.832051 
vn 0.255946 0.492123 0.83205 
vn 0.271023 0.483983 0.83205 
vn 0.276785 0.48071 0.83205 
vn 0.253062 0.49361 0.832051 
vn 0.233952 0.502933 0.832061 
vn 0.23533 0.50229 0.83206 
vn 0.216693 0.510604 0.832062 
vn 0.226394 0.506376 0.832063 
vn 0.216654 0.51062 0.832062 
vn 0.196513 0.518721 0.832053 
vn 0.20454 0.515601 0.832057 
vn 0.175091 0.526341 0.832051 
vn 0.198331 0.518027 0.832053 
vn 0.175091 0.526341 0.832051 
vn 0.173534 0.526856 0.832051 
vn 0.158409 0.5316 0.83205 
vn 0.161522 0.530663 0.83205 
vn 0.152022 0.533462 0.83205 
vn 0.136397 0.537669 0.83205 
vn 0.136399 0.537669 0.83205 
vn 0.122531 0.540997 0.832051 
vn 0.119235 0.541732 0.832051 
vn 0.0968276 0.546182 0.832052 
vn 0.104019 0.544857 0.832052 
vn 0.126366 0.540114 0.83205 
vn 0.0968377 0.54618 0.832052 
vn 0.0767007 0.549372 0.83205 
vn 0.0827001 0.548501 0.83205 
vn 0.0565905 0.551804 0.832051 
vn 0.0565904 0.551804 0.832051 
vn 0.0432426 0.553011 0.832051 
vn 0.038119 0.553389 0.83205 
vn 0.0531291 0.552148 0.832051 
vn 0.0360138 0.55353 0.83205 
vn 0.012859 0.55455 0.832051 
vn 0.012857 0.55455 0.832051 
vn -0.00753641 0.554649 0.83205 
vn -0.000739498 0.554699 0.832051 
vn -0.0302615 0.553873 0.832051 
vn -0.00508861 0.554676 0.832051 
vn -0.0119428 0.554572 0.83205 
vn -0.0302578 0.553873 0.832051 
vn -0.0494345 0.552492 0.832051 
vn -0.0430351 0.553027 0.832051 
vn -0.0581988 0.551639 0.83205 
vn -0.0690955 0.550379 0.832051 
vn -0.0713984 0.550085 0.832051 
vn -0.071391 0.550086 0.832051 
vn -0.0897942 0.547382 0.832051 
vn -0.083683 0.54835 0.832052 
vn -0.110893 0.543502 0.83205 
vn -0.110886 0.543504 0.83205 
vn -0.122373 0.541031 0.832052 
vn -0.117484 0.542115 0.832051 
vn -0.14888 0.534346 0.832051 
vn -0.122614 0.540977 0.832052 
vn -0.128876 0.539519 0.832052 
vn -0.148893 0.534343 0.832051 
vn -0.166901 0.528994 0.832052 
vn -0.160117 0.531088 0.83205 
vn -0.169281 0.528236 0.832052 
vn -0.174006 0.526697 0.832053 
vn -0.18539 0.522796 0.832054 
vn -0.185395 0.522795 0.832054 
vn -0.203766 0.515915 0.832052 
vn -0.196368 0.518774 0.832054 
vn -0.22347 0.507695 0.83205 
vn -0.215524 0.511119 0.83205 
vn -0.223475 0.507693 0.83205 
vn -0.228272 0.505554 0.83205 
vn -0.239028 0.500557 0.83205 
vn -0.234978 0.502471 0.83205 
vn -0.257434 0.491344 0.832051 
vn -0.257442 0.491339 0.832051 
vn -0.290194 0.472735 0.832051 
vn -0.263326 0.488211 0.832051 
vn -0.275354 0.481531 0.832051 
vn -0.290175 0.472746 0.832051 
vn -0.308739 0.460837 0.832052 
vn -0.308329 0.461111 0.832052 
vn -0.300559 0.466212 0.832052 
vn -0.319904 0.45316 0.83205 
vn -0.321502 0.452027 0.83205 
vn -0.32149 0.452036 0.83205 
vn -0.350994 0.429523 0.832054 
vn -0.331045 0.445081 0.832053 
vn -0.351218 0.42934 0.832054 
vn -0.351188 0.429365 0.832054 
vn -0.339957 0.438309 0.832055 
vn -0.367101 0.415846 0.832051 
vn -0.360797 0.421327 0.832051 
vn -0.382561 0.401651 0.83206 
vn -0.382622 0.401592 0.83206 
vn -0.397578 0.386792 0.83206 
vn -0.390851 0.393585 0.832061 
vn -0.409207 0.374484 0.832052 
vn -0.404938 0.379089 0.832055 
vn -0.409283 0.374401 0.832052 
vn -0.423349 0.358412 0.832056 
vn -0.426189 0.355022 0.832059 
vn -0.410117 0.373489 0.832052 
vn -0.433171 0.34645 0.832067 
vn -0.433292 0.346299 0.832067 
vn -0.456231 0.315472 0.832064 
vn -0.433983 0.345431 0.832067 
vn -0.448054 0.326964 0.832071 
vn -0.438861 0.339204 0.832071 
vn -0.469235 0.29582 0.832051 
vn -0.476601 0.283802 0.83205 
vn -0.458076 0.312793 0.832062 
vn -0.456343 0.31531 0.832064 
vn -0.476593 0.283816 0.83205 
vn -0.491332 0.257456 0.832051 
vn -0.485851 0.267656 0.832051 
vn -0.495176 0.249985 0.832051 
vn -0.495185 0.249966 0.832051 
vn -0.495388 0.249563 0.832051 
vn -0.508592 0.221414 0.832052 
vn -0.509185 0.220046 0.832052 
vn -0.511419 0.214799 0.832053 
vn -0.511429 0.214777 0.832053 
vn -0.517083 0.200782 0.832053 
vn -0.523624 0.183054 0.832051 
vn -0.525378 0.17796 0.832051 
vn -0.525367 0.177992 0.832051 
vn -0.524933 0.179267 0.832051 
vn -0.536437 0.141163 0.83205 
vn -0.534069 0.149876 0.832051 
vn -0.536717 0.140097 0.83205 
vn -0.536715 0.140105 0.83205 
vn -0.528004 0.170012 0.83205 
vn -0.545093 0.102797 0.83205 
vn -0.542006 0.117992 0.83205 
vn -0.545458 0.100841 0.83205 
vn -0.54546 0.100831 0.83205 
vn -0.546099 0.0973098 0.832049 
vn -0.551304 0.0612884 0.83205 
vn -0.550923 0.0646222 0.83205 
vn -0.551462 0.0598451 0.83205 
vn -0.551461 0.0598606 0.83205 
vn -0.552993 0.0434985 0.83205 
vn -0.55437 0.0191503 0.83205 
vn -0.554369 0.0191699 0.83205 
vn -0.554416 0.017754 0.83205 
vn -0.554416 0.0177658 0.83205 
vn -0.554596 -0.0107447 0.83205 
vn -0.554048 -0.0268942 0.83205 
vn -0.554604 0.0103774 0.83205 
vn -0.554047 -0.0269203 0.83205 
vn 0.554542 0.013262 0.83205 
vn -0.284162 -0.056807 0.957092 
vn -0.213997 -0.0427802 0.975897 
vn -0.216561 -0.0269772 0.975896 
vn -0.287567 -0.0358229 0.95709 
vn -0.218029 -0.00942787 0.975897 
vn -0.289615 0.0100547 0.95709 
vn -0.289517 -0.0125191 0.957091 
vn -0.288045 0.0318245 0.957088 
vn -0.218103 0.00757012 0.975896 
vn -0.284878 0.053104 0.957092 
vn -0.216921 0.0239675 0.975895 
vn -0.280242 0.0737505 0.957092 
vn -0.214535 0.0399921 0.975897 
vn -0.274231 0.0936578 0.957092 
vn -0.211044 0.0555401 0.975897 
vn -0.267001 0.11261 0.957094 
vn -0.206518 0.0705317 0.975897 
vn -0.258542 0.130879 0.957093 
vn -0.201073 0.0848051 0.975899 
vn -0.249315 0.147699 0.957093 
vn -0.194703 0.0985619 0.975898 
vn -0.238598 0.164436 0.957095 
vn -0.187753 0.111229 0.975898 
vn -0.226722 0.180454 0.957097 
vn -0.179683 0.123834 0.975899 
vn -0.214216 0.19515 0.957093 
vn -0.170739 0.135896 0.9759 
vn -0.200524 0.209189 0.957095 
vn -0.161322 0.146963 0.975898 
vn -0.188467 0.220123 0.957093 
vn -0.15101 0.157536 0.975899 
vn -0.17295 0.232513 0.957093 
vn -0.14193 0.165769 0.975898 
vn -0.156994 0.24357 0.957093 
vn -0.130245 0.1751 0.975898 
vn -0.140288 0.253561 0.957093 
vn -0.118229 0.183427 0.975898 
vn -0.122754 0.2625 0.957092 
vn -0.105648 0.190951 0.975898 
vn -0.102584 0.271016 0.957093 
vn -0.0924433 0.197683 0.975897 
vn -0.0836729 0.277441 0.957092 
vn -0.0772538 0.204096 0.975898 
vn -0.0640418 0.282618 0.957092 
vn -0.0630123 0.208935 0.975897 
vn -0.0437121 0.286467 0.957092 
vn -0.0482286 0.212833 0.975898 
vn -0.0224677 0.288911 0.957092 
vn -0.0329187 0.215732 0.975898 
vn -0.00266306 0.289772 0.957092 
vn -0.01692 0.217572 0.975898 
vn -0.00200549 0.218221 0.975897 
vn 0.0149895 0.217714 0.975898 
vn 0.0199042 0.289098 0.957092 
vn 0.032526 0.215791 0.975898 
vn 0.0431907 0.286545 0.957093 
vn 0.0482006 0.21284 0.975897 
vn 0.0640047 0.282627 0.957092 
vn 0.0635509 0.208772 0.975897 
vn 0.0843882 0.277225 0.957092 
vn 0.0780306 0.203801 0.975898 
vn 0.103615 0.270623 0.957093 
vn 0.0925808 0.197612 0.975899 
vn 0.122936 0.262405 0.957095 
vn 0.10663 0.190407 0.975897 
vn 0.141591 0.252838 0.957092 
vn 0.120149 0.182175 0.975898 
vn 0.159544 0.241907 0.957093 
vn 0.132006 0.173769 0.975899 
vn 0.175288 0.230745 0.957095 
vn 0.144164 0.163826 0.975898 
vn 0.191432 0.217542 0.957094 
vn 0.155595 0.153019 0.975897 
vn 0.206611 0.203191 0.957092 
vn 0.166227 0.141395 0.975898 
vn 0.22073 0.187757 0.957092 
vn 0.176002 0.129025 0.975898 
vn 0.233709 0.17133 0.957092 
vn 0.184875 0.115951 0.975898 
vn 0.245493 0.153969 0.957093 
vn 0.192807 0.102227 0.975897 
vn 0.256026 0.135745 0.957092 
vn 0.199737 0.0879263 0.975897 
vn 0.265228 0.116755 0.957091 
vn 0.205607 0.073156 0.975897 
vn 0.273022 0.0971415 0.957091 
vn 0.210398 0.0579529 0.975897 
vn 0.279384 0.0769558 0.957091 
vn 0.21281 0.0483391 0.975897 
vn -0.483149 -0.0965866 0.870194 
vn -0.488936 -0.0609096 0.87019 
vn -0.547858 -0.0866995 0.832067 
vn -0.550454 -0.0685738 0.832044 
vn -0.54793 -0.0864587 0.832044 
vn -0.492252 -0.0212858 0.870192 
vn -0.549211 -0.0416122 0.834647 
vn -0.554055 -0.0268644 0.832046 
vn -0.492417 0.0171069 0.870191 
vn -0.554605 0.0104533 0.832048 
vn -0.552424 0.0177747 0.833373 
vn -0.554373 0.0192631 0.832045 
vn -0.489747 0.0541027 0.870184 
vn -0.5501 0.0597136 0.832961 
vn -0.550945 0.0645971 0.832038 
vn -0.484366 0.0902863 0.870194 
vn -0.541544 0.1001 0.834692 
vn -0.542005 0.117999 0.83205 
vn -0.476484 0.125394 0.870195 
vn -0.53213 0.138906 0.83519 
vn -0.536436 0.14117 0.83205 
vn -0.466264 0.159242 0.870196 
vn -0.528009 0.169998 0.83205 
vn -0.522739 0.177089 0.833897 
vn -0.524929 0.179278 0.832051 
vn -0.453974 0.191463 0.870201 
vn -0.509494 0.213861 0.833475 
vn -0.509209 0.219968 0.832058 
vn -0.439586 0.222533 0.870197 
vn -0.489908 0.247441 0.83592 
vn -0.485854 0.267647 0.832052 
vn -0.423901 0.251124 0.870198 
vn -0.405678 0.279585 0.870205 
vn -0.458067 0.312806 0.832062 
vn -0.471031 0.280471 0.836341 
vn -0.385486 0.306819 0.870209 
vn -0.433989 0.345424 0.832067 
vn -0.454696 0.314424 0.8333 
vn -0.364222 0.331808 0.870199 
vn -0.410048 0.373557 0.832055 
vn -0.426233 0.354966 0.832061 
vn -0.428677 0.342626 0.835968 
vn -0.340943 0.355676 0.870203 
vn -0.390851 0.393586 0.832061 
vn -0.401661 0.367701 0.838728 
vn -0.320441 0.374266 0.870197 
vn -0.360759 0.421357 0.832053 
vn -0.376913 0.395574 0.837531 
vn -0.294059 0.395331 0.870197 
vn -0.331058 0.445072 0.832053 
vn -0.350994 0.429523 0.832054 
vn -0.351028 0.42917 0.832221 
vn -0.266928 0.414133 0.870197 
vn -0.308304 0.461123 0.832054 
vn -0.31379 0.441116 0.840805 
vn -0.300513 0.46624 0.832053 
vn -0.238525 0.431119 0.870197 
vn -0.263302 0.488223 0.832052 
vn -0.281003 0.457717 0.843524 
vn -0.208712 0.446317 0.870196 
vn -0.234973 0.502473 0.832051 
vn -0.253101 0.483044 0.838217 
vn -0.174419 0.460797 0.870198 
vn -0.218313 0.49598 0.840442 
vn -0.196365 0.518775 0.832054 
vn -0.215519 0.51112 0.832051 
vn -0.160166 0.531073 0.832051 
vn -0.16928 0.528237 0.832052 
vn -0.178341 0.502917 0.845736 
vn -0.108887 0.480523 0.870196 
vn -0.122587 0.540983 0.832052 
vn -0.140876 0.505505 0.851246 
vn -0.142266 0.47172 0.870196 
vn -0.107575 0.527038 0.843006 
vn -0.117474 0.542117 0.832051 
vn -0.0743215 0.487067 0.870196 
vn -0.0836726 0.548351 0.832052 
vn -0.0382007 0.491222 0.870196 
vn -0.0674191 0.519581 0.851757 
vn -0.043007 0.553029 0.832052 
vn -0.0582149 0.551636 0.832051 
vn -0.00452788 0.492686 0.870195 
vn -0.00509758 0.554676 0.832051 
vn -0.02791 0.51094 0.859163 
vn 0.0338422 0.491542 0.870196 
vn 0.0381003 0.553388 0.832052 
vn 0.0122023 0.526745 0.849936 
vn -0.000740024 0.554699 0.832051 
vn 0.055807 0.543991 0.837233 
vn 0.0531539 0.552145 0.832052 
vn 0.0734351 0.487201 0.870197 
vn 0.0826748 0.548501 0.832052 
vn 0.108824 0.480538 0.870196 
vn 0.0943171 0.531751 0.841632 
vn 0.122517 0.541 0.832051 
vn 0.10405 0.54485 0.832053 
vn 0.161534 0.530659 0.83205 
vn 0.152022 0.533462 0.83205 
vn 0.130916 0.515985 0.846535 
vn 0.176173 0.460129 0.870198 
vn 0.198339 0.518023 0.832054 
vn 0.166199 0.499605 0.850161 
vn 0.143481 0.471353 0.870195 
vn 0.209024 0.446157 0.870203 
vn 0.235324 0.502293 0.83206 
vn 0.20969 0.494137 0.843717 
vn 0.204538 0.515602 0.832057 
vn 0.240742 0.429889 0.870195 
vn 0.250837 0.48924 0.835299 
vn 0.271032 0.483978 0.83205 
vn 0.255959 0.492116 0.83205 
vn 0.271268 0.411303 0.870197 
vn 0.27894 0.459029 0.843496 
vn 0.304623 0.463565 0.832053 
vn 0.298036 0.392328 0.870203 
vn 0.335535 0.441692 0.83206 
vn 0.312749 0.439984 0.841785 
vn 0.325484 0.369877 0.870202 
vn 0.352018 0.419196 0.836874 
vn 0.349753 0.430526 0.832058 
vn 0.366437 0.416416 0.832058 
vn 0.351292 0.345477 0.870195 
vn 0.382496 0.393999 0.83574 
vn 0.391611 0.392852 0.832051 
vn 0.375295 0.319237 0.870196 
vn 0.406499 0.362201 0.838791 
vn 0.429543 0.35097 0.832054 
vn 0.397366 0.291305 0.870196 
vn 0.434978 0.334545 0.835987 
vn 0.447363 0.327957 0.832052 
vn 0.417404 0.261783 0.870198 
vn 0.45869 0.311917 0.832053 
vn 0.460375 0.303671 0.83417 
vn 0.469923 0.294719 0.832053 
vn 0.43531 0.230799 0.870194 
vn 0.483438 0.270739 0.832459 
vn 0.484664 0.269803 0.83205 
vn 0.499209 0.23366 0.834382 
vn 0.450956 0.198512 0.870191 
vn 0.507094 0.224849 0.832045 
vn 0.464208 0.16516 0.870192 
vn 0.514019 0.196361 0.835001 
vn 0.525411 0.177889 0.832045 
vn 0.475021 0.13085 0.870191 
vn 0.52665 0.158346 0.835204 
vn 0.534788 0.147315 0.832046 
vn 0.480469 0.109137 0.870195 
vn -0.0721837 -0.00899182 0.997351 
vn -0.144567 -0.0180087 0.989331 
vn -0.0959455 -0.0191805 0.995202 
vn -0.19097 -0.038177 0.980853 
vn -0.0713291 -0.0142594 0.997351 
vn -3.55946e-15 -7.11573e-16 1 
vn -0.0726732 -0.00314247 0.997351 
vn -0.145548 -0.00629365 0.989331 
vn 4.84521e-15 4.83889e-16 1 
vn -0.145597 0.0050522 0.989331 
vn 2.69035e-11 -2.02865e-13 1 
vn -0.144808 0.0160005 0.98933 
vn -0.0726979 0.00252193 0.997351 
vn 2.32788e-11 -2.53708e-12 1 
vn -0.0723038 0.00798961 0.997351 
vn -0.143215 0.0266976 0.989331 
vn 1.81987e-15 -3.80478e-16 1 
vn -0.0715085 0.0133306 0.997351 
vn -0.140885 0.0370765 0.989331 
vn -0.070345 0.0185127 0.997351 
vn -0.137863 0.0470842 0.989332 
vn -1.3699e-15 3.60518e-16 1 
vn -0.134228 0.0566129 0.989332 
vn -0.0688362 0.0235095 0.997351 
vn -3.92637e-15 1.62567e-15 1 
vn -0.067021 0.0282675 0.997351 
vn -0.129976 0.0657955 0.989332 
vn 3.92232e-15 -2.05212e-15 1 
vn -0.0648983 0.0328521 0.997351 
vn -0.125336 0.0742523 0.989332 
vn -0.0625815 0.0370749 0.997351 
vn 2.49035e-15 -1.35077e-15 1 
vn -0.119949 0.0826664 0.989332 
vn -0.113979 0.0907188 0.989333 
vn -0.0598916 0.041276 0.997351 
vn 6.68473e-15 -5.39177e-15 1 
vn -0.0569105 0.0452967 0.997351 
vn -0.107692 0.0981066 0.989332 
vn -0.0537718 0.0489853 0.997351 
vn -0.100809 0.105165 0.989332 
vn -1.79983e-15 1.63961e-15 1 
vn -0.0503346 0.0525097 0.997351 
vn -0.0947472 0.110661 0.989332 
vn -3.06335e-17 3.19573e-17 1 
vn -0.0869461 0.11689 0.989332 
vn -0.0473082 0.055254 0.997351 
vn -0.0434129 0.0583642 0.997351 
vn 1.37963e-15 -1.67381e-15 1 
vn -0.078925 0.122449 0.989332 
vn 1.96604e-11 -2.95135e-11 1 
vn -0.039408 0.0611396 0.997351 
vn -0.0705265 0.127471 0.989332 
vn -0.0352145 0.0636475 0.997351 
vn 2.28399e-11 -3.54348e-11 1 
vn -0.0617115 0.131965 0.989332 
vn -0.0308131 0.0658914 0.997351 
vn 1.20987e-11 -2.29069e-11 1 
vn 5.03951e-12 -9.1085e-12 1 
vn -0.0515716 0.136247 0.989332 
vn 1.13152e-15 -2.7894e-15 1 
vn -0.0257501 0.0680291 0.997351 
vn -0.0420644 0.139477 0.989332 
vn -9.08913e-16 2.40125e-15 1 
vn 7.39347e-12 -2.41588e-11 1 
vn -0.0321956 0.142079 0.989332 
vn -0.0210031 0.0696418 0.997351 
vn 9.85479e-12 -4.3489e-11 1 
vn -0.0160756 0.0709413 0.997351 
vn -0.0219753 0.144014 0.989332 
vn -0.0109725 0.0719075 0.997351 
vn 5.9494e-12 -2.83878e-11 1 
vn -0.0112951 0.145243 0.989332 
vn 6.17797e-12 -4.0487e-11 1 
vn 2.70574e-12 -2.39239e-11 1 
vn -0.00563978 0.0725209 0.997351 
vn -0.00133879 0.145676 0.989332 
vn 2.5586e-12 -3.29006e-11 1 
vn 7.3256e-17 -7.79065e-15 1 
vn -0.000668468 0.0727371 0.997351 
vn 0.00499627 0.0725681 0.997351 
vn 0.0100064 0.145337 0.989332 
vn -4.10475e-16 -5.96192e-15 1 
vn 0.0108415 0.0719272 0.997351 
vn 0.0217131 0.144054 0.989332 
vn -4.5248e-16 -4.75938e-15 1 
vn 0.0160662 0.0709436 0.997351 
vn 0.0321768 0.142084 0.989332 
vn -5.87204e-16 -3.89575e-15 1 
vn 0.0211827 0.0695876 0.997351 
vn 0.0424241 0.139368 0.989331 
vn 4.59534e-16 2.02917e-15 1 
vn 0.0260091 0.0679306 0.997351 
vn 0.0520901 0.136049 0.989332 
vn 2.31941e-16 1.99683e-15 1 
vn 0.0308589 0.0658677 0.997351 
vn 0.0618033 0.131918 0.989332 
vn 7.05343e-16 1.72028e-15 1 
vn 0.0355416 0.0634661 0.997351 
vn 0.0711816 0.127108 0.989331 
vn 2.29125e-15 4.89062e-15 1 
vn 0.0400479 0.0607224 0.997351 
vn 0.0802069 0.121613 0.989332 
vn 1.62219e-15 2.89673e-15 1 
vn -2.31876e-11 -3.53271e-11 1 
vn 0.0440001 0.0579204 0.997351 
vn 0.0881219 0.116001 0.989332 
vn -1.60979e-12 -2.08538e-12 1 
vn 0.0480524 0.0546063 0.997351 
vn 0.0962379 0.109364 0.989332 
vn 0.0518626 0.0510041 0.997351 
vn 0.103869 0.102149 0.989331 
vn -1.27033e-15 -1.35759e-15 1 
vn 0.0554067 0.0471295 0.997351 
vn 0.110967 0.0943897 0.989332 
vn -9.03131e-12 -8.88181e-12 1 
vn -2.6404e-11 -2.33324e-11 1 
vn 0.0586646 0.0430065 0.997351 
vn 0.117492 0.086132 0.989332 
vn -4.5469e-15 -3.30632e-15 1 
vn 0.0616221 0.038649 0.997351 
vn 0.123415 0.0774047 0.989332 
vn -1.18186e-15 -6.97389e-16 1 
vn 0.0642662 0.0340743 0.997351 
vn 0.12871 0.0682427 0.989331 
vn 0.066576 0.0293077 0.997351 
vn 0.133337 0.0586963 0.989331 
vn 3.40252e-15 1.80404e-15 1 
vn 0.0685324 0.0243848 0.997351 
vn 0.137255 0.0488365 0.989331 
vn -1.27116e-11 -4.50454e-12 1 
vn 0.0701298 0.0193161 0.997351 
vn 0.140454 0.0386864 0.989331 
vn 0.0709335 0.0161123 0.997351 
vn 0.0954134 0.0216729 0.995202 
vn 0.189911 0.0431377 0.980853 
vn -2.70401e-11 -7.44761e-12 1 
vn -1.68736e-11 -4.18949e-12 1 
vn -0.424296 -0.0528565 0.90398 
vn -0.461498 -0.0922583 0.882331 
vn -0.374628 -0.074892 0.924146 
vn -0.356999 -0.0444726 0.933045 
vn -0.352773 -0.070523 0.933048 
vn -0.35942 -0.0155419 0.933046 
vn -0.427173 -0.0184717 0.903981 
vn -0.427317 0.0148422 0.90398 
vn -0.359541 0.0124853 0.933046 
vn -0.425 0.0469519 0.903975 
vn -0.357592 0.0395066 0.933042 
vn -0.420329 0.0783509 0.903983 
vn -0.353661 0.0659248 0.933048 
vn -0.413489 0.108816 0.903983 
vn -0.347906 0.0915571 0.933048 
vn -0.40462 0.138189 0.903984 
vn -0.340444 0.116271 0.933048 
vn -0.393954 0.166151 0.903988 
vn -0.331469 0.139799 0.933051 
vn -0.38147 0.193111 0.903985 
vn -0.320966 0.162481 0.933049 
vn -0.367857 0.217924 0.903986 
vn -0.309512 0.18336 0.93305 
vn -0.352044 0.242621 0.903991 
vn -0.296207 0.204139 0.933053 
vn -0.334521 0.266255 0.903993 
vn -0.281463 0.224024 0.933055 
vn -0.316069 0.28794 0.903986 
vn -0.265938 0.242269 0.93305 
vn -0.295868 0.308653 0.903989 
vn -0.24894 0.259697 0.933052 
vn -0.278077 0.324785 0.903985 
vn -0.233971 0.273271 0.933049 
vn -0.255182 0.343065 0.903985 
vn -0.214708 0.288652 0.933049 
vn -0.231639 0.359381 0.903985 
vn -0.194899 0.30238 0.933049 
vn -0.206991 0.374121 0.903985 
vn -0.17416 0.314782 0.933049 
vn -0.181119 0.38731 0.903984 
vn -0.152392 0.32588 0.933048 
vn -0.151359 0.399876 0.903985 
vn -0.127353 0.336452 0.933049 
vn -0.123457 0.409355 0.903984 
vn -0.103876 0.344428 0.933048 
vn -0.0944914 0.416994 0.903984 
vn -0.0795044 0.350855 0.933049 
vn -0.0644957 0.422673 0.903984 
vn -0.0542662 0.355634 0.933049 
vn -0.0331503 0.426279 0.903984 
vn -0.0278924 0.358667 0.933049 
vn -0.00392926 0.427549 0.903984 
vn -0.00330604 0.359736 0.933048 
vn 0.02471 0.3589 0.933049 
vn 0.0293681 0.426556 0.903984 
vn 0.0536189 0.355731 0.933049 
vn 0.0637265 0.422789 0.903985 
vn 0.0794585 0.350866 0.933048 
vn 0.0944369 0.417007 0.903984 
vn 0.104763 0.34416 0.933048 
vn 0.124512 0.409036 0.903983 
vn 0.128633 0.335965 0.933049 
vn 0.152882 0.399297 0.903985 
vn 0.152619 0.325762 0.933052 
vn 0.181389 0.387171 0.903989 
vn 0.175778 0.313885 0.933048 
vn 0.208914 0.373055 0.903983 
vn 0.198066 0.300315 0.933049 
vn 0.235404 0.356926 0.903985 
vn 0.217611 0.286459 0.933052 
vn 0.258633 0.340459 0.903989 
vn 0.237653 0.270067 0.933051 
vn 0.282453 0.320977 0.903988 
vn 0.256497 0.252251 0.933048 
vn 0.304849 0.299803 0.903983 
vn 0.274024 0.233091 0.933049 
vn 0.325679 0.277031 0.903984 
vn 0.290138 0.212697 0.933049 
vn 0.344831 0.252792 0.903984 
vn 0.304768 0.191143 0.933049 
vn 0.362219 0.227174 0.903985 
vn 0.317843 0.16852 0.933047 
vn 0.377759 0.200286 0.903982 
vn 0.329266 0.144945 0.933046 
vn 0.391336 0.172268 0.90398 
vn 0.338943 0.120595 0.933046 
vn 0.402836 0.143326 0.903981 
vn 0.34684 0.0955379 0.933046 
vn 0.412221 0.113549 0.903981 
vn 0.37255 0.0846237 0.924146 
vn 0.458938 0.104247 0.882331 
vn 0.350816 0.0796869 0.933048 
vn 0.282586 0.0641887 0.957092 
vn -4.92107e-15 -1.11781e-15 1 
vn 0.540922 0.122869 0.83205 
vn -0.543939 -0.108739 0.832049 
vn 0.282586 0.0641886 0.957092 
vn 0.212789 0.0483343 0.975902 
vn 0.215789 0.0325883 0.975896 
vn 0.286543 0.0432722 0.95709 
vn 0.217705 0.0151797 0.975897 
vn 0.289086 0.0201588 0.957091 
vn 0.218222 -0.00209836 0.975897 
vn 0.2887 -0.0251038 0.95709 
vn 0.289773 -0.00278653 0.957091 
vn 0.286 -0.0466803 0.957092 
vn 0.217414 -0.0189048 0.975896 
vn 0.281841 -0.0674012 0.957091 
vn 0.21538 -0.035154 0.975897 
vn 0.276287 -0.0874144 0.957092 
vn 0.212249 -0.0507581 0.975897 
vn 0.26943 -0.106683 0.957093 
vn 0.208066 -0.0658303 0.975897 
vn 0.26126 -0.125369 0.957092 
vn 0.202902 -0.0803405 0.975898 
vn 0.251021 -0.144777 0.957093 
vn 0.196749 -0.0944124 0.975898 
vn 0.240623 -0.161477 0.957092 
vn 0.189039 -0.109029 0.975898 
vn 0.229046 -0.177517 0.957092 
vn 0.181208 -0.121605 0.975897 
vn 0.21647 -0.192655 0.957092 
vn 0.17249 -0.133684 0.975897 
vn 0.203013 -0.206777 0.957094 
vn 0.163019 -0.145084 0.975897 
vn 0.186982 -0.221373 0.957095 
vn 0.152884 -0.15572 0.975898 
vn 0.171794 -0.233366 0.957093 
vn 0.140812 -0.166711 0.975899 
vn 0.155601 -0.244463 0.957093 
vn 0.129374 -0.175743 0.975898 
vn 0.138756 -0.254404 0.957092 
vn 0.11718 -0.184099 0.975898 
vn 0.121261 -0.263193 0.957092 
vn 0.104494 -0.191586 0.975897 
vn 0.107291 -0.269186 0.957093 
vn 0.0913192 -0.198205 0.975897 
vn 0.0880507 -0.276082 0.957093 
vn 0.0807983 -0.202718 0.975898 
vn 0.0685322 -0.281562 0.957093 
vn 0.0663091 -0.207911 0.975898 
vn 0.0482902 -0.285731 0.957092 
vn 0.0516102 -0.212038 0.975898 
vn 0.0274115 -0.288484 0.957092 
vn 0.0363664 -0.215178 0.975897 
vn 0.00499037 -0.28974 0.957092 
vn 0.020643 -0.217251 0.975897 
vn 0.00375812 -0.218197 0.975897 
vn -0.0133429 -0.217822 0.975897 
vn -0.0177178 -0.289242 0.957092 
vn -0.0309902 -0.216018 0.975898 
vn -0.0411513 -0.286846 0.957092 
vn -0.0467195 -0.21317 0.975897 
vn -0.0620379 -0.283065 0.957092 
vn -0.0621257 -0.209199 0.975898 
vn -0.0824958 -0.277791 0.957093 
vn -0.0785461 -0.203602 0.975898 
vn -0.1043 -0.270359 0.957093 
vn -0.09309 -0.197374 0.975898 
vn -0.123612 -0.26209 0.957094 
vn -0.107095 -0.190144 0.975897 
vn -0.14221 -0.252489 0.957092 
vn -0.120538 -0.181919 0.975898 
vn -0.16006 -0.241567 0.957093 
vn -0.134755 -0.171644 0.975899 
vn -0.178939 -0.227924 0.957095 
vn -0.146767 -0.161499 0.975898 
vn -0.194889 -0.214452 0.957094 
vn -0.158009 -0.150524 0.975897 
vn -0.209817 -0.199878 0.957092 
vn -0.16845 -0.13874 0.975897 
vn -0.223682 -0.18423 0.957092 
vn -0.178057 -0.126176 0.975897 
vn -0.236439 -0.167546 0.957092 
vn -0.186723 -0.112956 0.975897 
vn -0.247946 -0.149992 0.957092 
vn -0.194417 -0.0991312 0.975897 
vn -0.258162 -0.131635 0.957092 
vn -0.201112 -0.0847217 0.975898 
vn -0.267054 -0.1125 0.957092 
vn -0.206751 -0.0698265 0.975899 
vn -0.274541 -0.092722 0.957094 
vn -0.211304 -0.0545252 0.975898 
vn -0.280587 -0.0724025 0.957094 
vn -0.213997 -0.0427804 0.975897 
vn 0.487194 0.0735684 0.870189 
vn 0.548493 0.0828231 0.832043 
vn 0.540693 0.120108 0.832601 
vn 0.480469 0.109137 0.870195 
vn 0.491519 0.0342839 0.870192 
vn 0.553361 0.0386005 0.832046 
vn 0.550348 0.0694483 0.832042 
vn 0.546095 0.0798716 0.833907 
vn 0.492688 -0.00473854 0.870193 
vn 0.554542 0.0132638 0.83205 
vn 0.549177 0.0355137 0.834951 
vn 0.553257 -0.0310674 0.832431 
vn 0.490864 -0.0426854 0.87019 
vn 0.553705 -0.0333723 0.832044 
vn 0.486273 -0.0793678 0.870195 
vn 0.546468 -0.0720237 0.834377 
vn 0.547784 -0.0873237 0.83205 
vn 0.4792 -0.114601 0.870192 
vn 0.538558 -0.112072 0.835102 
vn 0.536729 -0.140075 0.832046 
vn 0.469759 -0.148625 0.870194 
vn 0.529991 -0.151215 0.834412 
vn 0.528864 -0.167324 0.832049 
vn 0.458101 -0.181388 0.870197 
vn 0.520657 -0.189839 0.832392 
vn 0.520678 -0.191276 0.832051 
vn 0.444209 -0.213159 0.870196 
vn 0.50206 -0.224175 0.835273 
vn 0.499852 -0.240495 0.832052 
vn 0.426803 -0.246157 0.870199 
vn 0.484159 -0.257466 0.836242 
vn 0.474659 -0.287028 0.832054 
vn 0.409122 -0.274551 0.870196 
vn 0.460598 -0.309095 0.832051 
vn 0.467278 -0.291843 0.834553 
vn 0.389436 -0.301826 0.870196 
vn 0.446354 -0.323315 0.834408 
vn 0.445253 -0.330815 0.832052 
vn 0.368055 -0.327562 0.870194 
vn 0.419083 -0.349554 0.837963 
vn 0.411914 -0.37151 0.83205 
vn 0.345174 -0.351575 0.870201 
vn 0.388604 -0.395811 0.832058 
vn 0.394519 -0.376892 0.838038 
vn 0.37345 -0.408707 0.832763 
vn 0.375 -0.408725 0.832057 
vn 0.317919 -0.376393 0.870204 
vn 0.357921 -0.423752 0.832062 
vn 0.292095 -0.396782 0.870198 
vn 0.336738 -0.431117 0.837106 
vn 0.334667 -0.442362 0.832054 
vn 0.264561 -0.41565 0.870197 
vn 0.302373 -0.445274 0.842794 
vn 0.297848 -0.467948 0.832053 
vn 0.272671 -0.466401 0.841499 
vn 0.291256 -0.472081 0.832052 
vn 0.235921 -0.432551 0.870196 
vn 0.265605 -0.486976 0.832051 
vn 0.206174 -0.447495 0.870196 
vn 0.24562 -0.494285 0.833879 
vn 0.232115 -0.5038 0.832051 
vn 0.24522 -0.497552 0.832051 
vn 0.182422 -0.457686 0.870198 
vn 0.204124 -0.492579 0.84599 
vn 0.205375 -0.515273 0.832054 
vn 0.149709 -0.469409 0.870197 
vn 0.168545 -0.528471 0.832052 
vn 0.167922 -0.499829 0.84969 
vn 0.196555 -0.518699 0.832056 
vn 0.136693 -0.52453 0.840347 
vn 0.145687 -0.535225 0.832052 
vn 0.116522 -0.478727 0.870197 
vn 0.131183 -0.538962 0.832052 
vn 0.0821056 -0.485816 0.870196 
vn 0.0980777 -0.527938 0.843601 
vn 0.093056 -0.546837 0.832051 
vn 0.0466068 -0.490497 0.870196 
vn 0.0564754 -0.507912 0.859556 
vn 0.0524709 -0.552212 0.832051 
vn 0.00848506 -0.492633 0.870196 
vn 0.00955271 -0.554616 0.832051 
vn 0.018516 -0.523352 0.851916 
vn 0.0346222 -0.553618 0.832051 
vn -0.0301248 -0.491785 0.870195 
vn -0.00277377 -0.520763 0.853697 
vn -0.0339152 -0.553662 0.832051 
vn -0.0204555 -0.554322 0.832051 
vn -0.078771 -0.549077 0.832052 
vn -0.0733342 -0.54983 0.832051 
vn -0.0434486 -0.517684 0.854468 
vn -0.10548 -0.481283 0.870196 
vn -0.118751 -0.541838 0.832051 
vn -0.0868226 -0.520023 0.849728 
vn -0.0699676 -0.487712 0.870196 
vn -0.127881 -0.526438 0.840541 
vn -0.12347 -0.540782 0.832051 
vn -0.140265 -0.472316 0.870197 
vn -0.157914 -0.531744 0.832053 
vn -0.177337 -0.459681 0.870198 
vn -0.19965 -0.517518 0.832055 
vn -0.170417 -0.527872 0.832051 
vn -0.169527 -0.52703 0.832767 
vn -0.210173 -0.44562 0.870201 
vn -0.203625 -0.495283 0.84453 
vn -0.223281 -0.507759 0.832062 
vn -0.241793 -0.429297 0.870196 
vn -0.273789 -0.482422 0.832051 
vn -0.237295 -0.476102 0.846769 
vn -0.272143 -0.410726 0.870197 
vn -0.306384 -0.462404 0.832053 
vn -0.276903 -0.467479 0.839517 
vn -0.304244 -0.38753 0.870205 
vn -0.342526 -0.43629 0.832062 
vn -0.321381 -0.452104 0.832055 
vn -0.312495 -0.450116 0.836506 
vn -0.33136 -0.364626 0.8702 
vn -0.365608 -0.417146 0.832058 
vn -0.343851 -0.419074 0.840323 
vn -0.356743 -0.339845 0.870195 
vn -0.406109 -0.377846 0.832051 
vn -0.373776 -0.394025 0.839664 
vn -0.380318 -0.313238 0.870196 
vn -0.42817 -0.352649 0.832051 
vn -0.407559 -0.371738 0.83409 
vn -0.402007 -0.284872 0.870195 
vn -0.452588 -0.320715 0.832049 
vn -0.437602 -0.340876 0.832051 
vn -0.434465 -0.342247 0.833131 
vn -0.421571 -0.255024 0.870196 
vn -0.465757 -0.301268 0.832051 
vn -0.455837 -0.308352 0.834944 
vn -0.438942 -0.223812 0.870194 
vn -0.49067 -0.258721 0.83205 
vn -0.476186 -0.273972 0.835575 
vn -0.454061 -0.191278 0.870196 
vn -0.512206 -0.212919 0.832052 
vn -0.495194 -0.238913 0.835286 
vn -0.466791 -0.157655 0.870202 
vn -0.525523 -0.177492 0.832059 
vn -0.513156 -0.202907 0.833967 
vn -0.477071 -0.123101 0.870201 
vn -0.537097 -0.138589 0.832057 
vn -0.529676 -0.164678 0.83206 
vn -0.528891 -0.16576 0.832345 
vn -0.483149 -0.0965866 0.870194 
vn -0.543939 -0.108739 0.832049 
vn -0.535675 -0.125474 0.83505 
vn 0.0719266 0.0108629 0.997351 
vn 0.144052 0.0217552 0.989331 
vn 0.0954134 0.0216728 0.995202 
vn 0.189911 0.0431377 0.980853 
vn 0.0709335 0.0161123 0.997351 
vn -4.92073e-15 -1.11773e-15 1 
vn 0.0725652 0.00505863 0.997351 
vn 0.145331 0.0101323 0.989331 
vn -2.38191e-11 -3.00452e-12 1 
vn 0.0727375 -0.000699337 0.997351 
vn 0.145676 -0.0014007 0.989331 
vn -6.33538e-12 -4.41599e-13 1 
vn 0.145137 -0.0126198 0.989331 
vn 0.0724683 -0.00630101 0.997351 
vn 0.143779 -0.0234675 0.989331 
vn -8.31012e-15 1.55516e-15 1 
vn 0.0717903 -0.0117176 0.997351 
vn 0.141689 -0.0338839 0.989331 
vn 0.0707465 -0.0169184 0.997351 
vn 0.138896 -0.0439459 0.989331 
vn -3.66104e-15 -2.17679e-15 1 
vn 0.13545 -0.0536322 0.989332 
vn 0.0693521 -0.0219427 0.997351 
vn -1.01871e-14 3.9699e-15 1 
vn 0.0676311 -0.026779 0.997351 
vn 0.131342 -0.0630259 0.989332 
vn -6.89293e-15 3.43616e-15 1 
vn 0.0655802 -0.0314694 0.997351 
vn 0.126195 -0.0727835 0.989332 
vn -2.80425e-15 1.5143e-15 1 
vn 0.120967 -0.0811787 0.989332 
vn 0.06301 -0.0363415 0.997351 
vn -3.97921e-15 2.64938e-15 1 
vn 0.0604 -0.0405333 0.997351 
vn 0.115148 -0.0892421 0.989332 
vn -2.09919e-16 1.62691e-16 1 
vn 0.0574943 -0.0445592 0.997351 
vn 0.108825 -0.0968525 0.989331 
vn 0.0543373 -0.0483593 0.997351 
vn -2.59113e-13 2.13642e-13 1 
vn 0.10206 -0.103952 0.989332 
vn -8.64281e-12 7.69196e-12 1 
vn 0.0940006 -0.11129 0.989332 
vn 0.0509592 -0.0519042 0.997351 
vn -1.73065e-15 4.65961e-15 1 
vn 0.0469353 -0.0555678 0.997351 
vn 0.0863649 -0.117319 0.989332 
vn 0.0431227 -0.0585786 0.997351 
vn 0.0782249 -0.122897 0.989332 
vn -4.01494e-15 5.45398e-15 1 
vn 0.0390584 -0.0613637 0.997351 
vn 0.0697562 -0.127895 0.989332 
vn -3.32198e-16 1.46762e-15 1 
vn 0.0609611 -0.132314 0.989332 
vn 0.0348299 -0.0638592 0.997351 
vn 0.0304384 -0.0660653 0.997351 
vn -4.21684e-15 7.93468e-15 1 
vn 0.0539377 -0.135327 0.989332 
vn 0.0269315 -0.0675698 0.997351 
vn 0.0442654 -0.138793 0.989332 
vn 0.0221021 -0.0693006 0.997351 
vn 1.85951e-15 -3.73801e-15 1 
vn 0.0344529 -0.141548 0.989332 
vn 0.0172026 -0.0706763 0.997351 
vn -2.95485e-15 9.55732e-15 1 
vn 0.0242768 -0.143644 0.989332 
vn 0.0121216 -0.0717228 0.997351 
vn -3.67669e-12 1.73679e-11 1 
vn -1.84242e-15 7.56951e-15 1 
vn 0.0137804 -0.145028 0.989332 
vn -4.40186e-12 2.60455e-11 1 
vn -2.93203e-13 2.53425e-12 1 
vn 0.00688067 -0.0724139 0.997351 
vn 0.00250875 -0.14566 0.989332 
vn -1.7714e-12 1.86427e-11 1 
vn -9.0198e-14 7.47628e-12 1 
vn 0.00125263 -0.0727292 0.997351 
vn -0.00444743 -0.072604 0.997351 
vn -0.00890718 -0.145409 0.989332 
vn -0.0103296 -0.0720027 0.997351 
vn -0.0206879 -0.144205 0.989332 
vn 3.63432e-12 3.89282e-11 1 
vn 1.92151e-16 3.13686e-15 1 
vn -0.0155725 -0.0710536 0.997351 
vn -0.0311881 -0.142304 0.989332 
vn 4.71976e-12 3.2899e-11 1 
vn 1.55483e-12 8.05881e-12 1 
vn -0.0207075 -0.0697298 0.997351 
vn -0.0414725 -0.139653 0.989332 
vn 6.23727e-14 2.84591e-13 1 
vn 1.05315e-11 3.56362e-11 1 
vn -0.0261809 -0.0678643 0.997351 
vn -0.0524342 -0.135917 0.989332 
vn 2.64471e-15 6.85545e-15 1 
vn -0.0310286 -0.0657885 0.997351 
vn -0.0621432 -0.131759 0.989332 
vn 1.38276e-15 3.30813e-15 1 
vn -0.0356968 -0.0633787 0.997351 
vn -0.0714925 -0.126933 0.989332 
vn -3.58766e-16 -7.60674e-16 1 
vn -0.0401774 -0.0606369 0.997351 
vn -0.0804662 -0.121442 0.989332 
vn -1.52056e-15 -2.69972e-15 1 
vn -0.0449162 -0.0572123 0.997351 
vn -0.0899569 -0.114583 0.989332 
vn 4.14207e-15 6.81217e-15 1 
vn -0.0489202 -0.0538306 0.997351 
vn -0.0979757 -0.10781 0.989332 
vn 2.25847e-11 2.40983e-11 1 
vn -0.0526673 -0.0501725 0.997351 
vn -0.105481 -0.100484 0.989332 
vn -0.0561475 -0.0462448 0.997351 
vn -0.112451 -0.0926175 0.989332 
vn 1.94579e-13 1.88618e-13 1 
vn -0.0593499 -0.0420566 0.997351 
vn -0.118864 -0.0842298 0.989331 
vn -1.02501e-16 -8.44231e-17 1 
vn -0.0622381 -0.0376502 0.997351 
vn -0.124649 -0.0754047 0.989332 
vn 3.92829e-15 2.31399e-15 1 
vn -0.0648027 -0.0330423 0.997351 
vn -0.129785 -0.0661761 0.989331 
vn 6.41891e-16 2.99244e-16 1 
vn -0.0670344 -0.0282395 0.997351 
vn -0.134255 -0.056557 0.989332 
vn -0.0689141 -0.0232741 0.997351 
vn -0.138019 -0.046613 0.989332 
vn -1.87643e-15 -7.90481e-16 1 
vn -0.0704314 -0.0181746 0.997351 
vn -0.141058 -0.0363992 0.989332 
vn 2.01441e-15 5.19817e-16 1 
vn -0.0713291 -0.0142595 0.997351 
vn -0.0959455 -0.0191806 0.995202 
vn -0.19097 -0.0381771 0.980853 
vn 3.86622e-16 9.60528e-17 1 
vn 0.355727 0.0537188 0.933045 
vn 0.422784 0.0638436 0.903979 
vn 0.37255 0.0846236 0.924146 
vn 0.458938 0.104247 0.882331 
vn 0.350816 0.0796869 0.933048 
vn 0.358885 0.0250284 0.933046 
vn 0.426537 0.0297489 0.903981 
vn 0.359738 -0.00345952 0.933047 
vn 0.427551 -0.00411188 0.903982 
vn 0.425968 -0.0370414 0.90398 
vn 0.358406 -0.0311657 0.933045 
vn 0.421984 -0.068875 0.903983 
vn 0.355054 -0.057951 0.933048 
vn 0.415847 -0.0994497 0.903981 
vn 0.34989 -0.0836756 0.933046 
vn 0.407653 -0.128976 0.903982 
vn 0.342996 -0.10852 0.933047 
vn 0.397536 -0.157407 0.903984 
vn 0.334484 -0.132441 0.933049 
vn 0.385481 -0.184978 0.903984 
vn 0.324341 -0.155639 0.933049 
vn 0.370376 -0.213614 0.903986 
vn 0.31163 -0.179733 0.93305 
vn 0.355033 -0.238253 0.903984 
vn 0.298721 -0.200465 0.933049 
vn 0.33795 -0.261922 0.903984 
vn 0.284349 -0.220379 0.933048 
vn 0.319396 -0.284256 0.903983 
vn 0.268737 -0.239171 0.933048 
vn 0.299539 -0.305094 0.903988 
vn 0.25203 -0.256703 0.933051 
vn 0.275887 -0.32663 0.90399 
vn 0.232129 -0.274824 0.933053 
vn 0.253477 -0.344325 0.903985 
vn 0.213273 -0.289712 0.93305 
vn 0.229584 -0.360698 0.903985 
vn 0.19317 -0.303488 0.933049 
vn 0.20473 -0.375365 0.903984 
vn 0.172258 -0.315829 0.933048 
vn 0.178917 -0.388333 0.903984 
vn 0.150539 -0.32674 0.933048 
vn 0.158305 -0.397176 0.903986 
vn 0.133196 -0.334181 0.93305 
vn 0.129916 -0.40735 0.903984 
vn 0.10931 -0.342741 0.933049 
vn 0.101117 -0.415436 0.903985 
vn 0.0850791 -0.349544 0.933049 
vn 0.0712507 -0.421588 0.903984 
vn 0.0599497 -0.35472 0.933049 
vn 0.0404449 -0.42565 0.903984 
vn 0.03403 -0.358138 0.933048 
vn 0.00736323 -0.427503 0.903984 
vn 0.00619532 -0.359697 0.933048 
vn -0.0219957 -0.359078 0.933048 
vn -0.0261421 -0.426767 0.903984 
vn -0.0510872 -0.356104 0.933049 
vn -0.0607174 -0.423233 0.903984 
vn -0.0770167 -0.35141 0.933048 
vn -0.0915348 -0.417654 0.903984 
vn -0.102414 -0.344863 0.933049 
vn -0.121721 -0.409873 0.903985 
vn -0.129483 -0.335637 0.93305 
vn -0.153892 -0.398907 0.903986 
vn -0.153458 -0.325371 0.933051 
vn -0.182386 -0.386706 0.903988 
vn -0.176546 -0.313452 0.933048 
vn -0.209827 -0.37254 0.903984 
vn -0.198706 -0.299893 0.933049 
vn -0.236164 -0.356425 0.903985 
vn -0.222144 -0.282956 0.933053 
vn -0.26402 -0.336295 0.903991 
vn -0.241944 -0.266232 0.933051 
vn -0.287552 -0.316419 0.903987 
vn -0.260477 -0.248139 0.933048 
vn -0.309579 -0.294915 0.903984 
vn -0.27769 -0.228712 0.933048 
vn -0.330037 -0.271826 0.903984 
vn -0.293527 -0.208 0.933048 
vn -0.348859 -0.24721 0.903983 
vn -0.307812 -0.186207 0.933048 
vn -0.365836 -0.221308 0.903984 
vn -0.320495 -0.163417 0.933048 
vn -0.380911 -0.194223 0.903983 
vn -0.331533 -0.139663 0.933049 
vn -0.39403 -0.16599 0.903984 
vn -0.340829 -0.11511 0.933052 
vn -0.405077 -0.136811 0.903989 
vn -0.348334 -0.0898833 0.933051 
vn -0.413998 -0.106826 0.903988 
vn -0.374627 -0.0748922 0.924146 
vn -0.461498 -0.0922583 0.882331 
vn -0.284162 -0.0568073 0.957092 
vn -0.352793 -0.0705272 0.93304 
vn -6.29372e-15 -1.25818e-15 1 
vn -0.236617 -0.501689 0.832058 
vn 0.540922 0.122869 0.83205 
vn 0 0 1 
vn 0.0300309 0.553887 0.83205 
vn -1.12028e-16 0.5547 0.83205 
vn 0.0599736 0.551449 0.83205 
vn 0.0897405 0.547393 0.83205 
vn 0.119244 0.541732 0.83205 
vn 0.148398 0.534481 0.83205 
vn 0.177117 0.525663 0.83205 
vn 0.205316 0.515304 0.83205 
vn 0.232913 0.503432 0.83205 
vn 0.259826 0.490084 0.83205 
vn 0.285978 0.475299 0.83205 
vn 0.311291 0.459119 0.83205 
vn 0.33569 0.441593 0.83205 
vn 0.359105 0.422771 0.83205 
vn 0.381467 0.40271 0.83205 
vn 0.40271 0.381467 0.83205 
vn 0.422771 0.359105 0.83205 
vn 0.441593 0.33569 0.83205 
vn 0.459119 0.311291 0.83205 
vn 0.475299 0.285978 0.83205 
vn 0.490084 0.259826 0.83205 
vn 0.503432 0.232913 0.83205 
vn 0.515304 0.205316 0.83205 
vn 0.525663 0.177117 0.83205 
vn 0.534481 0.148398 0.83205 
vn 0.541732 0.119244 0.83205 
vn 0.547393 0.0897405 0.83205 
vn 0.551449 0.0599736 0.83205 
vn 0.553887 0.0300309 0.83205 
vn 0.553887 -0.0300309 0.83205 
vn 0.5547 1.02212e-16 0.83205 
vn 0.5547 -2.84584e-11 0.83205 
vn 0.551449 -0.0599736 0.83205 
vn 0.553887 -0.0300309 0.83205 
vn 0.547393 -0.0897405 0.83205 
vn 0.541732 -0.119244 0.83205 
vn 0.534481 -0.148398 0.83205 
vn 0.525663 -0.177117 0.83205 
vn 0.515304 -0.205316 0.83205 
vn 0.503432 -0.232913 0.83205 
vn 0.490084 -0.259826 0.83205 
vn 0.475299 -0.285978 0.83205 
vn 0.459119 -0.311291 0.83205 
vn 0.441593 -0.33569 0.83205 
vn 0.422771 -0.359105 0.83205 
vn 0.40271 -0.381467 0.83205 
vn 0.381467 -0.40271 0.83205 
vn 0.359105 -0.422771 0.83205 
vn 0.33569 -0.441593 0.83205 
vn 0.311291 -0.459119 0.83205 
vn 0.285978 -0.475299 0.83205 
vn 0.259826 -0.490084 0.83205 
vn 0.232913 -0.503432 0.83205 
vn 0.205316 -0.515304 0.83205 
vn 0.177117 -0.525663 0.83205 
vn 0.148398 -0.534481 0.83205 
vn 0.119244 -0.541732 0.83205 
vn 0.0897405 -0.547393 0.83205 
vn 0.0599736 -0.551449 0.83205 
vn 0.0300309 -0.553887 0.83205 
vn -2.27498e-16 -0.5547 0.83205 
vn -0.0300309 -0.553887 0.83205 
vn -0.0599736 -0.551449 0.83205 
vn -0.0897405 -0.547393 0.83205 
vn -0.119244 -0.541732 0.83205 
vn -0.148398 -0.534481 0.83205 
vn -0.177117 -0.525663 0.83205 
vn -0.205316 -0.515304 0.83205 
vn -0.232913 -0.503432 0.83205 
vn -0.259826 -0.490084 0.83205 
vn -0.285978 -0.475299 0.83205 
vn -0.311291 -0.459119 0.83205 
vn -0.33569 -0.441593 0.83205 
vn -0.359105 -0.422771 0.83205 
vn -0.381467 -0.40271 0.83205 
vn -0.40271 -0.381467 0.83205 
vn -0.422771 -0.359105 0.83205 
vn -0.441593 -0.33569 0.83205 
vn -0.459119 -0.311291 0.83205 
vn -0.475299 -0.285978 0.83205 
vn -0.490084 -0.259826 0.83205 
vn -0.503432 -0.232913 0.83205 
vn -0.515304 -0.205316 0.83205 
vn -0.525663 -0.177117 0.83205 
vn -0.534481 -0.148398 0.83205 
vn -0.541732 -0.119244 0.83205 
vn -0.547393 -0.0897405 0.83205 
vn -0.551449 -0.0599736 0.83205 
vn -0.553887 -0.0300309 0.83205 
vn -0.553887 0.0300309 0.83205 
vn -0.5547 -6.32841e-16 0.83205 
vn -0.5547 -2.84584e-11 0.83205 
vn -0.551449 0.0599736 0.83205 
vn -0.553887 0.0300309 0.83205 
vn -0.547393 0.0897405 0.83205 
vn -0.541732 0.119244 0.83205 
vn -0.534481 0.148398 0.83205 
vn -0.525663 0.177117 0.83205 
vn -0.515304 0.205316 0.83205 
vn -0.503432 0.232913 0.83205 
vn -0.490084 0.259826 0.83205 
vn -0.475299 0.285978 0.83205 
vn -0.459119 0.311291 0.83205 
vn -0.441593 0.33569 0.83205 
vn -0.422771 0.359105 0.83205 
vn -0.40271 0.381467 0.83205 
vn -0.381467 0.40271 0.83205 
vn -0.359105 0.422771 0.83205 
vn -0.33569 0.441593 0.83205 
vn -0.311291 0.459119 0.83205 
vn -0.285978 0.475299 0.83205 
vn -0.259826 0.490084 0.83205 
vn -0.232913 0.503432 0.83205 
vn -0.205316 0.515304 0.83205 
vn -0.177117 0.525663 0.83205 
vn -0.148398 0.534481 0.83205 
vn -0.119244 0.541732 0.83205 
vn -0.0897405 0.547393 0.83205 
vn -0.0599736 0.551449 0.83205 
vn -0.0300309 0.553887 0.83205 
vn -1.45205e-16 0.5547 0.83205 
vn 1.39206e-49 -1 -3.64679e-17 
vn -0.0542052 -0.99853 -4.51751e-17 
vn -0.108119 -0.994138 -3.88697e-17 
vn -0.21497 -0.976621 -4.08158e-17 
vn -0.161691 -0.986842 -4.51751e-17 
vn -0.319302 -0.947653 -4.22833e-17 
vn -0.21498 -0.976619 -4.51751e-17 
vn -0.235893 -0.971779 -4.51751e-17 
vn -0.419889 -0.907575 -4.32551e-17 
vn -0.319302 -0.947653 -4.51751e-17 
vn -0.370449 -0.928853 -4.51751e-17 
vn -0.515554 -0.856857 -4.37198e-17 
vn -0.419889 -0.907575 -4.51751e-17 
vn -0.468559 -0.883432 -4.51751e-17 
vn -0.605174 -0.796093 -4.36719e-17 
vn -0.515554 -0.856857 -4.51751e-17 
vn -0.561208 -0.827675 -4.51751e-17 
vn -0.687699 -0.725995 -4.3112e-17 
vn -0.605174 -0.796093 -4.51751e-17 
vn -0.64769 -0.761904 -4.51751e-17 
vn -0.762162 -0.647386 -4.20466e-17 
vn -0.687699 -0.725995 -4.51751e-17 
vn -0.827689 -0.561187 -4.04883e-17 
vn -0.762162 -0.647386 -4.51751e-17 
vn -0.883512 -0.468408 -3.84553e-17 
vn -0.827689 -0.561187 0 
vn -0.928977 -0.370138 -3.59714e-17 
vn -0.883512 -0.468408 0 
vn -0.96355 -0.267528 -3.30658e-17 
vn -0.928977 -0.370138 0 
vn -0.986827 -0.161782 -2.97725e-17 
vn -0.96355 -0.267528 0 
vn -0.998533 -0.0541389 -2.61302e-17 
vn -0.986827 -0.161782 0 
vn -1 -5.13027e-11 0 
vn -0.998533 -0.0541389 0 
vn -0.998533 0.0541389 0 
vn -0.986827 0.161782 -1.79728e-17 
vn -0.96355 0.267528 -1.35534e-17 
vn -0.928977 0.370138 -8.97505e-18 
vn -0.883512 0.468408 -4.29149e-18 
vn -0.827689 0.561187 4.42396e-19 
vn -0.762162 0.647386 5.17109e-18 
vn -0.687699 0.725995 9.83916e-18 
vn -0.605174 0.796093 1.43919e-17 
vn -0.647676 0.761916 0 
vn -0.515554 0.856857 1.87759e-17 
vn -0.605174 0.796093 0 
vn -0.561261 0.827639 0 
vn -0.419889 0.907575 2.29397e-17 
vn -0.515554 0.856857 0 
vn -0.468629 0.883395 0 
vn -0.319302 0.947653 2.68346e-17 
vn -0.419889 0.907575 0 
vn -0.37038 0.92888 0 
vn -0.21497 0.976621 3.04149e-17 
vn -0.319302 0.947653 0 
vn -0.235893 0.971779 0 
vn -0.108119 0.994138 3.36386e-17 
vn -0.21497 0.976621 0 
vn -0.161989 0.986793 0 
vn 1.22465e-16 1 3.64679e-17 
vn -0.108119 0.994138 0 
vn -0.0539875 0.998542 0 
vn 0.054212 0.998529 0 
vn 0.108119 0.994138 0 
vn 3.35207e-17 1 0 
vn 0.161697 0.98684 0 
vn 0.21497 0.976621 0 
vn 0.267882 0.963452 0 
vn 0.319302 0.947653 0 
vn 0.370356 0.92889 0 
vn 0.419889 0.907575 0 
vn 0.468474 0.883477 0 
vn 0.515554 0.856857 0 
vn 0.561434 0.827522 0 
vn 0.605174 0.796093 0 
vn 0.647622 0.761962 0 
vn 0.687699 0.725995 0 
vn 0.762162 0.647386 0 
vn 0.827689 0.561187 0 
vn 0.883512 0.468408 0 
vn 0.928977 0.370138 0 
vn 0.96355 0.267528 0 
vn 0.986827 0.161782 0 
vn 0.998533 0.0541389 0 
vn 1 -5.13034e-11 0 
vn 0.998533 -0.0541389 0 
vn 0.986827 -0.161782 0 
vn 0.96355 -0.267528 0 
vn 0.928977 -0.370138 0 
vn 0.883512 -0.468408 0 
vn 0.827689 -0.561187 0 
vn 0.762162 -0.647386 0 
vn 0.687699 -0.725995 0 
vn 0.647678 -0.761914 0 
vn 0.605174 -0.796093 0 
vn 0.561269 -0.827634 0 
vn 0.515554 -0.856857 0 
vn 0.468638 -0.88339 0 
vn 0.419889 -0.907575 -2.25875e-17 
vn 0.370386 -0.928878 -2.25875e-17 
vn 0.319302 -0.947653 -2.25875e-17 
vn 0.26759 -0.963533 -2.25875e-17 
vn 0.21497 -0.976621 -2.25875e-17 
vn 0.162003 -0.98679 -2.25875e-17 
vn 0.108119 -0.994138 -2.25875e-17 
vn 0.0539718 -0.998542 -4.51751e-17 
vn 0.998533 0.0541389 2.61302e-17 
vn 5.4774e-14 0.529999 -0.847998 
vn 0.000795731 0.529999 -0.847998 
vn 0.000225254 0.529999 -0.847998 
vn 0.00137583 0.529999 -0.847997 
vn 0.00195878 0.529999 -0.847996 
vn 0.00254015 0.529999 -0.847994 
vn 0.0878128 0.529999 -0.843439 
vn 0.00652455 0.529999 -0.847973 
vn 0.00992387 0.529999 -0.84794 
vn 0.00949595 0.529999 -0.847945 
vn 0.00904217 0.529999 -0.84795 
vn 0.00857406 0.529999 -0.847955 
vn 0.00808257 0.529999 -0.84796 
vn 0.00757778 0.529999 -0.847964 
vn 0.00705644 0.529999 -0.847969 
vn 0.00597598 0.529999 -0.847977 
vn 0.00542319 0.529999 -0.847981 
vn 0.0048541 0.529999 -0.847984 
vn 0.00428089 0.529999 -0.847987 
vn 0.00370423 0.529999 -0.84799 
vn 0.00312388 0.529999 -0.847993 
vn 0.0107173 0.529999 -0.847931 
vn 0.0878128 0.529999 -0.843439 
vn 0.0131935 0.529999 -0.847896 
vn 0.0130462 0.529999 -0.847898 
vn 0.0131823 0.529999 -0.847896 
vn 0.0127872 0.529999 -0.847902 
vn 0.0130795 0.529999 -0.847897 
vn 0.0124087 0.529999 -0.847908 
vn 0.0128412 0.529999 -0.847901 
vn 0.0119152 0.529999 -0.847915 
vn 0.0124812 0.529999 -0.847906 
vn 0.0113127 0.529999 -0.847923 
vn 0.0120034 0.529999 -0.847913 
vn 0.0106086 0.529999 -0.847932 
vn 0.0114131 0.529999 -0.847921 
vn 0.00892952 0.529999 -0.847951 
vn 0.00938328 0.529999 -0.847946 
vn 0.00797424 0.529999 -0.847961 
vn 0.00846129 0.529999 -0.847956 
vn 0.0069563 0.529999 -0.84797 
vn 0.00747483 0.529999 -0.847965 
vn 0.00588746 0.529999 -0.847978 
vn 0.00643011 0.529999 -0.847974 
vn 0.00250046 0.529999 -0.847995 
vn 0.00307259 0.529999 -0.847993 
vn 0.00364668 0.529999 -0.84799 
vn 0.00421813 0.529999 -0.847988 
vn 0.00478001 0.529999 -0.847985 
vn 0.00533842 0.529999 -0.847982 
vn 0.00981106 0.529999 -0.847942 
vn 5.4774e-14 0.529999 -0.847998 
vn -0.0878128 0.529999 -0.843439 
vn -0.000884493 0.529999 -0.847998 
vn -0.00479942 0.529999 -0.847985 
vn -0.00437318 0.529999 -0.847987 
vn -0.00392062 0.529999 -0.847989 
vn -0.00345298 0.529999 -0.847991 
vn -0.00296772 0.529999 -0.847993 
vn -0.0024685 0.529999 -0.847995 
vn -0.00195177 0.529999 -0.847996 
vn -0.00142708 0.529999 -0.847997 
vn -0.00559385 0.529999 -0.84798 
vn -0.0081511 0.529999 -0.847959 
vn -0.00814416 0.529999 -0.847959 
vn -0.0878128 0.529999 -0.843439 
vn -0.00803279 0.529999 -0.84796 
vn -0.00801235 0.529999 -0.84796 
vn -0.0077903 0.529999 -0.847963 
vn -0.00775754 0.529999 -0.847963 
vn -0.00742617 0.529999 -0.847966 
vn -0.00738301 0.529999 -0.847966 
vn -0.00694442 0.529999 -0.84797 
vn -0.00689338 0.529999 -0.84797 
vn -0.00635048 0.529999 -0.847975 
vn -0.00629461 0.529999 -0.847975 
vn -0.00565118 0.529999 -0.847979 
vn -0.00397008 0.529999 -0.847989 
vn -0.00442582 0.529999 -0.847987 
vn -0.00349885 0.529999 -0.847991 
vn -0.00300804 0.529999 -0.847993 
vn -0.00250384 0.529999 -0.847995 
vn -0.00197986 0.529999 -0.847996 
vn -0.00144737 0.529999 -0.847997 
vn -0.000897792 0.529999 -0.847998 
vn 5.49767e-14 0.529999 -0.847998 
vn -0.0048546 0.529999 -0.847984 
vn 0.000786622 0.529999 -0.847998 
vn 0.00135446 0.529999 -0.847997 
vn 0.00192591 0.529999 -0.847996 
vn 5.49847e-14 0.529999 -0.847998 
vn 0.000223046 0.529999 -0.847998 
vn -0.159 0.529999 -0.832959 
vn -0.14434 0.529999 -0.835624 
vn 0.14434 0.529999 -0.835624 
vn 0.159 0.529999 -0.832959 
vn 0 1 0 
vn 0 0.529999 0.847998 
vn -0.847998 0.529999 0 
vn -1 0 0 
vn 0.847998 0.529999 0 
vn 0 0 1 
vn 1 0 0 
vn 0 -0.0229041 -0.999738 
vn 0 -0.0588818 -0.998265 
vn 0 -5.12983e-11 -1 
vn 0 -0.0971889 -0.995266 
vn 0 -0.166114 -0.986107 
vn 0 -0.149972 -0.98869 
vn 0 -0.0588708 -0.998266 
vn 0 -0.0768781 -0.997041 
vn 0 -0.166141 -0.986102 
vn 0 -0.172894 -0.984941 
vn 0 -0.271449 -0.962453 
vn 0 -0.222768 -0.974871 
vn 0 -0.250172 -0.968201 
vn 0 -0.330123 -0.943938 
vn 0 -0.373591 -0.927594 
vn 0 -0.370149 -0.928972 
vn 0 -0.27144 -0.962455 
vn 0 -0.29582 -0.955244 
vn 0 -0.402688 -0.915337 
vn 0 -0.47139 -0.881925 
vn 0 -0.443558 -0.896246 
vn 0 -0.373603 -0.927589 
vn 0 -0.485048 -0.874487 
vn 0 -0.563714 -0.82597 
vn 0 -0.519102 -0.854712 
vn 0 -0.471433 -0.881902 
vn 0 -0.649464 -0.760392 
vn 0 -0.568527 -0.822664 
vn 0 -0.643914 -0.765098 
vn 0 -0.593606 -0.804756 
vn 0 -0.563755 -0.825942 
vn 0 -0.717644 -0.69641 
vn 0 -0.727641 -0.685958 
vn 0 -0.668169 -0.74401 
vn 0 -0.649457 -0.760398 
vn 0 -0.788994 -0.614401 
vn 0 -0.797339 -0.603531 
vn 0 -0.740549 -0.672002 
vn 0 -0.727607 -0.685994 
vn 0 -0.857744 -0.514078 
vn 0 -0.857749 -0.514069 
vn 0 -0.810043 -0.58637 
vn 0 -0.797303 -0.603579 
vn 0 -0.861437 -0.507864 
vn 0 -0.908156 -0.418633 
vn 0 -0.872168 -0.489206 
vn 0 -0.91794 -0.396719 
vn 0 -0.947976 -0.318341 
vn 0 -0.927747 -0.373211 
vn 0 -0.908161 -0.418622 
vn 0 -0.947991 -0.318298 
vn 0 -0.961349 -0.275333 
vn 0 -0.976758 -0.214343 
vn 0 -0.967762 -0.251867 
vn 0 -0.991391 -0.130938 
vn 0 -0.99417 -0.107828 
vn 0 -0.992339 -0.123544 
vn 0 -0.976762 -0.214327 
vn 0 -0.994175 -0.107779 
vn 0 -0.994177 -0.107762 
vn 0 -1 2.34613e-05 
vn 0 -0.994169 -0.107837 
vn 0 -1 -5.49419e-05 
vn 0 -5.13031e-11 1 
vn 0 -0.0229196 0.999737 
vn 0 -0.0588708 0.998266 
vn 0 -5.12971e-11 1 
vn 0 -0.14997 0.98869 
vn 0 -0.0768742 0.997041 
vn 0 -0.0972037 0.995265 
vn 0 -0.166141 0.986102 
vn 0 -0.166114 0.986107 
vn 0 -0.222768 0.974871 
vn 0 -0.250191 0.968196 
vn 0 -0.27144 0.962455 
vn 0 -0.17291 0.984938 
vn 0 -0.271449 0.962453 
vn 0 -0.370151 0.928972 
vn 0 -0.295818 0.955244 
vn 0 -0.330147 0.94393 
vn 0 -0.373603 0.927589 
vn 0 -0.373591 0.927594 
vn 0 -0.402712 0.915327 
vn 0 -0.471433 0.881902 
vn 0 -0.47139 0.881925 
vn 0 -0.443557 0.896246 
vn 0 -0.485068 0.874477 
vn 0 -0.563755 0.825942 
vn 0 -0.563714 0.82597 
vn 0 -0.519102 0.854712 
vn 0 -0.593605 0.804757 
vn 0 -0.643935 0.76508 
vn 0 -0.649457 0.760398 
vn 0 -0.568546 0.822651 
vn 0 -0.649464 0.760392 
vn 0 -0.668168 0.744011 
vn 0 -0.717666 0.696387 
vn 0 -0.727608 0.685994 
vn 0 -0.727641 0.685958 
vn 0 -0.740548 0.672003 
vn 0 -0.789013 0.614377 
vn 0 -0.797303 0.603579 
vn 0 -0.797339 0.603531 
vn 0 -0.857744 0.514078 
vn 0 -0.857749 0.514069 
vn 0 -0.810043 0.58637 
vn 0 -0.86145 0.507842 
vn 0 -0.908161 0.418622 
vn 0 -0.908156 0.418633 
vn 0 -0.872166 0.489209 
vn 0 -0.917952 0.39669 
vn 0 -0.947991 0.318298 
vn 0 -0.947976 0.318341 
vn 0 -0.927749 0.373205 
vn 0 -0.961357 0.275305 
vn 0 -0.976762 0.214327 
vn 0 -0.976758 0.214343 
vn 0 -0.967759 0.251877 
vn 0 -0.991395 0.130904 
vn 0 -0.994169 0.107837 
vn 0 -0.99417 0.107828 
vn 0 -0.992338 0.123553 
vn 0 -0.994177 0.107762 
vn 0 -0.994175 0.107779 
vn 0 -1 2.32844e-07 
vn 0 -0.0588818 0.998265 
vn 0 -1 0 
vn 0 -0.0294494 0.999566 
vn 0 -0.0294419 0.999566 
vn 0 -2.52621e-12 1 
vn 0 -0.0768781 0.997041 
vn 0 -0.0588818 0.998265 
vn 0 -0.137022 0.990568 
vn 0 -0.0366295 0.999329 
vn 0 -0.0588621 0.998266 
vn 0 -0.111162 0.993802 
vn 0 -0.137004 0.99057 
vn 0 -0.222768 0.974871 
vn 0 -0.166114 0.986107 
vn 0 -0.166134 0.986103 
vn 0 -0.242971 0.970033 
vn 0 -0.187858 0.982196 
vn 0 -0.149972 0.98869 
vn 0 -0.346126 0.938188 
vn 0 -0.2654 0.964138 
vn 0 -0.271433 0.962457 
vn 0 -0.345642 0.938366 
vn 0 -0.242991 0.970029 
vn 0 -0.29582 0.955244 
vn 0 -0.271449 0.962453 
vn 0 -0.346117 0.938191 
vn 0 -0.443558 0.896246 
vn 0 -0.373591 0.927594 
vn 0 -0.373589 0.927594 
vn 0 -0.44522 0.895421 
vn 0 -0.41883 0.908065 
vn 0 -0.445214 0.895424 
vn 0 -0.370149 0.928972 
vn 0 -0.519103 0.854712 
vn 0 -0.47139 0.881925 
vn 0 -0.471409 0.881915 
vn 0 -0.539127 0.842225 
vn 0 -0.493323 0.869846 
vn 0 -0.539146 0.842212 
vn 0 -0.593606 0.804756 
vn 0 -0.563714 0.82597 
vn 0 -0.563714 0.82597 
vn 0 -0.626771 0.779204 
vn 0 -0.568347 0.822789 
vn 0 -0.707111 0.707102 
vn 0 -0.643651 0.765319 
vn 0 -0.64944 0.760412 
vn 0 -0.626791 0.779188 
vn 0 -0.668169 0.74401 
vn 0 -0.649464 0.760392 
vn 0 -0.779207 0.626767 
vn 0 -0.717673 0.69638 
vn 0 -0.727608 0.685994 
vn 0 -0.707122 0.707091 
vn 0 -0.740549 0.672002 
vn 0 -0.727641 0.685958 
vn 0 -0.84222 0.539134 
vn 0 -0.789022 0.614365 
vn 0 -0.797303 0.603579 
vn 0 -0.77922 0.626751 
vn 0 -0.810044 0.58637 
vn 0 -0.797339 0.603531 
vn 0 -0.842243 0.539098 
vn 0 -0.872168 0.489206 
vn 0 -0.857749 0.514069 
vn 0 -0.857744 0.514078 
vn 0 -0.895413 0.445237 
vn 0 -0.86146 0.507825 
vn 0 -0.895429 0.445205 
vn 0 -0.927746 0.373211 
vn 0 -0.908155 0.418633 
vn 0 -0.908161 0.418622 
vn 0 -0.938178 0.346153 
vn 0 -0.917959 0.396675 
vn 0 -0.938188 0.346125 
vn 0 -0.967762 0.251865 
vn 0 -0.947976 0.318341 
vn 0 -0.947991 0.318298 
vn 0 -0.970028 0.242994 
vn 0 -0.961363 0.275284 
vn 0 -0.976768 0.214298 
vn 0 -0.990572 0.13699 
vn 0 -0.976763 0.214321 
vn 0 -0.970018 0.243031 
vn 0 -0.990571 0.136999 
vn 0 -0.999567 0.0294138 
vn 0 -0.991397 0.130887 
vn 0 -0.994175 0.107779 
vn 0 -0.994177 0.107762 
vn 0 -0.992337 0.123558 
vn 0 -1 7.0234e-12 
vn 0 -0.999568 0.0294056 
vn 0 -2.524e-12 1 
vn -0.999566 -0.0294418 0 
vn -0.998266 -0.05887 0 
vn -0.999738 -0.0229041 0 
vn -1 -5.13006e-11 0 
vn -0.998265 -0.0588816 0 
vn -0.986104 -0.166131 0 
vn -0.997041 -0.0768778 0 
vn -0.990568 -0.137022 0 
vn -0.98869 -0.149972 0 
vn -0.995266 -0.0971855 0 
vn -0.986107 -0.166114 0 
vn -0.968205 -0.250159 0 
vn -0.984942 -0.172883 0 
vn -0.962459 -0.271428 0 
vn -0.974872 -0.222768 0 
vn -0.970034 -0.242971 0 
vn -0.962453 -0.271448 0 
vn -0.92759 -0.3736 0 
vn -0.955244 -0.295819 0 
vn -0.938188 -0.346126 0 
vn -0.928972 -0.370149 0 
vn -0.943939 -0.330119 0 
vn -0.927594 -0.37359 0 
vn -0.881913 -0.471412 0 
vn -0.896247 -0.443556 0 
vn -0.895422 -0.445219 0 
vn -0.915338 -0.402687 0 
vn -0.881926 -0.471388 0 
vn -0.825969 -0.563715 0 
vn -0.854713 -0.519102 0 
vn -0.842225 -0.539125 0 
vn -0.874502 -0.485022 0 
vn -0.825971 -0.563712 0 
vn -0.760414 -0.649438 0 
vn -0.804757 -0.593604 0 
vn -0.779205 -0.626769 0 
vn -0.765115 -0.643894 0 
vn -0.760394 -0.649462 0 
vn -0.822693 -0.568486 0 
vn -0.685995 -0.727607 0 
vn -0.744011 -0.668167 0 
vn -0.707105 -0.707109 0 
vn -0.69641 -0.717644 0 
vn -0.685961 -0.727639 0 
vn -0.603584 -0.7973 0 
vn -0.672005 -0.740547 0 
vn -0.626769 -0.779205 0 
vn -0.614405 -0.788991 0 
vn -0.603534 -0.797338 0 
vn -0.514084 -0.85774 0 
vn -0.586372 -0.810042 0 
vn -0.539139 -0.842217 0 
vn -0.418624 -0.90816 0 
vn -0.489215 -0.872163 0 
vn -0.445243 -0.89541 0 
vn -0.50787 -0.861433 0 
vn -0.514076 -0.857745 0 
vn -0.418637 -0.908154 0 
vn -0.318309 -0.947987 0 
vn -0.373212 -0.927746 0 
vn -0.346157 -0.938177 0 
vn -0.396719 -0.91794 0 
vn -0.214333 -0.976761 0 
vn -0.251878 -0.967759 0 
vn -0.243011 -0.970024 0 
vn -0.275351 -0.961344 0 
vn -0.318348 -0.947974 0 
vn -0.214348 -0.976757 0 
vn -0.137046 -0.990565 0 
vn -0.107885 -0.994163 0 
vn -0.130995 -0.991383 0 
vn -0.107827 -0.99417 0 
vn -0.123619 -0.99233 0 
vn -0.107815 -0.994171 0 
vn -0.0294287 -0.999567 0 
vn -1.75643e-07 -1 0 
vn -5.49418e-05 -1 0 
vn 1.30249e-12 -1 0 
vn 0.0293769 -0.999568 0 
vn 0.0866807 -0.996236 0 
vn -1.09013e-11 -1 0 
vn 0.107815 -0.994171 0 
vn 0.107726 -0.994181 0 
vn 0.214348 -0.976757 0 
vn 0.136944 -0.990579 0 
vn 0.213299 -0.976987 0 
vn 0.123615 -0.99233 0 
vn 0.107882 -0.994164 0 
vn 0.214287 -0.976771 0 
vn 0.243063 -0.97001 0 
vn 0.25189 -0.967756 0 
vn 0.318348 -0.947974 0 
vn 0.323992 -0.94606 0 
vn 0.373206 -0.927749 0 
vn 0.418637 -0.908154 0 
vn 0.318339 -0.947977 0 
vn 0.441255 -0.897382 0 
vn 0.489218 -0.872161 0 
vn 0.514076 -0.857745 0 
vn 0.418651 -0.908147 0 
vn 0.445155 -0.895453 0 
vn 0.548174 -0.836364 0 
vn 0.586372 -0.810042 0 
vn 0.603534 -0.797338 0 
vn 0.514064 -0.857752 0 
vn 0.685961 -0.727639 0 
vn 0.626789 -0.779189 0 
vn 0.640688 -0.767802 0 
vn 0.672005 -0.740546 0 
vn 0.60354 -0.797333 0 
vn 0.7137 -0.700452 0 
vn 0.744013 -0.668166 0 
vn 0.760394 -0.649462 0 
vn 0.685976 -0.727624 0 
vn 0.825971 -0.563712 0 
vn 0.779177 -0.626804 0 
vn 0.780851 -0.624717 0 
vn 0.804758 -0.593603 0 
vn 0.760391 -0.649466 0 
vn 0.881926 -0.471388 0 
vn 0.842196 -0.539171 0 
vn 0.881276 -0.472601 0 
vn 0.837285 -0.546767 0 
vn 0.854713 -0.519101 0 
vn 0.825964 -0.563723 0 
vn 0.927594 -0.37359 0 
vn 0.895418 -0.445227 0 
vn 0.915982 -0.401218 0 
vn 0.896247 -0.443555 0 
vn 0.881916 -0.471406 0 
vn 0.946705 -0.322103 0 
vn 0.928972 -0.370151 0 
vn 0.962453 -0.271448 0 
vn 0.955245 -0.295816 0 
vn 0.927584 -0.373614 0 
vn 0.986107 -0.166114 0 
vn 0.970027 -0.242997 0 
vn 0.970117 -0.242636 0 
vn 0.974871 -0.222768 0 
vn 0.962451 -0.271454 0 
vn 0.998265 -0.0588816 0 
vn 0.990567 -0.137029 0 
vn 0.99651 -0.0834784 0 
vn 0.986618 -0.16305 0 
vn 0.988691 -0.14997 0 
vn 0.997041 -0.076874 0 
vn 0.986103 -0.166135 0 
vn 0.999567 -0.0294381 0 
vn 1 -5.12996e-11 0 
vn 0.998265 -0.0588849 0 
vn 1 -6.37765e-11 0 
vn -1 -5.12985e-11 0 
vn 1 -5.12999e-11 0 
vn 0.999329 -0.0366295 0 
vn 0.999566 -0.0294493 0 
vn 0.998265 -0.0588816 0 
vn 0.998266 -0.058862 0 
vn 0.986103 -0.166133 0 
vn 0.997041 -0.0768778 0 
vn 0.98869 -0.149972 0 
vn 0.99057 -0.137004 0 
vn 0.993802 -0.111162 0 
vn 0.986107 -0.166114 0 
vn 0.964139 -0.265399 0 
vn 0.970029 -0.242991 0 
vn 0.982196 -0.187858 0 
vn 0.974872 -0.222768 0 
vn 0.962458 -0.271432 0 
vn 0.962453 -0.271448 0 
vn 0.927594 -0.373589 0 
vn 0.955244 -0.295819 0 
vn 0.928972 -0.370149 0 
vn 0.938192 -0.346116 0 
vn 0.938367 -0.345642 0 
vn 0.927594 -0.37359 0 
vn 0.896246 -0.443556 0 
vn 0.881916 -0.471407 0 
vn 0.895425 -0.445213 0 
vn 0.908065 -0.418829 0 
vn 0.854713 -0.519101 0 
vn 0.825971 -0.563713 0 
vn 0.842213 -0.539145 0 
vn 0.881926 -0.471388 0 
vn 0.869847 -0.493321 0 
vn 0.825971 -0.563712 0 
vn 0.765322 -0.643648 0 
vn 0.77919 -0.626788 0 
vn 0.804757 -0.593604 0 
vn 0.760415 -0.649438 0 
vn 0.760394 -0.649462 0 
vn 0.822789 -0.568347 0 
vn 0.696381 -0.717673 0 
vn 0.707092 -0.707121 0 
vn 0.744012 -0.668167 0 
vn 0.685994 -0.727607 0 
vn 0.685961 -0.727639 0 
vn 0.61437 -0.789018 0 
vn 0.626754 -0.779217 0 
vn 0.672005 -0.740547 0 
vn 0.603583 -0.7973 0 
vn 0.603534 -0.797338 0 
vn 0.586372 -0.810042 0 
vn 0.514084 -0.85774 0 
vn 0.539104 -0.842239 0 
vn 0.489215 -0.872163 0 
vn 0.418624 -0.90816 0 
vn 0.445208 -0.895427 0 
vn 0.514076 -0.857745 0 
vn 0.507832 -0.861456 0 
vn 0.418637 -0.908154 0 
vn 0.373212 -0.927746 0 
vn 0.31831 -0.947987 0 
vn 0.346133 -0.938185 0 
vn 0.396676 -0.917959 0 
vn 0.25188 -0.967759 0 
vn 0.214333 -0.976761 0 
vn 0.243058 -0.970012 0 
vn 0.318348 -0.947974 0 
vn 0.275303 -0.961358 0 
vn 0.214348 -0.976757 0 
vn 0.130944 -0.99139 0 
vn 0.137055 -0.990564 0 
vn 0.107827 -0.99417 0 
vn 0.123605 -0.992332 0 
vn 0.107882 -0.994164 0 
vn 0.107815 -0.994171 0 
vn -2.34613e-05 -1 0 
vn 1.19687e-12 -1 0 
vn 0.0294188 -0.999567 0 
vn -0.999659 -0.026104 0 
vn -0.999566 -0.0294435 0 
vn -0.998266 -0.05887 0 
vn -0.999737 -0.0229195 0 
vn -1 -5.12988e-11 0 
vn -1 -6.37751e-11 0 
vn -0.994296 -0.106653 0 
vn -0.99057 -0.137011 0 
vn -0.986104 -0.166131 0 
vn -0.995265 -0.0972002 0 
vn -0.998266 -0.0588673 0 
vn -0.962666 -0.270694 0 
vn -0.962449 -0.271463 0 
vn -0.962459 -0.271428 0 
vn -0.9682 -0.250178 0 
vn -0.98494 -0.172899 0 
vn -0.982125 -0.188232 0 
vn -0.986101 -0.16615 0 
vn -0.92759 -0.3736 0 
vn -0.938184 -0.346136 0 
vn -0.93537 -0.353671 0 
vn -0.943931 -0.330142 0 
vn -0.902795 -0.430071 0 
vn -0.89543 -0.445203 0 
vn -0.881913 -0.471412 0 
vn -0.915327 -0.402711 0 
vn -0.927592 -0.373594 0 
vn -0.858172 -0.513363 0 
vn -0.825947 -0.563748 0 
vn -0.825969 -0.563715 0 
vn -0.874491 -0.485042 0 
vn -0.881916 -0.471406 0 
vn -0.802802 -0.596246 0 
vn -0.765097 -0.643915 0 
vn -0.82268 -0.568505 0 
vn -0.779187 -0.626791 0 
vn -0.760414 -0.649438 0 
vn -0.735214 -0.677835 0 
vn -0.685955 -0.727644 0 
vn -0.685994 -0.727607 0 
vn -0.696388 -0.717666 0 
vn -0.760368 -0.649492 0 
vn -0.656877 -0.753998 0 
vn -0.626776 -0.779199 0 
vn -0.603583 -0.7973 0 
vn -0.614381 -0.789009 0 
vn -0.568259 -0.82285 0 
vn -0.51403 -0.857772 0 
vn -0.514084 -0.85774 0 
vn -0.603511 -0.797355 0 
vn -0.467854 -0.883806 0 
vn -0.445196 -0.895433 0 
vn -0.418624 -0.90816 0 
vn -0.507848 -0.861447 0 
vn -0.360042 -0.932936 0 
vn -0.318351 -0.947973 0 
vn -0.31831 -0.947987 0 
vn -0.396691 -0.917952 0 
vn -0.418625 -0.908159 0 
vn -0.214333 -0.976761 0 
vn -0.243126 -0.969995 0 
vn -0.239821 -0.970817 0 
vn -0.275324 -0.961352 0 
vn -0.214317 -0.976764 0 
vn -0.107885 -0.994163 0 
vn -0.130961 -0.991387 0 
vn -0.113884 -0.993494 0 
vn -0.107786 -0.994174 0 
vn -0.107827 -0.99417 0 
vn -0.0293655 -0.999569 0 
vn 1.2195e-11 -1 0 
vn 1 -5.13003e-11 0 
vn 0 -1 0 
vn 0.0172206 -0.990563 -0.135969 
vn 0.00370663 -0.999565 -0.0292664 
vn 0.00123845 -0.999565 -0.0294742 
vn 0.00575373 -0.990563 -0.136934 
vn -0.00123845 -0.999565 -0.0294742 
vn -0.00575373 -0.990563 -0.136934 
vn -0.00370663 -0.999565 -0.0292664 
vn 0.030534 -0.970023 -0.241087 
vn 0.010202 -0.970023 -0.242799 
vn -0.010202 -0.970023 -0.242799 
vn -0.0172206 -0.990563 -0.135969 
vn 0.0434917 -0.938183 -0.343397 
vn 0.0145314 -0.938183 -0.345835 
vn -0.0145314 -0.938183 -0.345835 
vn -0.030534 -0.970023 -0.241087 
vn 0.0559428 -0.895414 -0.441707 
vn 0.0186915 -0.895414 -0.444843 
vn -0.0186915 -0.895414 -0.444843 
vn -0.0434917 -0.938183 -0.343397 
vn 0.0677422 -0.842214 -0.534871 
vn 0.0226339 -0.842214 -0.538669 
vn -0.0226339 -0.842214 -0.538669 
vn -0.0559428 -0.895414 -0.441707 
vn 0.0787524 -0.779203 -0.621805 
vn 0.0263126 -0.779203 -0.626219 
vn -0.0263126 -0.779203 -0.626219 
vn -0.0677422 -0.842214 -0.534871 
vn 0.0888453 -0.707115 -0.701495 
vn 0.0296849 -0.707115 -0.706475 
vn -0.0296849 -0.707115 -0.706475 
vn -0.0787524 -0.779203 -0.621805 
vn 0.0979032 -0.62679 -0.773013 
vn 0.0327113 -0.62679 -0.778501 
vn -0.0327113 -0.62679 -0.778501 
vn -0.0888453 -0.707115 -0.701495 
vn 0.105821 -0.539163 -0.835527 
vn 0.0353566 -0.539163 -0.841459 
vn -0.0353566 -0.539163 -0.841459 
vn -0.0979032 -0.62679 -0.773013 
vn 0.112505 -0.445256 -0.888307 
vn 0.0375901 -0.445256 -0.894614 
vn -0.0375901 -0.445256 -0.894614 
vn -0.105821 -0.539163 -0.835527 
vn 0.117879 -0.346162 -0.93074 
vn 0.0393857 -0.346162 -0.937348 
vn -0.0393857 -0.346162 -0.937348 
vn -0.112505 -0.445256 -0.888307 
vn 0.12188 -0.243035 -0.96233 
vn 0.0407225 -0.243035 -0.969162 
vn -0.0407225 -0.243035 -0.969162 
vn -0.117879 -0.346162 -0.93074 
vn 0.124462 -0.137078 -0.98271 
vn 0.0415849 -0.137078 -0.989687 
vn -0.0415849 -0.137078 -0.989687 
vn -0.12188 -0.243035 -0.96233 
vn 0.125136 -0.0897324 -0.988073 
vn 0.0417157 -0.111607 -0.992877 
vn -0.0417173 -0.111254 -0.992916 
vn -0.124462 -0.137078 -0.98271 
vn 0.187414 -0.0295136 -0.981838 
vn 0.187165 -0.0589569 -0.980558 
vn 0.186833 -0.0835465 -0.978833 
vn 0.184846 -0.166186 -0.968615 
vn 0.181797 -0.242674 -0.952921 
vn 0.184944 -0.163102 -0.96912 
vn 0.185696 -0.137087 -0.972998 
vn 0.181779 -0.243035 -0.952833 
vn 0.180333 -0.27149 -0.945396 
vn 0.173689 -0.373652 -0.911162 
vn 0.171483 -0.401259 -0.899769 
vn 0.177334 -0.322137 -0.929936 
vn 0.165003 -0.471436 -0.866327 
vn 0.164882 -0.472632 -0.865698 
vn 0.167568 -0.445262 -0.879581 
vn 0.15438 -0.563718 -0.811412 
vn 0.145832 -0.624698 -0.767128 
vn 0.156529 -0.546765 -0.822524 
vn 0.15746 -0.539173 -0.827344 
vn 0.145515 -0.626786 -0.765484 
vn 0.141956 -0.649453 -0.747034 
vn 0.127888 -0.727625 -0.673948 
vn 0.119348 -0.767804 -0.62947 
vn 0.133126 -0.700451 -0.701175 
vn 0.11673 -0.779185 -0.615829 
vn 0.112355 -0.797315 -0.593013 
vn 0.101956 -0.836317 -0.538682 
vn 0.0955507 -0.857711 -0.505175 
vn 0.0819113 -0.897348 -0.433655 
vn 0.0776806 -0.908122 -0.411437 
vn 0.0826408 -0.89542 -0.437486 
vn 0.0600069 -0.946056 -0.318397 
vn 0.0589523 -0.947976 -0.312836 
vn 0.0395856 -0.976796 -0.210481 
vn 0.039402 -0.977013 -0.209509 
vn 0.0449336 -0.970032 -0.238787 
vn 0.0199016 -0.994163 -0.106035 
vn 0.0160244 -0.996217 -0.0854119 
vn 0.02529 -0.990568 -0.13467 
vn 0.00543136 -0.999565 -0.0289816 
vn 1.00369e-05 -1 -5.35865e-05 
vn 6.85011e-06 -1 -5.40863e-05 
vn 2.28875e-06 -1 -5.44703e-05 
vn -2.28875e-06 -1 -5.44703e-05 
vn -6.85011e-06 -1 -5.40863e-05 
vn -1.00369e-05 -1 -5.35865e-05 
vn -0.00542739 -0.999566 -0.0289604 
vn -0.0199251 -0.994149 -0.10616 
vn -0.0396012 -0.976777 -0.210565 
vn -0.0443236 -0.970849 -0.235559 
vn -0.0210542 -0.993467 -0.112163 
vn -0.0449382 -0.970026 -0.23881 
vn -0.0589476 -0.947984 -0.312813 
vn -0.0667299 -0.932927 -0.353827 
vn -0.0776749 -0.908135 -0.411409 
vn -0.0826478 -0.8954 -0.437526 
vn -0.0868929 -0.883763 -0.459797 
vn -0.0955442 -0.857731 -0.505142 
vn -0.105727 -0.82281 -0.558395 
vn -0.11235 -0.797334 -0.592989 
vn -0.116727 -0.779191 -0.615821 
vn -0.122399 -0.754006 -0.645363 
vn -0.127883 -0.727647 -0.673925 
vn -0.137194 -0.677827 -0.722308 
vn -0.141951 -0.649481 -0.74701 
vn -0.145514 -0.626778 -0.76549 
vn -0.149991 -0.596229 -0.788678 
vn -0.154376 -0.563744 -0.811395 
vn -0.160493 -0.513376 -0.843023 
vn -0.165001 -0.471434 -0.866329 
vn -0.173691 -0.373632 -0.91117 
vn -0.175174 -0.353709 -0.918806 
vn -0.167571 -0.445239 -0.879592 
vn -0.168973 -0.430112 -0.886821 
vn -0.17571 -0.346173 -0.92157 
vn -0.180335 -0.271498 -0.945393 
vn -0.180376 -0.270729 -0.945606 
vn -0.184087 -0.188278 -0.964709 
vn -0.184843 -0.166202 -0.968612 
vn -0.125136 -0.0897323 -0.988073 
vn -0.185696 -0.13707 -0.973 
vn -0.18641 -0.106717 -0.976659 
vn -0.187165 -0.0589389 -0.980559 
vn -0.125634 -9.32694e-05 -0.992077 
vn -0.187435 -0.0261794 -0.981928 
vn -0.187416 -0.0295186 -0.981837 
vn -0.103553 -7.7684e-05 -0.994624 
vn -0.0419684 -0.000112756 -0.999119 
vn -7.42658e-15 -7.7684e-05 -1 
vn 0.0419684 -0.000112756 -0.999119 
vn 0.103553 -7.7684e-05 -0.994624 
vn 0.125634 -9.32694e-05 -0.992077 
vn 0.1875 -7.7684e-05 -0.982265 
vn -0.1875 -7.7684e-05 -0.982265 
vn -8.77481e-14 -5.36454e-18 -1 
vn 0.00294866 -5.36454e-18 -0.999996 
vn 0.103553 -4.53658e-18 -0.994624 
vn 0.0419684 -5.0822e-18 -0.999119 
vn -0.103553 -6.26212e-18 -0.994624 
vn -0.0419684 -5.64689e-18 -0.999119 
vn 0.1875 -3.67048e-18 -0.982265 
vn 0.125634 -4.23516e-18 -0.992077 
vn -0.1875 -7.05861e-18 -0.982265 
vn -0.125634 -6.49392e-18 -0.992077 
vn -0.103553 -6.21157e-18 -0.994624 
vn -0.1875 -7.05861e-18 -0.982265 
usemtl 0.258824_0.282353_0.301961_0.000000_0.000000
o mesh0
f 1//1 2//1 3//1 
f 3//1 4//1 1//1 
f 5//1 6//1 7//1 
f 8//1 9//1 10//1 
f 4//1 11//1 1//1 
f 12//1 13//1 14//1 
f 7//1 15//1 5//1 
f 8//1 16//1 17//1 
f 10//1 18//1 8//1 
f 11//1 19//1 1//1 
f 1//1 20//1 21//1 
f 12//1 22//1 13//1 
f 15//1 23//1 5//1 
f 17//1 24//1 8//1 
f 18//1 25//1 8//1 
f 21//1 2//1 1//1 
f 14//1 26//1 12//1 
f 5//1 27//1 6//1 
f 24//1 28//1 8//1 
f 8//1 29//1 30//1 
f 8//1 31//1 32//1 
f 25//1 33//1 8//1 
f 19//1 34//1 1//1 
f 35//1 36//1 22//1 
f 23//1 37//1 5//1 
f 28//1 38//1 8//1 
f 8//1 39//1 29//1 
f 8//1 40//1 41//1 
f 33//1 31//1 8//1 
f 1//1 35//1 20//1 
f 35//1 42//1 36//1 
f 5//1 43//1 44//1 
f 37//1 45//1 5//1 
f 38//1 46//1 8//1 
f 8//1 47//1 48//1 
f 30//1 49//1 8//1 
f 8//1 50//1 40//1 
f 32//1 51//1 8//1 
f 34//1 52//1 1//1 
f 35//1 1//1 42//1 
f 45//1 43//1 5//1 
f 46//1 53//1 8//1 
f 49//1 47//1 8//1 
f 8//1 54//1 50//1 
f 51//1 55//1 8//1 
f 12//1 35//1 22//1 
f 44//1 56//1 5//1 
f 53//1 57//1 8//1 
f 8//1 58//1 39//1 
f 55//1 54//1 8//1 
f 5//1 59//1 1//1 
f 56//1 60//1 5//1 
f 8//1 61//1 16//1 
f 41//1 58//1 8//1 
f 27//1 5//1 62//1 
f 60//1 59//1 5//1 
f 48//1 61//1 8//1 
f 52//1 5//1 1//1 
f 57//1 63//1 8//1 
f 63//1 27//1 8//1 
f 62//1 8//1 27//1 
o mesh1
f 62//2 64//2 65//3 
f 65//3 8//4 62//2 
f 65//3 66//5 8//4 
f 9//6 8//4 67//7 
f 8//4 68//8 67//7 
f 67//7 69//9 9//6 
f 9//6 70//10 71//11 
f 71//11 10//12 9//6 
f 71//11 72//13 10//12 
f 18//14 10//12 73//15 
f 73//15 74//16 18//14 
f 10//12 75//17 73//15 
f 18//14 76//18 77//19 
f 18//14 78//20 76//18 
f 77//19 25//21 18//14 
f 33//22 25//21 79//23 
f 25//21 80//24 79//23 
f 79//23 81//25 33//22 
f 33//22 82//26 83//27 
f 83//27 31//28 33//22 
f 33//22 84//29 82//26 
f 83//27 85//30 31//28 
f 31//28 86//31 87//32 
f 87//32 32//33 31//28 
f 51//34 88//35 89//36 
f 32//33 90//37 88//35 
f 32//33 91//38 90//37 
f 88//35 51//34 32//33 
f 51//34 92//39 93//40 
f 93//40 55//41 51//34 
f 93//40 94//42 55//41 
f 55//41 95//41 96//43 
f 96//43 54//44 55//41 
f 50//45 97//46 98//47 
f 54//44 99//48 97//46 
f 54//44 100//49 99//48 
f 97//46 50//45 54//44 
f 50//45 101//50 102//51 
f 102//51 40//52 50//45 
f 102//51 103//53 40//52 
f 41//54 40//52 104//55 
f 40//52 105//56 106//57 
f 106//57 104//55 40//52 
f 58//58 41//54 107//59 
f 41//54 108//60 107//59 
f 107//59 109//61 58//58 
f 41//54 110//62 108//60 
f 58//58 111//63 112//64 
f 112//64 39//65 58//58 
f 29//66 39//65 113//67 
f 39//65 114//68 113//67 
f 113//67 115//69 29//66 
f 30//70 29//66 116//71 
f 29//66 117//72 116//71 
f 116//71 118//73 30//70 
f 29//66 119//74 117//72 
f 30//70 120//75 121//76 
f 121//76 49//77 30//70 
f 30//70 122//78 120//75 
f 47//79 49//77 123//80 
f 123//80 124//81 47//79 
f 49//77 125//82 123//80 
f 47//79 126//83 127//84 
f 47//79 128//85 126//83 
f 127//84 48//86 47//79 
f 48//86 129//87 130//88 
f 130//88 61//89 48//86 
f 130//88 131//90 61//89 
f 48//86 132//91 129//87 
f 16//92 61//89 133//93 
f 61//89 134//94 133//93 
f 17//95 16//92 135//96 
f 16//92 136//97 135//96 
f 135//96 137//98 17//95 
f 24//99 138//100 139//101 
f 17//95 140//102 138//100 
f 138//100 24//99 17//95 
f 28//103 141//104 142//105 
f 24//99 143//106 141//104 
f 24//99 144//107 143//106 
f 141//104 28//103 24//99 
f 28//103 145//108 146//109 
f 146//109 38//110 28//103 
f 38//110 147//110 148//111 
f 148//111 46//112 38//110 
f 46//112 149//113 150//114 
f 150//114 53//115 46//112 
f 46//112 151//116 149//113 
f 150//114 152//117 53//115 
f 27//118 63//119 153//119 
f 57//120 53//115 154//121 
f 53//115 155//122 154//121 
f 57//120 156//123 157//124 
f 157//124 63//119 57//120 
f 57//120 158//125 156//123 
f 157//124 153//119 63//119 
f 154//121 158//125 57//120 
f 153//119 159//126 27//118 
f 152//117 155//122 53//115 
f 148//111 151//116 46//112 
f 146//109 147//110 38//110 
f 142//105 145//108 28//103 
f 139//101 144//107 24//99 
f 137//98 140//102 17//95 
f 133//93 136//97 16//92 
f 131//90 134//94 61//89 
f 127//84 132//91 48//86 
f 124//81 128//85 47//79 
f 121//76 125//82 49//77 
f 118//73 122//78 30//70 
f 115//69 119//74 29//66 
f 112//64 114//68 39//65 
f 109//61 111//63 58//58 
f 104//55 110//62 41//54 
f 103//53 105//56 40//52 
f 98//47 101//50 50//45 
f 96//43 100//49 54//44 
f 94//42 95//41 55//41 
f 89//36 92//39 51//34 
f 87//32 91//38 32//33 
f 85//30 86//31 31//28 
f 81//25 84//29 33//22 
f 77//19 80//24 25//21 
f 74//16 78//20 18//14 
f 72//13 75//17 10//12 
f 69//9 70//10 9//6 
f 66//5 68//8 8//4 
o mesh2
f 6//127 27//126 160//128 
f 27//126 159//129 160//128 
f 7//130 6//127 161//131 
f 161//131 162//132 7//130 
f 6//127 163//133 161//131 
f 7//130 164//134 165//135 
f 165//135 15//136 7//130 
f 7//130 166//137 164//134 
f 23//138 15//136 167//139 
f 15//136 168//140 167//139 
f 15//136 169//141 168//140 
f 23//138 170//142 171//143 
f 23//138 172//144 170//142 
f 171//143 37//145 23//138 
f 45//146 37//145 173//147 
f 37//145 174//148 173//147 
f 37//145 175//149 174//148 
f 173//147 176//150 45//146 
f 43//151 45//146 177//152 
f 45//146 178//153 177//152 
f 177//152 179//154 43//151 
f 44//155 180//156 181//157 
f 43//151 182//158 180//156 
f 180//156 44//155 43//151 
f 56//159 44//155 183//160 
f 44//155 184//161 183//160 
f 183//160 185//162 56//159 
f 56//159 186//163 187//164 
f 56//159 188//165 186//163 
f 187//164 60//166 56//159 
f 59//167 60//166 189//168 
f 189//168 190//169 59//167 
f 60//166 191//170 189//168 
f 1//171 192//172 193//173 
f 59//167 194//174 192//172 
f 59//167 195//175 194//174 
f 192//172 1//171 59//167 
f 42//176 196//177 197//178 
f 1//171 198//179 196//177 
f 196//177 42//176 1//171 
f 36//180 42//176 199//181 
f 42//176 200//182 199//181 
f 199//181 201//183 36//180 
f 36//180 202//184 203//185 
f 203//185 22//186 36//180 
f 203//185 204//187 22//186 
f 36//180 205//188 202//184 
f 22//186 206//189 207//190 
f 207//190 13//191 22//186 
f 207//190 208//192 13//191 
f 13//191 209//193 210//194 
f 210//194 14//195 13//191 
f 13//191 211//196 209//193 
f 14//195 212//197 213//198 
f 213//198 26//199 14//195 
f 213//198 214//200 26//199 
f 14//195 215//201 212//197 
f 12//202 26//199 216//203 
f 26//199 217//204 216//203 
f 35//205 12//202 218//206 
f 12//202 219//207 218//206 
f 218//206 220//208 35//205 
f 12//202 221//209 219//207 
f 35//205 222//210 223//211 
f 223//211 20//212 35//205 
f 35//205 224//213 222//210 
f 21//214 20//212 225//215 
f 20//212 226//216 225//215 
f 20//212 227//217 226//216 
f 225//215 228//218 21//214 
f 21//214 229//219 230//220 
f 230//220 2//221 21//214 
f 21//214 231//222 229//219 
f 3//223 2//221 232//224 
f 2//221 233//225 232//224 
f 232//224 234//226 3//223 
f 3//223 235//227 236//228 
f 236//228 4//229 3//223 
f 236//228 237//230 4//229 
f 3//223 238//231 235//227 
f 11//232 4//229 239//233 
f 4//229 240//234 239//233 
f 19//235 11//232 241//236 
f 241//236 242//237 19//235 
f 11//232 243//238 241//236 
f 19//235 244//239 245//240 
f 19//235 246//241 244//239 
f 245//240 34//242 19//235 
f 34//242 247//243 248//244 
f 248//244 52//245 34//242 
f 248//244 249//246 52//245 
f 34//242 250//247 247//243 
f 62//248 5//249 251//249 
f 52//245 252//250 253//251 
f 253//251 5//249 52//245 
f 253//251 251//249 5//249 
f 251//249 64//252 62//248 
f 249//246 252//250 52//245 
f 245//240 250//247 34//242 
f 242//237 246//241 19//235 
f 239//233 243//238 11//232 
f 237//230 240//234 4//229 
f 234//226 238//231 3//223 
f 230//220 233//225 2//221 
f 228//218 231//222 21//214 
f 223//211 227//217 20//212 
f 220//208 224//213 35//205 
f 216//203 221//209 12//202 
f 214//200 217//204 26//199 
f 210//194 215//201 14//195 
f 208//192 211//196 13//191 
f 204//187 206//189 22//186 
f 201//183 205//188 36//180 
f 197//178 200//182 42//176 
f 193//173 198//179 1//171 
f 190//169 195//175 59//167 
f 187//164 191//170 60//166 
f 185//162 188//165 56//159 
f 181//157 184//161 44//155 
f 179//154 182//158 43//151 
f 176//150 178//153 45//146 
f 171//143 175//149 37//145 
f 167//139 172//144 23//138 
f 165//135 169//141 15//136 
f 162//132 166//137 7//130 
f 160//128 163//133 6//127 
o mesh3
f 398//253 254//254 255//255 
f 398//253 399//256 400//257 
f 401//258 400//257 402//259 
f 403//260 402//259 404//261 
f 405//262 406//263 404//261 
f 407//264 405//262 408//265 
f 409//266 407//264 410//267 
f 411//268 409//266 412//269 
f 413//270 411//268 414//271 
f 415//272 413//270 416//273 
f 417//274 415//272 418//275 
f 419//276 417//274 420//277 
f 421//278 419//276 422//279 
f 423//280 421//278 424//281 
f 425//282 423//280 426//283 
f 427//284 425//282 428//285 
f 429//286 427//284 430//287 
f 431//288 429//286 432//289 
f 433//290 431//288 434//291 
f 435//292 433//290 436//293 
f 437//294 435//292 438//295 
f 439//296 437//294 440//297 
f 441//298 439//296 442//299 
f 443//300 441//298 444//301 
f 445//302 443//300 446//303 
f 445//302 447//304 448//305 
f 449//306 448//305 450//307 
f 451//308 450//307 452//309 
f 453//310 452//309 454//311 
f 455//312 454//311 456//313 
f 457//314 456//313 458//315 
f 459//316 458//315 460//317 
f 461//318 460//317 462//319 
f 463//320 462//319 464//321 
f 465//322 464//321 466//323 
f 467//324 466//323 468//325 
f 469//326 468//325 470//327 
f 471//328 470//327 472//329 
f 473//330 472//329 474//331 
f 475//332 474//331 476//333 
f 477//334 476//333 478//335 
f 479//336 478//335 480//337 
f 481//338 480//337 256//339 
f 257//340 155//341 152//342 
f 482//343 154//344 155//341 
f 155//341 257//340 482//343 
f 482//343 483//345 158//346 
f 483//345 156//347 158//346 
f 157//348 156//347 483//345 
f 484//349 160//350 159//351 
f 159//351 153//352 484//349 
f 153//352 157//348 484//349 
f 485//353 486//354 163//355 
f 486//354 161//356 163//355 
f 487//357 162//358 161//356 
f 488//359 165//360 164//361 
f 164//361 487//357 488//359 
f 164//361 166//362 487//357 
f 488//359 489//363 169//364 
f 489//363 167//365 168//366 
f 168//366 169//364 489//363 
f 489//363 490//367 172//368 
f 490//367 170//369 172//368 
f 171//370 170//369 490//367 
f 491//371 173//372 174//373 
f 174//373 492//374 491//371 
f 174//373 175//375 492//374 
f 491//371 178//376 176//377 
f 493//378 177//379 178//376 
f 178//376 491//371 493//378 
f 493//378 494//380 179//381 
f 495//382 180//383 182//384 
f 182//384 494//380 495//382 
f 495//382 184//385 181//386 
f 496//387 183//388 184//385 
f 184//385 495//382 496//387 
f 496//387 497//389 185//390 
f 497//389 188//391 185//390 
f 497//389 186//392 188//391 
f 186//392 497//389 498//393 
f 499//394 189//395 191//396 
f 191//396 498//393 499//394 
f 499//394 195//397 190//398 
f 500//399 194//400 195//397 
f 195//397 499//394 500//399 
f 500//399 501//401 192//402 
f 501//401 193//403 192//402 
f 502//404 196//405 198//406 
f 198//406 501//401 502//404 
f 502//404 503//407 200//408 
f 503//407 199//409 200//408 
f 200//408 197//410 502//404 
f 503//407 205//411 201//412 
f 201//412 199//409 503//407 
f 504//413 202//414 205//411 
f 504//413 505//415 203//416 
f 505//415 204//417 203//416 
f 506//418 207//419 206//420 
f 206//420 505//415 506//418 
f 506//418 507//421 211//422 
f 507//421 209//423 211//422 
f 211//422 208//424 506//418 
f 507//421 508//425 210//426 
f 508//425 215//427 210//426 
f 508//425 212//428 215//427 
f 508//425 509//429 213//430 
f 509//429 214//431 213//430 
f 509//429 510//432 217//433 
f 510//432 216//434 217//433 
f 510//432 511//435 221//436 
f 511//435 219//437 221//436 
f 512//438 220//439 218//440 
f 218//440 511//435 512//438 
f 512//438 513//441 224//442 
f 513//441 223//443 222//444 
f 222//444 224//442 513//441 
f 513//441 514//445 227//446 
f 514//445 225//447 226//448 
f 226//448 227//446 514//445 
f 514//445 515//449 228//450 
f 515//449 231//451 228//450 
f 515//449 229//452 231//451 
f 229//452 515//449 516//453 
f 517//454 232//455 233//456 
f 233//456 516//453 517//454 
f 518//457 238//458 234//459 
f 518//457 235//460 238//458 
f 234//459 517//454 518//457 
f 518//457 519//461 236//462 
f 519//461 237//463 236//462 
f 520//464 239//465 240//466 
f 240//466 519//461 520//464 
f 520//464 521//467 243//468 
f 521//467 241//469 243//468 
f 522//470 242//471 241//469 
f 523//472 245//473 244//474 
f 244//474 246//475 523//472 
f 246//475 522//470 523//472 
f 523//472 258//476 250//477 
f 258//476 247//478 250//477 
f 524//479 525//480 259//481 
f 260//482 261//483 526//484 
f 399//256 255//255 260//482 
f 262//485 259//481 525//480 
f 526//484 261//483 262//485 
f 527//486 263//487 264//488 
f 265//489 263//487 527//486 
f 528//490 266//491 267//492 
f 264//488 268//493 266//491 
f 266//491 528//490 264//488 
f 525//480 524//479 529//494 
f 530//495 526//484 531//496 
f 399//256 530//495 532//497 
f 526//484 525//480 533//498 
f 527//486 528//490 534//499 
f 524//479 527//486 535//500 
f 528//490 269//501 270//502 
f 270//502 534//499 528//490 
f 533//498 529//494 536//503 
f 532//497 531//496 537//504 
f 400//257 532//497 538//505 
f 531//496 533//498 539//506 
f 535//500 534//499 540//507 
f 529//494 535//500 541//508 
f 534//499 271//509 272//510 
f 272//510 540//507 534//499 
f 534//499 273//511 271//509 
f 539//506 536//503 542//512 
f 538//505 537//504 543//513 
f 402//259 538//505 544//514 
f 537//504 539//506 545//515 
f 541//508 540//507 546//516 
f 536//503 541//508 547//517 
f 546//516 540//507 274//518 
f 548//519 545//515 542//512 
f 549//520 544//514 543//513 
f 408//265 404//261 544//514 
f 550//521 543//513 545//515 
f 551//522 547//517 546//516 
f 552//523 542//512 547//517 
f 553//524 546//516 275//525 
f 546//516 276//526 275//525 
f 554//527 548//519 552//523 
f 555//528 549//520 550//521 
f 410//267 408//265 549//520 
f 556//529 550//521 548//519 
f 557//530 551//522 553//524 
f 558//531 552//523 551//522 
f 559//532 553//524 277//533 
f 553//524 278//534 279//535 
f 279//535 277//533 553//524 
f 560//536 554//527 558//531 
f 561//537 555//528 556//529 
f 412//269 410//267 555//528 
f 562//538 556//529 554//527 
f 563//539 557//530 559//532 
f 564//540 558//531 557//530 
f 559//532 280//541 281//542 
f 559//532 282//543 280//541 
f 281//542 565//544 559//532 
f 566//545 560//536 564//540 
f 567//546 561//537 562//538 
f 414//271 412//269 561//537 
f 568//547 562//538 560//536 
f 569//548 563//539 565//544 
f 570//549 564//540 563//539 
f 571//550 565//544 283//551 
f 565//544 284//552 283//551 
f 572//553 566//545 570//549 
f 573//554 567//546 568//547 
f 416//273 414//271 567//546 
f 574//555 568//547 566//545 
f 575//556 569//548 571//550 
f 576//557 570//549 569//548 
f 577//558 571//550 285//559 
f 571//550 286//560 285//559 
f 578//561 572//553 576//557 
f 579//562 573//554 574//555 
f 418//275 416//273 573//554 
f 580//563 574//555 572//553 
f 581//564 575//556 577//558 
f 582//565 576//557 575//556 
f 583//566 577//558 287//567 
f 577//558 288//568 289//569 
f 289//569 287//567 577//558 
f 584//570 578//561 582//565 
f 585//571 579//562 580//563 
f 420//277 418//275 579//562 
f 586//572 580//563 578//561 
f 587//573 581//564 583//566 
f 588//574 582//565 581//564 
f 583//566 290//575 291//576 
f 583//566 292//577 290//575 
f 291//576 589//578 583//566 
f 590//579 584//570 588//574 
f 591//580 585//571 586//572 
f 422//279 420//277 585//571 
f 592//581 586//572 584//570 
f 593//582 587//573 589//578 
f 594//583 588//574 587//573 
f 595//584 589//578 293//585 
f 589//578 294//586 293//585 
f 596//587 590//579 594//583 
f 597//588 591//580 592//581 
f 424//281 422//279 591//580 
f 598//589 592//581 590//579 
f 599//590 593//582 595//584 
f 600//591 594//583 593//582 
f 601//592 595//584 295//593 
f 595//584 296//594 295//593 
f 295//593 297//595 601//592 
f 602//596 596//587 600//591 
f 603//597 597//588 598//589 
f 426//283 424//281 597//588 
f 604//598 598//589 596//587 
f 605//599 599//590 601//592 
f 606//600 600//591 599//590 
f 607//601 298//602 299//603 
f 601//592 300//604 298//602 
f 298//602 607//601 601//592 
f 608//605 602//596 606//600 
f 609//606 603//597 604//598 
f 428//285 426//283 603//597 
f 610//607 604//598 602//596 
f 611//608 605//599 607//601 
f 612//609 606//600 605//599 
f 607//601 301//610 302//611 
f 613//612 608//605 612//609 
f 614//613 609//606 610//607 
f 430//287 428//285 609//606 
f 615//614 610//607 608//605 
f 616//615 611//608 617//616 
f 618//617 612//609 611//608 
f 303//618 619//619 617//616 
f 617//616 302//611 304//620 
f 620//621 613//612 618//617 
f 621//622 614//613 615//614 
f 432//289 430//287 614//613 
f 622//623 615//614 613//612 
f 623//624 616//615 619//619 
f 624//625 618//617 616//615 
f 625//626 619//619 305//627 
f 305//627 306//628 625//626 
f 619//619 303//618 307//629 
f 307//629 305//627 619//619 
f 626//630 620//621 624//625 
f 627//631 621//622 622//623 
f 434//291 432//289 621//622 
f 628//632 622//623 620//621 
f 629//633 623//624 625//626 
f 630//634 624//625 623//624 
f 631//635 625//626 308//636 
f 308//636 309//637 631//635 
f 625//626 310//638 308//636 
f 632//639 626//630 630//634 
f 633//640 627//631 628//632 
f 436//293 434//291 627//631 
f 634//641 628//632 626//630 
f 635//642 629//633 631//635 
f 636//643 630//634 629//633 
f 631//635 311//644 312//645 
f 312//645 637//646 631//635 
f 638//647 632//639 636//643 
f 639//648 633//640 634//641 
f 438//295 436//293 633//640 
f 640//649 634//641 632//639 
f 641//650 635//642 637//646 
f 642//651 636//643 635//642 
f 637//646 313//652 314//653 
f 314//653 643//654 637//646 
f 644//655 638//647 642//651 
f 645//656 639//648 640//649 
f 440//297 438//295 639//648 
f 646//657 640//649 638//647 
f 647//658 641//650 643//654 
f 648//659 642//651 641//650 
f 649//660 643//654 315//661 
f 315//661 316//662 649//660 
f 643//654 317//663 315//661 
f 650//664 644//655 648//659 
f 651//665 645//656 646//657 
f 442//299 440//297 645//656 
f 652//666 646//657 644//655 
f 647//658 649//660 653//667 
f 654//668 648//659 647//658 
f 653//667 649//660 318//669 
f 649//660 319//670 318//669 
f 318//669 320//671 653//667 
f 655//672 650//664 654//668 
f 656//673 651//665 652//666 
f 444//301 442//299 651//665 
f 657//674 652//666 650//664 
f 658//675 659//676 653//667 
f 660//677 654//668 659//676 
f 653//667 321//678 322//679 
f 322//679 661//680 653//667 
f 662//681 655//672 660//677 
f 663//682 656//673 657//674 
f 446//303 444//301 656//673 
f 664//683 657//674 655//672 
f 665//684 658//675 661//680 
f 666//685 660//677 658//675 
f 667//686 661//680 323//687 
f 323//687 324//688 667//686 
f 661//680 325//689 323//687 
f 668//690 662//681 666//685 
f 669//691 663//682 664//683 
f 447//304 446//303 663//682 
f 670//692 664//683 662//681 
f 671//693 665//684 667//686 
f 672//694 666//685 665//684 
f 673//695 326//696 327//697 
f 667//686 328//698 326//696 
f 326//696 673//695 667//686 
f 668//690 672//694 674//699 
f 669//691 670//692 675//700 
f 447//304 669//691 676//701 
f 670//692 668//690 677//702 
f 671//693 673//695 678//703 
f 672//694 671//693 679//704 
f 673//695 329//705 330//706 
f 673//695 331//707 329//705 
f 330//706 678//703 673//695 
f 677//702 674//699 680//708 
f 676//701 675//700 681//709 
f 448//305 676//701 682//710 
f 675//700 677//702 683//711 
f 679//704 678//703 684//712 
f 674//699 679//704 685//713 
f 684//712 678//703 332//714 
f 678//703 333//715 332//714 
f 683//711 680//708 686//716 
f 682//710 681//709 687//717 
f 450//307 682//710 688//718 
f 681//709 683//711 689//719 
f 685//713 684//712 690//720 
f 680//708 685//713 691//721 
f 684//712 334//722 335//723 
f 335//723 690//720 684//712 
f 684//712 336//724 334//722 
f 689//719 686//716 692//725 
f 688//718 687//717 693//726 
f 452//309 688//718 694//727 
f 687//717 689//719 695//728 
f 691//721 690//720 696//729 
f 686//716 691//721 697//730 
f 696//729 690//720 337//731 
f 690//720 338//732 339//733 
f 339//733 337//731 690//720 
f 695//728 692//725 698//734 
f 694//727 693//726 699//735 
f 454//311 694//727 700//736 
f 693//726 695//728 701//737 
f 697//730 696//729 702//738 
f 692//725 697//730 703//739 
f 696//729 340//740 341//741 
f 696//729 342//742 340//740 
f 341//741 702//738 696//729 
f 701//737 698//734 704//743 
f 700//736 699//735 705//744 
f 456//313 700//736 706//745 
f 699//735 701//737 707//746 
f 703//739 702//738 708//747 
f 698//734 703//739 709//748 
f 708//747 702//738 343//749 
f 702//738 344//750 343//749 
f 707//746 704//743 710//751 
f 706//745 705//744 711//752 
f 458//315 706//745 712//753 
f 705//744 707//746 713//754 
f 709//748 708//747 714//755 
f 704//743 709//748 715//756 
f 714//755 708//747 345//757 
f 708//747 346//758 345//757 
f 713//754 710//751 716//759 
f 712//753 711//752 717//760 
f 460//317 712//753 718//761 
f 711//752 713//754 719//762 
f 715//756 714//755 720//763 
f 710//751 715//756 721//764 
f 714//755 347//765 348//766 
f 348//766 720//763 714//755 
f 714//755 349//767 347//765 
f 719//762 716//759 722//768 
f 718//761 717//760 723//769 
f 462//319 718//761 724//770 
f 717//760 719//762 725//771 
f 721//764 720//763 726//772 
f 716//759 721//764 727//773 
f 720//763 350//774 351//775 
f 720//763 352//776 350//774 
f 351//775 726//772 720//763 
f 725//771 722//768 728//777 
f 724//770 723//769 729//778 
f 464//321 724//770 730//779 
f 723//769 725//771 731//780 
f 727//773 726//772 732//781 
f 722//768 727//773 733//782 
f 732//781 726//772 353//783 
f 726//772 354//784 353//783 
f 731//780 728//777 734//785 
f 730//779 729//778 735//786 
f 466//323 730//779 736//787 
f 729//778 731//780 737//788 
f 733//782 732//781 738//789 
f 728//777 733//782 739//790 
f 738//789 732//781 355//791 
f 732//781 356//792 355//791 
f 737//788 734//785 740//793 
f 736//787 735//786 741//794 
f 468//325 736//787 742//795 
f 735//786 737//788 743//796 
f 739//790 738//789 744//797 
f 734//785 739//790 745//798 
f 744//797 738//789 357//799 
f 357//799 358//800 744//797 
f 738//789 359//801 357//799 
f 743//796 740//793 746//802 
f 742//795 741//794 747//803 
f 470//327 742//795 748//804 
f 741//794 743//796 749//805 
f 745//798 744//797 750//806 
f 740//793 745//798 751//807 
f 744//797 360//808 361//809 
f 744//797 362//810 360//808 
f 361//809 750//806 744//797 
f 749//805 746//802 752//811 
f 748//804 747//803 753//812 
f 472//329 748//804 754//813 
f 747//803 749//805 755//814 
f 751//807 750//806 756//815 
f 746//802 751//807 757//816 
f 756//815 750//806 363//817 
f 750//806 364//818 363//817 
f 363//817 365//819 756//815 
f 755//814 752//811 758//820 
f 754//813 753//812 759//821 
f 474//331 754//813 760//822 
f 753//812 755//814 761//823 
f 757//816 756//815 762//824 
f 752//811 757//816 763//825 
f 762//824 756//815 366//826 
f 756//815 367//827 366//826 
f 761//823 758//820 764//828 
f 760//822 759//821 765//829 
f 476//333 760//822 766//830 
f 759//821 761//823 767//831 
f 763//825 762//824 768//832 
f 758//820 763//825 769//833 
f 768//832 762//824 368//834 
f 762//824 369//835 368//834 
f 767//831 764//828 770//836 
f 766//830 765//829 771//837 
f 478//335 766//830 772//838 
f 765//829 767//831 773//839 
f 769//833 768//832 774//840 
f 764//828 769//833 775//841 
f 768//832 370//842 371//843 
f 768//832 372//844 370//842 
f 371//843 774//840 768//832 
f 770//836 373//845 374//846 
f 375//847 376//848 772//838 
f 480//337 772//838 376//848 
f 377//849 771//837 773//839 
f 773//839 374//846 377//849 
f 775//841 774//840 378//850 
f 373//845 770//836 775//841 
f 378//850 774//840 379//851 
f 774//840 380//852 379//851 
f 381//853 776//854 777//855 
f 777//855 382//856 381//853 
f 383//857 778//858 779//859 
f 482//343 257//340 384//860 
f 778//858 383//857 382//856 
f 780//861 781//862 385//863 
f 386//864 385//863 781//862 
f 387//865 254//254 398//253 
f 777//855 776//854 782//866 
f 779//859 778//858 783//867 
f 482//343 779//859 784//868 
f 778//858 777//855 785//869 
f 781//862 780//861 786//870 
f 776//854 781//862 787//871 
f 780//861 398//253 401//258 
f 785//869 782//866 788//872 
f 784//868 783//867 789//873 
f 483//345 784//868 790//874 
f 783//867 785//869 791//875 
f 787//871 786//870 792//876 
f 782//866 787//871 793//877 
f 786//870 401//258 403//260 
f 791//875 788//872 794//878 
f 790//874 789//873 795//879 
f 484//349 790//874 796//880 
f 789//873 791//875 797//881 
f 793//877 792//876 798//882 
f 788//872 793//877 799//883 
f 792//876 403//260 406//263 
f 797//881 794//878 800//884 
f 796//880 795//879 801//885 
f 485//353 796//880 802//886 
f 795//879 797//881 803//887 
f 804//888 799//883 798//882 
f 794//878 799//883 804//888 
f 805//889 798//882 406//263 
f 806//890 803//887 800//884 
f 807//891 802//886 801//885 
f 487//357 486//354 802//886 
f 808//892 801//885 803//887 
f 809//893 804//888 805//889 
f 810//894 800//884 804//888 
f 811//895 805//889 405//262 
f 812//896 806//890 810//894 
f 813//897 807//891 808//892 
f 488//359 487//357 807//891 
f 814//898 808//892 806//890 
f 815//899 809//893 811//895 
f 816//900 810//894 809//893 
f 817//901 811//895 407//264 
f 818//902 812//896 816//900 
f 819//903 813//897 814//898 
f 489//363 488//359 813//897 
f 820//904 814//898 812//896 
f 821//905 815//899 817//901 
f 822//906 816//900 815//899 
f 823//907 817//901 409//266 
f 824//908 818//902 822//906 
f 825//909 819//903 820//904 
f 490//367 489//363 819//903 
f 826//910 820//904 818//902 
f 827//911 821//905 823//907 
f 828//912 822//906 821//905 
f 829//913 823//907 411//268 
f 830//914 824//908 828//912 
f 825//909 826//910 831//915 
f 490//367 825//909 832//916 
f 831//915 826//910 824//908 
f 833//917 827//911 829//913 
f 834//918 828//912 827//911 
f 835//919 829//913 413//270 
f 836//920 830//914 834//918 
f 832//916 831//915 837//921 
f 492//374 832//916 838//922 
f 837//921 831//915 830//914 
f 839//923 833//917 835//919 
f 840//924 834//918 833//917 
f 841//925 835//919 415//272 
f 842//926 836//920 840//924 
f 843//927 838//922 837//921 
f 493//378 491//371 838//922 
f 844//928 837//921 836//920 
f 845//929 839//923 841//925 
f 846//930 840//924 839//923 
f 847//931 841//925 417//274 
f 848//932 842//926 846//930 
f 849//933 843//927 844//928 
f 494//380 493//378 843//927 
f 850//934 844//928 842//926 
f 851//935 845//929 847//931 
f 852//936 846//930 845//929 
f 853//937 847//931 419//276 
f 854//938 848//932 852//936 
f 855//939 849//933 850//934 
f 495//382 494//380 849//933 
f 856//940 850//934 848//932 
f 857//941 851//935 853//937 
f 858//942 852//936 851//935 
f 859//943 853//937 421//278 
f 860//944 854//938 858//942 
f 861//945 855//939 856//940 
f 496//387 495//382 855//939 
f 862//946 856//940 854//938 
f 863//947 857//941 859//943 
f 864//948 858//942 857//941 
f 865//949 859//943 423//280 
f 866//950 860//944 864//948 
f 867//951 861//945 862//946 
f 861//945 867//951 497//389 
f 868//952 862//946 860//944 
f 869//953 863//947 865//949 
f 870//954 864//948 863//947 
f 871//955 865//949 425//282 
f 872//956 866//950 870//954 
f 873//957 867//951 868//952 
f 497//389 867//951 873//957 
f 874//958 868//952 866//950 
f 875//959 869//953 871//955 
f 876//960 870//954 869//953 
f 877//961 871//955 427//284 
f 878//962 872//956 876//960 
f 879//963 873//957 874//958 
f 879//963 499//394 498//393 
f 880//964 874//958 872//956 
f 881//965 875//959 877//961 
f 882//966 876//960 875//959 
f 883//967 877//961 429//286 
f 884//968 878//962 882//966 
f 885//969 879//963 880//964 
f 879//963 885//969 500//399 
f 886//970 880//964 878//962 
f 887//971 881//965 883//967 
f 888//972 882//966 881//965 
f 889//973 883//967 431//288 
f 890//974 884//968 888//972 
f 891//975 885//969 886//970 
f 885//969 891//975 501//401 
f 892//976 886//970 884//968 
f 893//977 887//971 889//973 
f 894//978 888//972 887//971 
f 895//979 889//973 433//290 
f 896//980 890//974 894//978 
f 897//981 891//975 892//976 
f 502//404 501//401 891//975 
f 898//982 892//976 890//974 
f 899//983 893//977 895//979 
f 900//984 894//978 893//977 
f 901//985 895//979 435//292 
f 902//986 896//980 900//984 
f 903//987 897//981 898//982 
f 897//981 903//987 503//407 
f 904//988 898//982 896//980 
f 905//989 899//983 901//985 
f 906//990 900//984 899//983 
f 907//991 901//985 437//294 
f 908//992 902//986 906//990 
f 909//993 903//987 904//988 
f 903//987 909//993 504//413 
f 910//994 904//988 902//986 
f 911//995 905//989 907//991 
f 912//996 906//990 905//989 
f 913//997 907//991 439//296 
f 914//998 908//992 912//996 
f 915//999 909//993 910//994 
f 909//993 915//999 505//415 
f 916//1000 910//994 908//992 
f 917//1001 911//995 913//997 
f 918//1002 912//996 911//995 
f 919//1003 913//997 441//298 
f 920//1004 914//998 918//1002 
f 921//1005 915//999 916//1000 
f 506//418 505//415 915//999 
f 922//1006 916//1000 914//998 
f 923//1007 917//1001 919//1003 
f 924//1008 918//1002 917//1001 
f 925//1009 919//1003 443//300 
f 920//1004 924//1008 926//1010 
f 921//1005 922//1006 927//1011 
f 928//1012 507//421 506//418 
f 922//1006 920//1004 929//1013 
f 923//1007 925//1009 930//1014 
f 924//1008 923//1007 931//1015 
f 925//1009 445//302 449//306 
f 929//1013 926//1010 932//1016 
f 928//1012 927//1011 933//1017 
f 934//1018 508//425 507//421 
f 927//1011 929//1013 935//1019 
f 931//1015 930//1014 936//1020 
f 926//1010 931//1015 937//1021 
f 930//1014 449//306 451//308 
f 935//1019 932//1016 938//1022 
f 934//1018 933//1017 939//1023 
f 940//1024 509//429 508//425 
f 933//1017 935//1019 941//1025 
f 937//1021 936//1020 942//1026 
f 932//1016 937//1021 943//1027 
f 936//1020 451//308 453//310 
f 941//1025 938//1022 944//1028 
f 940//1024 939//1023 945//1029 
f 940//1024 946//1030 510//432 
f 939//1023 941//1025 947//1031 
f 943//1027 942//1026 948//1032 
f 938//1022 943//1027 949//1033 
f 942//1026 453//310 455//312 
f 947//1031 944//1028 950//1034 
f 946//1030 945//1029 951//1035 
f 511//435 510//432 946//1030 
f 945//1029 947//1031 952//1036 
f 949//1033 948//1032 953//1037 
f 944//1028 949//1033 954//1038 
f 948//1032 455//312 457//314 
f 952//1036 950//1034 955//1039 
f 956//1040 957//1041 951//1035 
f 956//1040 512//438 511//435 
f 951//1035 952//1036 958//1042 
f 954//1038 953//1037 959//1043 
f 950//1034 954//1038 960//1044 
f 953//1037 457//314 459//316 
f 958//1042 955//1039 961//1045 
f 956//1040 962//1046 963//1047 
f 512//438 956//1040 964//1048 
f 962//1046 958//1042 965//1049 
f 960//1044 959//1043 966//1050 
f 955//1039 960//1044 967//1051 
f 959//1043 459//316 461//318 
f 965//1049 961//1045 968//1052 
f 964//1048 963//1047 969//1053 
f 513//441 964//1048 970//1054 
f 963//1047 965//1049 971//1055 
f 967//1051 966//1050 972//1056 
f 961//1045 967//1051 973//1057 
f 966//1050 461//318 463//320 
f 971//1055 968//1052 974//1058 
f 970//1054 969//1053 975//1059 
f 514//445 970//1054 976//1060 
f 969//1053 971//1055 977//1061 
f 973//1057 972//1056 978//1062 
f 968//1052 973//1057 979//1063 
f 972//1056 463//320 465//322 
f 977//1061 974//1058 980//1064 
f 981//1065 976//1060 975//1059 
f 516//453 515//449 976//1060 
f 982//1066 975//1059 977//1061 
f 979//1063 978//1062 983//1067 
f 974//1058 979//1063 984//1068 
f 978//1062 465//322 467//324 
f 985//1069 980//1064 986//1070 
f 981//1065 982//1066 987//1071 
f 516//453 981//1065 988//1072 
f 982//1066 985//1069 989//1073 
f 984//1068 983//1067 990//1074 
f 980//1064 984//1068 991//1075 
f 983//1067 467//324 469//326 
f 989//1073 986//1070 992//1076 
f 988//1072 987//1071 993//1077 
f 517//454 988//1072 994//1078 
f 987//1071 989//1073 995//1079 
f 991//1075 990//1074 996//1080 
f 986//1070 991//1075 997//1081 
f 990//1074 469//326 471//328 
f 995//1079 992//1076 998//1082 
f 994//1078 993//1077 999//1083 
f 518//457 994//1078 1000//1084 
f 993//1077 995//1079 1001//1085 
f 997//1081 996//1080 1002//1086 
f 992//1076 997//1081 1003//1087 
f 996//1080 471//328 473//330 
f 1001//1085 998//1082 1004//1088 
f 1000//1084 999//1083 1005//1089 
f 520//464 519//461 1000//1084 
f 999//1083 1001//1085 1006//1090 
f 1003//1087 1002//1086 1007//1091 
f 998//1082 1003//1087 1008//1092 
f 1002//1086 473//330 475//332 
f 1006//1090 1004//1088 1009//1093 
f 1010//1094 1005//1089 1011//1095 
f 520//464 1010//1094 1012//1096 
f 1005//1089 1006//1090 1013//1097 
f 1008//1092 1007//1091 1014//1098 
f 1004//1088 1008//1092 1015//1099 
f 1007//1091 475//332 477//334 
f 1013//1097 1009//1093 1016//1100 
f 1012//1096 1011//1095 1017//1101 
f 521//467 1012//1096 1018//1102 
f 1011//1095 1013//1097 1019//1103 
f 1015//1099 1014//1098 1020//1104 
f 1009//1093 1015//1099 1021//1105 
f 1014//1098 477//334 479//336 
f 1019//1103 1016//1100 1022//1106 
f 1023//1107 1018//1102 1017//1101 
f 523//472 522//470 1018//1102 
f 1017//1101 1019//1103 1024//1108 
f 1021//1105 1020//1104 1025//1109 
f 1016//1100 1021//1105 1026//1110 
f 1020//1104 479//336 481//338 
f 388//1111 389//1112 1024//1108 
f 1022//1106 390//1113 388//1111 
f 391//1114 392//1115 1023//1107 
f 523//472 1023//1107 392//1115 
f 1027//1116 1024//1108 389//1112 
f 1025//1109 393//1117 394//1118 
f 390//1113 1022//1106 1026//1110 
f 393//1117 1025//1109 481//338 
f 481//338 395//1119 393//1117 
f 1026//1110 394//1118 390//1113 
f 394//1118 1026//1110 1025//1109 
f 389//1112 391//1114 1027//1116 
f 392//1115 258//476 523//472 
f 1023//1107 1027//1116 391//1114 
f 1024//1108 1022//1106 388//1111 
f 481//338 1025//1109 1020//1104 
f 1026//1110 1022//1106 1016//1100 
f 1025//1109 1026//1110 1021//1105 
f 1024//1108 1027//1116 1017//1101 
f 1018//1102 1023//1107 523//472 
f 1017//1101 1027//1116 1023//1107 
f 1022//1106 1024//1108 1019//1103 
f 479//336 1020//1104 1014//1098 
f 1021//1105 1016//1100 1009//1093 
f 1020//1104 1021//1105 1015//1099 
f 1019//1103 1017//1101 1011//1095 
f 1018//1102 522//470 521//467 
f 1017//1101 1018//1102 1012//1096 
f 1016//1100 1019//1103 1013//1097 
f 477//334 1014//1098 1007//1091 
f 1015//1099 1009//1093 1004//1088 
f 1014//1098 1015//1099 1008//1092 
f 1013//1097 1011//1095 1005//1089 
f 1012//1096 521//467 520//464 
f 1011//1095 1012//1096 1010//1094 
f 1009//1093 1013//1097 1006//1090 
f 475//332 1007//1091 1002//1086 
f 1008//1092 1004//1088 998//1082 
f 1007//1091 1008//1092 1003//1087 
f 1006//1090 1005//1089 999//1083 
f 1000//1084 1010//1094 520//464 
f 1005//1089 1010//1094 1000//1084 
f 1004//1088 1006//1090 1001//1085 
f 473//330 1002//1086 996//1080 
f 1003//1087 998//1082 992//1076 
f 1002//1086 1003//1087 997//1081 
f 1001//1085 999//1083 993//1077 
f 1000//1084 519//461 518//457 
f 999//1083 1000//1084 994//1078 
f 998//1082 1001//1085 995//1079 
f 471//328 996//1080 990//1074 
f 997//1081 992//1076 986//1070 
f 996//1080 997//1081 991//1075 
f 995//1079 993//1077 987//1071 
f 994//1078 518//457 517//454 
f 993//1077 994//1078 988//1072 
f 992//1076 995//1079 989//1073 
f 469//326 990//1074 983//1067 
f 991//1075 986//1070 980//1064 
f 990//1074 991//1075 984//1068 
f 989//1073 987//1071 982//1066 
f 988//1072 517//454 516//453 
f 987//1071 988//1072 981//1065 
f 986//1070 989//1073 985//1069 
f 467//324 983//1067 978//1062 
f 984//1068 980//1064 974//1058 
f 983//1067 984//1068 979//1063 
f 977//1061 985//1069 982//1066 
f 976//1060 981//1065 516//453 
f 975//1059 982//1066 981//1065 
f 980//1064 985//1069 977//1061 
f 465//322 978//1062 972//1056 
f 979//1063 974//1058 968//1052 
f 978//1062 979//1063 973//1057 
f 977//1061 975//1059 969//1053 
f 976//1060 515//449 514//445 
f 975//1059 976//1060 970//1054 
f 974//1058 977//1061 971//1055 
f 463//320 972//1056 966//1050 
f 973//1057 968//1052 961//1045 
f 972//1056 973//1057 967//1051 
f 971//1055 969//1053 963//1047 
f 970//1054 514//445 513//441 
f 969//1053 970//1054 964//1048 
f 968//1052 971//1055 965//1049 
f 461//318 966//1050 959//1043 
f 967//1051 961//1045 955//1039 
f 966//1050 967//1051 960//1044 
f 965//1049 963//1047 962//1046 
f 964//1048 513//441 512//438 
f 963//1047 964//1048 956//1040 
f 961//1045 965//1049 958//1042 
f 459//316 959//1043 953//1037 
f 960//1044 955//1039 950//1034 
f 959//1043 960//1044 954//1038 
f 958//1042 962//1046 951//1035 
f 511//435 957//1041 956//1040 
f 951//1035 962//1046 956//1040 
f 955//1039 958//1042 952//1036 
f 457//314 953//1037 948//1032 
f 954//1038 950//1034 944//1028 
f 953//1037 954//1038 949//1033 
f 952//1036 951//1035 945//1029 
f 946//1030 957//1041 511//435 
f 951//1035 957//1041 946//1030 
f 950//1034 952//1036 947//1031 
f 455//312 948//1032 942//1026 
f 949//1033 944//1028 938//1022 
f 948//1032 949//1033 943//1027 
f 947//1031 945//1029 939//1023 
f 510//432 509//429 940//1024 
f 945//1029 946//1030 940//1024 
f 944//1028 947//1031 941//1025 
f 453//310 942//1026 936//1020 
f 943//1027 938//1022 932//1016 
f 942//1026 943//1027 937//1021 
f 941//1025 939//1023 933//1017 
f 508//425 934//1018 940//1024 
f 939//1023 940//1024 934//1018 
f 938//1022 941//1025 935//1019 
f 451//308 936//1020 930//1014 
f 937//1021 932//1016 926//1010 
f 936//1020 937//1021 931//1015 
f 935//1019 933//1017 927//1011 
f 507//421 928//1012 934//1018 
f 933//1017 934//1018 928//1012 
f 932//1016 935//1019 929//1013 
f 449//306 930//1014 925//1009 
f 931//1015 926//1010 924//1008 
f 930//1014 931//1015 923//1007 
f 929//1013 927//1011 922//1006 
f 506//418 921//1005 928//1012 
f 927//1011 928//1012 921//1005 
f 926//1010 929//1013 920//1004 
f 443//300 445//302 925//1009 
f 917//1001 923//1007 924//1008 
f 919//1003 925//1009 923//1007 
f 914//998 920//1004 922//1006 
f 915//999 921//1005 506//418 
f 916//1000 922//1006 921//1005 
f 918//1002 924//1008 920//1004 
f 441//298 443//300 919//1003 
f 911//995 917//1001 918//1002 
f 913//997 919//1003 917//1001 
f 908//992 914//998 916//1000 
f 505//415 504//413 909//993 
f 910//994 916//1000 915//999 
f 912//996 918//1002 914//998 
f 439//296 441//298 913//997 
f 905//989 911//995 912//996 
f 907//991 913//997 911//995 
f 902//986 908//992 910//994 
f 504//413 503//407 903//987 
f 904//988 910//994 909//993 
f 906//990 912//996 908//992 
f 437//294 439//296 907//991 
f 899//983 905//989 906//990 
f 901//985 907//991 905//989 
f 896//980 902//986 904//988 
f 503//407 502//404 897//981 
f 898//982 904//988 903//987 
f 900//984 906//990 902//986 
f 435//292 437//294 901//985 
f 893//977 899//983 900//984 
f 895//979 901//985 899//983 
f 890//974 896//980 898//982 
f 891//975 897//981 502//404 
f 892//976 898//982 897//981 
f 894//978 900//984 896//980 
f 433//290 435//292 895//979 
f 887//971 893//977 894//978 
f 889//973 895//979 893//977 
f 884//968 890//974 892//976 
f 501//401 500//399 885//969 
f 886//970 892//976 891//975 
f 888//972 894//978 890//974 
f 431//288 433//290 889//973 
f 881//965 887//971 888//972 
f 883//967 889//973 887//971 
f 878//962 884//968 886//970 
f 500//399 499//394 879//963 
f 880//964 886//970 885//969 
f 882//966 888//972 884//968 
f 429//286 431//288 883//967 
f 875//959 881//965 882//966 
f 877//961 883//967 881//965 
f 872//956 878//962 880//964 
f 498//393 873//957 879//963 
f 874//958 880//964 879//963 
f 876//960 882//966 878//962 
f 427//284 429//286 877//961 
f 869//953 875//959 876//960 
f 871//955 877//961 875//959 
f 866//950 872//956 874//958 
f 873//957 498//393 497//389 
f 868//952 874//958 873//957 
f 870//954 876//960 872//956 
f 425//282 427//284 871//955 
f 863//947 869//953 870//954 
f 865//949 871//955 869//953 
f 860//944 866//950 868//952 
f 497//389 496//387 861//945 
f 862//946 868//952 867//951 
f 864//948 870//954 866//950 
f 423//280 425//282 865//949 
f 857//941 863//947 864//948 
f 859//943 865//949 863//947 
f 854//938 860//944 862//946 
f 855//939 861//945 496//387 
f 856//940 862//946 861//945 
f 858//942 864//948 860//944 
f 421//278 423//280 859//943 
f 851//935 857//941 858//942 
f 853//937 859//943 857//941 
f 848//932 854//938 856//940 
f 849//933 855//939 495//382 
f 850//934 856//940 855//939 
f 852//936 858//942 854//938 
f 419//276 421//278 853//937 
f 845//929 851//935 852//936 
f 847//931 853//937 851//935 
f 842//926 848//932 850//934 
f 843//927 849//933 494//380 
f 844//928 850//934 849//933 
f 846//930 852//936 848//932 
f 417//274 419//276 847//931 
f 839//923 845//929 846//930 
f 841//925 847//931 845//929 
f 836//920 842//926 844//928 
f 838//922 843//927 493//378 
f 837//921 844//928 843//927 
f 840//924 846//930 842//926 
f 415//272 417//274 841//925 
f 833//917 839//923 840//924 
f 835//919 841//925 839//923 
f 830//914 836//920 837//921 
f 838//922 491//371 492//374 
f 837//921 838//922 832//916 
f 834//918 840//924 836//920 
f 413//270 415//272 835//919 
f 827//911 833//917 834//918 
f 829//913 835//919 833//917 
f 824//908 830//914 831//915 
f 832//916 492//374 490//367 
f 831//915 832//916 825//909 
f 828//912 834//918 830//914 
f 411//268 413//270 829//913 
f 821//905 827//911 828//912 
f 823//907 829//913 827//911 
f 818//902 824//908 826//910 
f 819//903 825//909 490//367 
f 820//904 826//910 825//909 
f 822//906 828//912 824//908 
f 409//266 411//268 823//907 
f 815//899 821//905 822//906 
f 817//901 823//907 821//905 
f 812//896 818//902 820//904 
f 813//897 819//903 489//363 
f 814//898 820//904 819//903 
f 816//900 822//906 818//902 
f 407//264 409//266 817//901 
f 809//893 815//899 816//900 
f 811//895 817//901 815//899 
f 806//890 812//896 814//898 
f 807//891 813//897 488//359 
f 808//892 814//898 813//897 
f 810//894 816//900 812//896 
f 405//262 407//264 811//895 
f 804//888 809//893 810//894 
f 805//889 811//895 809//893 
f 803//887 806//890 808//892 
f 802//886 807//891 487//357 
f 801//885 808//892 807//891 
f 800//884 810//894 806//890 
f 406//263 405//262 805//889 
f 804//888 800//884 794//878 
f 798//882 805//889 804//888 
f 803//887 801//885 795//879 
f 802//886 486//354 485//353 
f 801//885 802//886 796//880 
f 800//884 803//887 797//881 
f 406//263 798//882 792//876 
f 799//883 794//878 788//872 
f 798//882 799//883 793//877 
f 797//881 795//879 789//873 
f 796//880 485//353 484//349 
f 795//879 796//880 790//874 
f 794//878 797//881 791//875 
f 403//260 792//876 786//870 
f 793//877 788//872 782//866 
f 792//876 793//877 787//871 
f 791//875 789//873 783//867 
f 790//874 484//349 483//345 
f 789//873 790//874 784//868 
f 788//872 791//875 785//869 
f 401//258 786//870 780//861 
f 787//871 782//866 776//854 
f 786//870 787//871 781//862 
f 785//869 783//867 778//858 
f 784//868 483//345 482//343 
f 783//867 784//868 779//859 
f 782//866 785//869 777//855 
f 398//253 780//861 387//865 
f 781//862 776//854 386//864 
f 385//863 387//865 780//861 
f 382//856 777//855 778//858 
f 384//860 779//859 482//343 
f 779//859 384//860 383//857 
f 381//853 386//864 776//854 
f 379//851 396//1120 378//850 
f 775//841 397//1121 373//845 
f 378//850 397//1121 775//841 
f 377//849 375//847 771//837 
f 376//848 256//339 480//337 
f 772//838 771//837 375//847 
f 374//846 773//839 770//836 
f 371//843 380//852 774//840 
f 775//841 770//836 764//828 
f 774//840 775//841 769//833 
f 773//839 771//837 765//829 
f 772//838 480//337 478//335 
f 771//837 772//838 766//830 
f 770//836 773//839 767//831 
f 368//834 372//844 768//832 
f 769//833 764//828 758//820 
f 768//832 769//833 763//825 
f 767//831 765//829 759//821 
f 766//830 478//335 476//333 
f 765//829 766//830 760//822 
f 764//828 767//831 761//823 
f 366//826 369//835 762//824 
f 763//825 758//820 752//811 
f 762//824 763//825 757//816 
f 761//823 759//821 753//812 
f 760//822 476//333 474//331 
f 759//821 760//822 754//813 
f 758//820 761//823 755//814 
f 365//819 367//827 756//815 
f 757//816 752//811 746//802 
f 756//815 757//816 751//807 
f 755//814 753//812 747//803 
f 754//813 474//331 472//329 
f 753//812 754//813 748//804 
f 752//811 755//814 749//805 
f 361//809 364//818 750//806 
f 751//807 746//802 740//793 
f 750//806 751//807 745//798 
f 749//805 747//803 741//794 
f 748//804 472//329 470//327 
f 747//803 748//804 742//795 
f 746//802 749//805 743//796 
f 358//800 362//810 744//797 
f 745//798 740//793 734//785 
f 744//797 745//798 739//790 
f 743//796 741//794 735//786 
f 742//795 470//327 468//325 
f 741//794 742//795 736//787 
f 740//793 743//796 737//788 
f 355//791 359//801 738//789 
f 739//790 734//785 728//777 
f 738//789 739//790 733//782 
f 737//788 735//786 729//778 
f 736//787 468//325 466//323 
f 735//786 736//787 730//779 
f 734//785 737//788 731//780 
f 353//783 356//792 732//781 
f 733//782 728//777 722//768 
f 732//781 733//782 727//773 
f 731//780 729//778 723//769 
f 730//779 466//323 464//321 
f 729//778 730//779 724//770 
f 728//777 731//780 725//771 
f 351//775 354//784 726//772 
f 727//773 722//768 716//759 
f 726//772 727//773 721//764 
f 725//771 723//769 717//760 
f 724//770 464//321 462//319 
f 723//769 724//770 718//761 
f 722//768 725//771 719//762 
f 348//766 352//776 720//763 
f 721//764 716//759 710//751 
f 720//763 721//764 715//756 
f 719//762 717//760 711//752 
f 718//761 462//319 460//317 
f 717//760 718//761 712//753 
f 716//759 719//762 713//754 
f 345//757 349//767 714//755 
f 715//756 710//751 704//743 
f 714//755 715//756 709//748 
f 713//754 711//752 705//744 
f 712//753 460//317 458//315 
f 711//752 712//753 706//745 
f 710//751 713//754 707//746 
f 343//749 346//758 708//747 
f 709//748 704//743 698//734 
f 708//747 709//748 703//739 
f 707//746 705//744 699//735 
f 706//745 458//315 456//313 
f 705//744 706//745 700//736 
f 704//743 707//746 701//737 
f 341//741 344//750 702//738 
f 703//739 698//734 692//725 
f 702//738 703//739 697//730 
f 701//737 699//735 693//726 
f 700//736 456//313 454//311 
f 699//735 700//736 694//727 
f 698//734 701//737 695//728 
f 337//731 342//742 696//729 
f 697//730 692//725 686//716 
f 696//729 697//730 691//721 
f 695//728 693//726 687//717 
f 694//727 454//311 452//309 
f 693//726 694//727 688//718 
f 692//725 695//728 689//719 
f 335//723 338//732 690//720 
f 691//721 686//716 680//708 
f 690//720 691//721 685//713 
f 689//719 687//717 681//709 
f 688//718 452//309 450//307 
f 687//717 688//718 682//710 
f 686//716 689//719 683//711 
f 332//714 336//724 684//712 
f 685//713 680//708 674//699 
f 684//712 685//713 679//704 
f 683//711 681//709 675//700 
f 682//710 450//307 448//305 
f 681//709 682//710 676//701 
f 680//708 683//711 677//702 
f 330//706 333//715 678//703 
f 679//704 674//699 672//694 
f 678//703 679//704 671//693 
f 677//702 675//700 670//692 
f 676//701 448//305 447//304 
f 675//700 676//701 669//691 
f 674//699 677//702 668//690 
f 327//697 331//707 673//695 
f 665//684 671//693 672//694 
f 667//686 673//695 671//693 
f 662//681 668//690 670//692 
f 663//682 669//691 447//304 
f 664//683 670//692 669//691 
f 666//685 672//694 668//690 
f 324//688 328//698 667//686 
f 658//675 665//684 666//685 
f 661//680 667//686 665//684 
f 655//672 662//681 664//683 
f 656//673 663//682 446//303 
f 657//674 664//683 663//682 
f 660//677 666//685 662//681 
f 322//679 325//689 661//680 
f 659//676 658//675 660//677 
f 653//667 661//680 658//675 
f 650//664 655//672 657//674 
f 651//665 656//673 444//301 
f 652//666 657//674 656//673 
f 654//668 660//677 655//672 
f 320//671 321//678 653//667 
f 647//658 659//676 654//668 
f 653//667 659//676 647//658 
f 644//655 650//664 652//666 
f 645//656 651//665 442//299 
f 646//657 652//666 651//665 
f 648//659 654//668 650//664 
f 316//662 319//670 649//660 
f 641//650 647//658 648//659 
f 643//654 649//660 647//658 
f 638//647 644//655 646//657 
f 639//648 645//656 440//297 
f 640//649 646//657 645//656 
f 642//651 648//659 644//655 
f 314//653 317//663 643//654 
f 635//642 641//650 642//651 
f 637//646 643//654 641//650 
f 632//639 638//647 640//649 
f 633//640 639//648 438//295 
f 634//641 640//649 639//648 
f 636//643 642//651 638//647 
f 312//645 313//652 637//646 
f 629//633 635//642 636//643 
f 631//635 637//646 635//642 
f 626//630 632//639 634//641 
f 627//631 633//640 436//293 
f 628//632 634//641 633//640 
f 630//634 636//643 632//639 
f 309//637 311//644 631//635 
f 623//624 629//633 630//634 
f 625//626 631//635 629//633 
f 620//621 626//630 628//632 
f 621//622 627//631 434//291 
f 622//623 628//632 627//631 
f 624//625 630//634 626//630 
f 306//628 310//638 625//626 
f 616//615 623//624 624//625 
f 619//619 625//626 623//624 
f 613//612 620//621 622//623 
f 614//613 621//622 432//289 
f 615//614 622//623 621//622 
f 618//617 624//625 620//621 
f 617//616 304//620 303//618 
f 611//608 616//615 618//617 
f 617//616 619//619 616//615 
f 608//605 613//612 615//614 
f 609//606 614//613 430//287 
f 610//607 615//614 614//613 
f 612//609 618//617 613//612 
f 302//611 617//616 607//601 
f 605//599 611//608 612//609 
f 607//601 617//616 611//608 
f 602//596 608//605 610//607 
f 603//597 609//606 428//285 
f 604//598 610//607 609//606 
f 606//600 612//609 608//605 
f 299//603 301//610 607//601 
f 599//590 605//599 606//600 
f 601//592 607//601 605//599 
f 596//587 602//596 604//598 
f 597//588 603//597 426//283 
f 598//589 604//598 603//597 
f 600//591 606//600 602//596 
f 297//595 300//604 601//592 
f 593//582 599//590 600//591 
f 595//584 601//592 599//590 
f 590//579 596//587 598//589 
f 591//580 597//588 424//281 
f 592//581 598//589 597//588 
f 594//583 600//591 596//587 
f 293//585 296//594 595//584 
f 587//573 593//582 594//583 
f 589//578 595//584 593//582 
f 584//570 590//579 592//581 
f 585//571 591//580 422//279 
f 586//572 592//581 591//580 
f 588//574 594//583 590//579 
f 291//576 294//586 589//578 
f 581//564 587//573 588//574 
f 583//566 589//578 587//573 
f 578//561 584//570 586//572 
f 579//562 585//571 420//277 
f 580//563 586//572 585//571 
f 582//565 588//574 584//570 
f 287//567 292//577 583//566 
f 575//556 581//564 582//565 
f 577//558 583//566 581//564 
f 572//553 578//561 580//563 
f 573//554 579//562 418//275 
f 574//555 580//563 579//562 
f 576//557 582//565 578//561 
f 285//559 288//568 577//558 
f 569//548 575//556 576//557 
f 571//550 577//558 575//556 
f 566//545 572//553 574//555 
f 567//546 573//554 416//273 
f 568//547 574//555 573//554 
f 570//549 576//557 572//553 
f 283//551 286//560 571//550 
f 563//539 569//548 570//549 
f 565//544 571//550 569//548 
f 560//536 566//545 568//547 
f 561//537 567//546 414//271 
f 562//538 568//547 567//546 
f 564//540 570//549 566//545 
f 281//542 284//552 565//544 
f 557//530 563//539 564//540 
f 559//532 565//544 563//539 
f 554//527 560//536 562//538 
f 555//528 561//537 412//269 
f 556//529 562//538 561//537 
f 558//531 564//540 560//536 
f 277//533 282//543 559//532 
f 551//522 557//530 558//531 
f 553//524 559//532 557//530 
f 548//519 554//527 556//529 
f 549//520 555//528 410//267 
f 550//521 556//529 555//528 
f 552//523 558//531 554//527 
f 275//525 278//534 553//524 
f 547//517 551//522 552//523 
f 546//516 553//524 551//522 
f 545//515 548//519 550//521 
f 544//514 549//520 408//265 
f 543//513 550//521 549//520 
f 542//512 552//523 548//519 
f 274//518 276//526 546//516 
f 547//517 542//512 536//503 
f 546//516 547//517 541//508 
f 545//515 543//513 537//504 
f 544//514 404//261 402//259 
f 543//513 544//514 538//505 
f 542//512 545//515 539//506 
f 272//510 274//518 540//507 
f 541//508 536//503 529//494 
f 540//507 541//508 535//500 
f 539//506 537//504 531//496 
f 538//505 402//259 400//257 
f 537//504 538//505 532//497 
f 536//503 539//506 533//498 
f 270//502 273//511 534//499 
f 535//500 529//494 524//479 
f 534//499 535//500 527//486 
f 533//498 531//496 526//484 
f 532//497 400//257 399//256 
f 531//496 532//497 530//495 
f 529//494 533//498 525//480 
f 267//492 269//501 528//490 
f 527//486 524//479 265//489 
f 264//488 528//490 527//486 
f 525//480 526//484 262//485 
f 260//482 530//495 399//256 
f 526//484 530//495 260//482 
f 259//481 265//489 524//479 
f 250//477 245//473 523//472 
f 246//475 242//471 522//470 
f 241//469 521//467 522//470 
f 243//468 239//465 520//464 
f 240//466 237//463 519//461 
f 236//462 235//460 518//457 
f 234//459 232//455 517//454 
f 233//456 230//1122 516//453 
f 516//453 230//1122 229//452 
f 228//450 225//447 514//445 
f 227//446 223//443 513//441 
f 224//442 220//439 512//438 
f 218//440 219//437 511//435 
f 221//436 216//434 510//432 
f 217//433 214//431 509//429 
f 213//430 212//428 508//425 
f 210//426 209//423 507//421 
f 208//424 207//419 506//418 
f 206//420 204//417 505//415 
f 203//416 202//414 504//413 
f 503//407 504//413 205//411 
f 197//410 196//405 502//404 
f 198//406 193//403 501//401 
f 192//402 194//400 500//399 
f 190//398 189//395 499//394 
f 191//396 187//1123 498//393 
f 498//393 187//1123 186//392 
f 185//390 183//388 496//387 
f 181//386 180//383 495//382 
f 182//384 179//381 494//380 
f 179//381 177//379 493//378 
f 176//377 173//372 491//371 
f 175//375 171//370 492//374 
f 490//367 492//374 171//370 
f 172//368 167//365 489//363 
f 169//364 165//360 488//359 
f 166//362 162//358 487//357 
f 161//356 486//354 487//357 
f 163//355 160//350 485//353 
f 484//349 485//353 160//350 
f 483//345 484//349 157//348 
f 158//346 154//344 482//343 
f 152//342 150//1124 257//340 
f 256//339 395//1119 481//338 
f 480//337 481//338 479//336 
f 478//335 479//336 477//334 
f 476//333 477//334 475//332 
f 474//331 475//332 473//330 
f 472//329 473//330 471//328 
f 470//327 471//328 469//326 
f 468//325 469//326 467//324 
f 466//323 467//324 465//322 
f 464//321 465//322 463//320 
f 462//319 463//320 461//318 
f 460//317 461//318 459//316 
f 458//315 459//316 457//314 
f 456//313 457//314 455//312 
f 454//311 455//312 453//310 
f 452//309 453//310 451//308 
f 450//307 451//308 449//306 
f 448//305 449//306 445//302 
f 446//303 447//304 445//302 
f 444//301 446//303 443//300 
f 442//299 444//301 441//298 
f 440//297 442//299 439//296 
f 438//295 440//297 437//294 
f 436//293 438//295 435//292 
f 434//291 436//293 433//290 
f 432//289 434//291 431//288 
f 430//287 432//289 429//286 
f 428//285 430//287 427//284 
f 426//283 428//285 425//282 
f 424//281 426//283 423//280 
f 422//279 424//281 421//278 
f 420//277 422//279 419//276 
f 418//275 420//277 417//274 
f 416//273 418//275 415//272 
f 414//271 416//273 413//270 
f 412//269 414//271 411//268 
f 410//267 412//269 409//266 
f 408//265 410//267 407//264 
f 404//261 408//265 405//262 
f 404//261 406//263 403//260 
f 402//259 403//260 401//258 
f 400//257 401//258 398//253 
f 255//255 399//256 398//253 
o mesh4
f 1137//1125 395//1126 256//1127 
f 256//1127 1138//1128 1137//1125 
f 1137//1125 1138//1128 1139//1129 
f 1140//1130 1141//1131 1139//1129 
f 1140//1130 1142//1132 1143//1133 
f 1144//1134 1145//1135 1143//1133 
f 1146//1136 1144//1134 1147//1137 
f 1148//1138 1146//1136 1149//1139 
f 1150//1140 1148//1138 1151//1141 
f 1152//1142 1150//1140 1153//1143 
f 1154//1144 1152//1142 1155//1145 
f 1156//1146 1154//1144 1157//1147 
f 1158//1148 1156//1146 1159//1149 
f 1160//1150 1158//1148 1161//1151 
f 1162//1152 1160//1150 1163//1153 
f 1164//1154 1162//1152 1165//1155 
f 1166//1156 1164//1154 1167//1157 
f 1168//1158 1166//1156 1169//1159 
f 1170//1160 1168//1158 1171//1161 
f 1172//1162 1170//1160 1173//1163 
f 1174//1164 1172//1162 1175//1165 
f 1176//1166 1174//1164 1177//1167 
f 1178//1168 1176//1166 1179//1169 
f 1180//1170 1178//1168 1181//1171 
f 1182//1172 1180//1170 1183//1173 
f 1184//1174 1182//1172 1185//1175 
f 1184//1174 1186//1176 1187//1177 
f 1188//1178 1187//1177 1189//1179 
f 1190//1180 1189//1179 1191//1181 
f 1192//1182 1191//1181 1193//1183 
f 1194//1184 1193//1183 1195//1185 
f 1196//1186 1195//1185 1197//1187 
f 1198//1188 1197//1187 1199//1189 
f 1200//1190 1199//1189 1201//1191 
f 1202//1192 1201//1191 1203//1193 
f 1204//1194 1203//1193 1205//1195 
f 1206//1196 1205//1195 1207//1197 
f 1208//1198 1207//1197 1209//1199 
f 1210//1200 1209//1199 1211//1201 
f 1212//1202 1211//1201 1213//1203 
f 1214//1204 1213//1203 1215//1205 
f 1216//1206 1215//1205 1217//1207 
f 1218//1208 1217//1207 1219//1209 
f 1220//1210 1219//1209 255//1211 
f 1221//1212 249//1213 248//1214 
f 248//1214 258//1215 1221//1212 
f 1222//1216 253//1217 252//1218 
f 252//1218 1221//1212 1222//1216 
f 1223//1219 64//1220 251//1221 
f 251//1221 1222//1216 1223//1219 
f 1224//1222 65//1223 64//1220 
f 1224//1222 1225//1224 66//1225 
f 1225//1224 68//1226 66//1225 
f 1225//1224 67//1227 68//1226 
f 67//1227 1225//1224 1226//1228 
f 1227//1229 71//1230 70//1231 
f 70//1231 1226//1228 1227//1229 
f 1227//1229 75//1232 72//1233 
f 1228//1234 73//1235 75//1232 
f 75//1232 1227//1229 1228//1234 
f 1228//1234 1229//1236 74//1237 
f 1229//1236 78//1238 74//1237 
f 1229//1236 76//1239 78//1238 
f 76//1239 1229//1236 1230//1240 
f 1231//1241 79//1242 80//1243 
f 80//1243 1230//1240 1231//1241 
f 1232//1244 84//1245 81//1246 
f 1232//1244 82//1247 84//1245 
f 81//1246 1231//1241 1232//1244 
f 1232//1244 1233//1248 83//1249 
f 1233//1248 85//1250 83//1249 
f 1234//1251 87//1252 86//1253 
f 86//1253 1233//1248 1234//1251 
f 1234//1251 1235//1254 91//1255 
f 1235//1254 90//1256 91//1255 
f 1236//1257 89//1258 88//1259 
f 88//1259 1235//1254 1236//1257 
f 1236//1257 94//1260 93//1261 
f 93//1261 92//1262 1236//1257 
f 92//1262 89//1258 1236//1257 
f 1237//1263 96//1264 95//1265 
f 95//1265 1238//1266 1237//1263 
f 1237//1263 1239//1267 100//1268 
f 1239//1267 99//1269 100//1268 
f 1240//1270 98//1271 97//1272 
f 97//1272 1239//1267 1240//1270 
f 1241//1273 102//1274 101//1275 
f 101//1275 1240//1270 1241//1273 
f 101//1275 98//1271 1240//1270 
f 1241//1273 1242//1276 105//1277 
f 1242//1276 106//1278 105//1277 
f 1243//1279 110//1280 104//1281 
f 1243//1279 108//1282 110//1280 
f 104//1281 1242//1276 1243//1279 
f 1243//1279 1244//1283 107//1284 
f 1244//1283 109//1285 107//1284 
f 1245//1286 112//1287 111//1288 
f 111//1288 1244//1283 1245//1286 
f 1246//1289 113//1290 114//1291 
f 114//1291 1245//1286 1246//1289 
f 1246//1289 1247//1292 119//1293 
f 1247//1292 117//1294 119//1293 
f 119//1293 115//1295 1246//1289 
f 1248//1296 118//1297 116//1298 
f 116//1298 1247//1292 1248//1296 
f 1249//1299 120//1300 122//1301 
f 122//1301 1248//1296 1249//1299 
f 122//1301 118//1297 1248//1296 
f 1249//1299 1250//1302 125//1303 
f 1250//1302 123//1304 125//1303 
f 124//1305 123//1304 1250//1302 
f 1251//1306 127//1307 126//1308 
f 126//1308 1252//1309 1251//1306 
f 126//1308 128//1310 1252//1309 
f 1253//1311 130//1312 129//1313 
f 129//1313 1251//1306 1253//1311 
f 129//1313 132//1314 1251//1306 
f 1253//1311 134//1315 131//1316 
f 1254//1317 133//1318 134//1315 
f 134//1315 1253//1311 1254//1317 
f 1254//1317 1255//1319 136//1320 
f 1255//1319 135//1321 136//1320 
f 137//1322 135//1321 1255//1319 
f 1256//1323 138//1324 140//1325 
f 140//1325 1257//1326 1256//1323 
f 1256//1323 144//1327 139//1328 
f 1258//1329 143//1330 144//1327 
f 144//1327 1256//1323 1258//1329 
f 1258//1329 1259//1331 141//1332 
f 1259//1331 142//1333 141//1332 
f 1259//1331 1260//1334 146//1335 
f 146//1335 145//1336 1259//1331 
f 1260//1334 1261//1337 147//1338 
f 1261//1337 148//1339 147//1338 
f 1262//1340 151//1341 148//1339 
f 1262//1340 149//1342 151//1341 
f 257//1343 150//1344 149//1342 
f 376//1345 375//1346 1263//1347 
f 1263//1347 1264//1348 376//1345 
f 377//1349 374//1350 1265//1351 
f 1266//1352 397//1353 378//1354 
f 373//1355 397//1353 1266//1352 
f 1267//1356 374//1350 373//1355 
f 1268//1357 378//1354 1028//1358 
f 1028//1358 1029//1359 1268//1357 
f 378//1354 396//1360 1028//1358 
f 1265//1351 1267//1356 1269//1361 
f 1264//1348 1263//1347 1270//1362 
f 1138//1128 1264//1348 1271//1363 
f 1263//1347 1265//1351 1272//1364 
f 1266//1352 1268//1357 1273//1365 
f 1267//1356 1266//1352 1274//1366 
f 1268//1357 1030//1367 1031//1368 
f 1268//1357 1032//1369 1030//1367 
f 1031//1368 1273//1365 1268//1357 
f 1272//1364 1269//1361 1275//1370 
f 1276//1371 1271//1363 1270//1362 
f 1142//1132 1139//1129 1271//1363 
f 1270//1362 1272//1364 1277//1372 
f 1274//1366 1273//1365 1278//1373 
f 1269//1361 1274//1366 1279//1374 
f 1273//1365 1033//1375 1034//1376 
f 1034//1376 1278//1373 1273//1365 
f 1277//1372 1275//1370 1280//1377 
f 1276//1371 1281//1378 1282//1379 
f 1142//1132 1276//1371 1283//1380 
f 1281//1378 1277//1372 1284//1381 
f 1279//1374 1278//1373 1285//1382 
f 1275//1370 1279//1374 1286//1383 
f 1285//1382 1278//1373 1035//1384 
f 1035//1384 1036//1385 1285//1382 
f 1278//1373 1037//1386 1035//1384 
f 1287//1387 1284//1381 1280//1377 
f 1288//1388 1283//1380 1282//1379 
f 1147//1137 1143//1133 1283//1380 
f 1289//1389 1282//1379 1284//1381 
f 1290//1390 1286//1383 1285//1382 
f 1291//1391 1280//1377 1286//1383 
f 1292//1392 1038//1393 1039//1394 
f 1285//1382 1040//1395 1038//1393 
f 1038//1393 1292//1392 1285//1382 
f 1293//1396 1287//1387 1291//1391 
f 1294//1397 1288//1388 1289//1389 
f 1149//1139 1147//1137 1288//1388 
f 1295//1398 1289//1389 1287//1387 
f 1296//1399 1290//1390 1292//1392 
f 1297//1400 1291//1391 1290//1390 
f 1298//1401 1041//1402 1042//1403 
f 1292//1392 1043//1404 1041//1402 
f 1041//1402 1298//1401 1292//1392 
f 1299//1405 1293//1396 1297//1400 
f 1300//1406 1294//1397 1295//1398 
f 1151//1141 1149//1139 1294//1397 
f 1301//1407 1295//1398 1293//1396 
f 1302//1408 1296//1399 1298//1401 
f 1303//1409 1297//1400 1296//1399 
f 1298//1401 1044//1410 1045//1411 
f 1045//1411 1304//1412 1298//1401 
f 1305//1413 1299//1405 1303//1409 
f 1306//1414 1300//1406 1301//1407 
f 1153//1143 1151//1141 1300//1406 
f 1307//1415 1301//1407 1299//1405 
f 1308//1416 1302//1408 1304//1412 
f 1309//1417 1303//1409 1302//1408 
f 1310//1418 1304//1412 1046//1419 
f 1046//1419 1047//1420 1310//1418 
f 1311//1421 1305//1413 1309//1417 
f 1312//1422 1306//1414 1307//1415 
f 1155//1145 1153//1143 1306//1414 
f 1313//1423 1307//1415 1305//1413 
f 1314//1424 1308//1416 1310//1418 
f 1315//1425 1309//1417 1308//1416 
f 1316//1426 1310//1418 1048//1427 
f 1048//1427 1049//1428 1316//1426 
f 1310//1418 1050//1429 1048//1427 
f 1317//1430 1311//1421 1315//1425 
f 1318//1431 1312//1422 1313//1423 
f 1157//1147 1155//1145 1312//1422 
f 1319//1432 1313//1423 1311//1421 
f 1320//1433 1314//1424 1316//1426 
f 1321//1434 1315//1425 1314//1424 
f 1322//1435 1051//1436 1052//1437 
f 1316//1426 1053//1438 1051//1436 
f 1051//1436 1322//1435 1316//1426 
f 1323//1439 1317//1430 1321//1434 
f 1324//1440 1318//1431 1319//1432 
f 1159//1149 1157//1147 1318//1431 
f 1325//1441 1319//1432 1317//1430 
f 1326//1442 1320//1433 1322//1435 
f 1327//1443 1321//1434 1320//1433 
f 1322//1435 1054//1444 1055//1445 
f 1055//1445 1328//1446 1322//1435 
f 1329//1447 1323//1439 1327//1443 
f 1330//1448 1324//1440 1325//1441 
f 1161//1151 1159//1149 1324//1440 
f 1331//1449 1325//1441 1323//1439 
f 1332//1450 1326//1442 1328//1446 
f 1333//1451 1327//1443 1326//1442 
f 1328//1446 1056//1452 1057//1453 
f 1057//1453 1334//1454 1328//1446 
f 1335//1455 1329//1447 1333//1451 
f 1336//1456 1330//1448 1331//1449 
f 1163//1153 1161//1151 1330//1448 
f 1337//1457 1331//1449 1329//1447 
f 1338//1458 1332//1450 1334//1454 
f 1339//1459 1333//1451 1332//1450 
f 1340//1460 1334//1454 1058//1461 
f 1058//1461 1059//1462 1340//1460 
f 1334//1454 1060//1463 1058//1461 
f 1341//1464 1335//1455 1339//1459 
f 1342//1465 1336//1456 1337//1457 
f 1165//1155 1163//1153 1336//1456 
f 1343//1466 1337//1457 1335//1455 
f 1344//1467 1338//1458 1340//1460 
f 1345//1468 1339//1459 1338//1458 
f 1346//1469 1340//1460 1061//1470 
f 1340//1460 1062//1471 1061//1470 
f 1061//1470 1063//1472 1346//1469 
f 1347//1473 1341//1464 1345//1468 
f 1348//1474 1342//1465 1343//1466 
f 1167//1157 1165//1155 1342//1465 
f 1349//1475 1343//1466 1341//1464 
f 1350//1476 1344//1467 1346//1469 
f 1351//1477 1345//1468 1344//1467 
f 1346//1469 1064//1478 1065//1479 
f 1065//1479 1352//1480 1346//1469 
f 1353//1481 1347//1473 1351//1477 
f 1354//1482 1348//1474 1349//1475 
f 1169//1159 1167//1157 1348//1474 
f 1355//1483 1349//1475 1347//1473 
f 1356//1484 1350//1476 1352//1480 
f 1357//1485 1351//1477 1350//1476 
f 1352//1480 1066//1486 1067//1487 
f 1067//1487 1358//1488 1352//1480 
f 1359//1489 1353//1481 1357//1485 
f 1360//1490 1354//1482 1355//1483 
f 1171//1161 1169//1159 1354//1482 
f 1361//1491 1355//1483 1353//1481 
f 1362//1492 1356//1484 1358//1488 
f 1363//1493 1357//1485 1356//1484 
f 1358//1488 1068//1494 1069//1495 
f 1358//1488 1070//1496 1068//1494 
f 1069//1495 1364//1497 1358//1488 
f 1365//1498 1359//1489 1363//1493 
f 1366//1499 1360//1490 1361//1491 
f 1173//1163 1171//1161 1360//1490 
f 1367//1500 1361//1491 1359//1489 
f 1368//1501 1362//1492 1364//1497 
f 1369//1502 1363//1493 1362//1492 
f 1370//1503 1364//1497 1071//1504 
f 1364//1497 1072//1505 1071//1504 
f 1371//1506 1365//1498 1369//1502 
f 1372//1507 1366//1499 1367//1500 
f 1175//1165 1173//1163 1366//1499 
f 1373//1508 1367//1500 1365//1498 
f 1374//1509 1368//1501 1370//1503 
f 1375//1510 1369//1502 1368//1501 
f 1376//1511 1370//1503 1073//1512 
f 1370//1503 1074//1513 1073//1512 
f 1377//1514 1371//1506 1375//1510 
f 1378//1515 1372//1507 1373//1508 
f 1177//1167 1175//1165 1372//1507 
f 1379//1516 1373//1508 1371//1506 
f 1380//1517 1374//1509 1376//1511 
f 1381//1518 1375//1510 1374//1509 
f 1382//1519 1376//1511 1075//1520 
f 1075//1520 1076//1521 1382//1519 
f 1376//1511 1077//1522 1075//1520 
f 1383//1523 1377//1514 1381//1518 
f 1384//1524 1378//1515 1379//1516 
f 1179//1169 1177//1167 1378//1515 
f 1385//1525 1379//1516 1377//1514 
f 1380//1517 1382//1519 1386//1526 
f 1387//1527 1381//1518 1380//1517 
f 1382//1519 1078//1528 1079//1529 
f 1382//1519 1080//1530 1078//1528 
f 1079//1529 1386//1526 1382//1519 
f 1388//1531 1383//1523 1387//1527 
f 1389//1532 1384//1524 1385//1525 
f 1181//1171 1179//1169 1384//1524 
f 1390//1533 1385//1525 1383//1523 
f 1391//1534 1392//1535 1386//1526 
f 1393//1536 1387//1527 1392//1535 
f 1394//1537 1386//1526 1081//1538 
f 1386//1526 1082//1539 1081//1538 
f 1395//1540 1388//1531 1393//1536 
f 1396//1541 1389//1532 1390//1533 
f 1183//1173 1181//1171 1389//1532 
f 1397//1542 1390//1533 1388//1531 
f 1398//1543 1391//1534 1394//1537 
f 1399//1544 1393//1536 1391//1534 
f 1083//1545 1084//1546 1400//1547 
f 1400//1547 1394//1537 1083//1545 
f 1394//1537 1085//1548 1083//1545 
f 1401//1549 1395//1540 1399//1544 
f 1402//1550 1396//1541 1397//1542 
f 1185//1175 1183//1173 1396//1541 
f 1403//1551 1397//1542 1395//1540 
f 1404//1552 1398//1543 1400//1547 
f 1405//1553 1399//1544 1398//1543 
f 1406//1554 1400//1547 1086//1555 
f 1400//1547 1087//1556 1088//1557 
f 1088//1557 1086//1555 1400//1547 
f 1407//1558 1401//1549 1405//1553 
f 1408//1559 1402//1550 1403//1551 
f 1186//1176 1185//1175 1402//1550 
f 1409//1560 1403//1551 1401//1549 
f 1404//1552 1406//1554 1410//1561 
f 1411//1562 1405//1553 1404//1552 
f 1410//1561 1406//1554 1089//1563 
f 1406//1554 1090//1564 1089//1563 
f 1089//1563 1091//1565 1410//1561 
f 1407//1558 1411//1562 1412//1566 
f 1408//1559 1409//1560 1413//1567 
f 1186//1176 1408//1559 1414//1568 
f 1409//1560 1407//1558 1415//1569 
f 1416//1570 1417//1571 1410//1561 
f 1411//1562 1417//1571 1416//1570 
f 1418//1572 1410//1561 1092//1573 
f 1410//1561 1093//1574 1092//1573 
f 1415//1569 1412//1566 1419//1575 
f 1414//1568 1413//1567 1420//1576 
f 1187//1177 1414//1568 1421//1577 
f 1413//1567 1415//1569 1422//1578 
f 1416//1570 1418//1572 1423//1579 
f 1412//1566 1416//1570 1424//1580 
f 1423//1579 1094//1581 1095//1582 
f 1418//1572 1096//1583 1094//1581 
f 1094//1581 1423//1579 1418//1572 
f 1422//1578 1419//1575 1425//1584 
f 1421//1577 1420//1576 1426//1585 
f 1189//1179 1421//1577 1427//1586 
f 1420//1576 1422//1578 1428//1587 
f 1429//1588 1430//1589 1424//1580 
f 1419//1575 1424//1580 1430//1589 
f 1429//1588 1423//1579 1097//1590 
f 1423//1579 1098//1591 1097//1590 
f 1428//1587 1425//1584 1431//1592 
f 1427//1586 1426//1585 1432//1593 
f 1191//1181 1427//1586 1433//1594 
f 1426//1585 1428//1587 1434//1595 
f 1430//1589 1429//1588 1435//1596 
f 1425//1584 1430//1589 1436//1597 
f 1429//1588 1099//1598 1100//1599 
f 1100//1599 1435//1596 1429//1588 
f 1429//1588 1101//1600 1099//1598 
f 1434//1595 1431//1592 1437//1601 
f 1433//1594 1432//1593 1438//1602 
f 1193//1183 1433//1594 1439//1603 
f 1432//1593 1434//1595 1440//1604 
f 1436//1597 1435//1596 1441//1605 
f 1431//1592 1436//1597 1442//1606 
f 1441//1605 1435//1596 1102//1607 
f 1102//1607 1103//1608 1441//1605 
f 1435//1596 1104//1609 1102//1607 
f 1440//1604 1437//1601 1443//1610 
f 1439//1603 1438//1602 1444//1611 
f 1195//1185 1439//1603 1445//1612 
f 1438//1602 1440//1604 1446//1613 
f 1442//1606 1441//1605 1447//1614 
f 1437//1601 1442//1606 1448//1615 
f 1441//1605 1105//1616 1106//1617 
f 1441//1605 1107//1618 1105//1616 
f 1106//1617 1447//1614 1441//1605 
f 1446//1613 1443//1610 1449//1619 
f 1445//1612 1444//1611 1450//1620 
f 1197//1187 1445//1612 1451//1621 
f 1444//1611 1446//1613 1452//1622 
f 1448//1615 1447//1614 1453//1623 
f 1443//1610 1448//1615 1454//1624 
f 1447//1614 1108//1625 1109//1626 
f 1109//1626 1453//1623 1447//1614 
f 1452//1622 1449//1619 1455//1627 
f 1451//1621 1450//1620 1456//1628 
f 1199//1189 1451//1621 1457//1629 
f 1450//1620 1452//1622 1458//1630 
f 1454//1624 1453//1623 1459//1631 
f 1449//1619 1454//1624 1460//1632 
f 1453//1623 1110//1633 1111//1634 
f 1111//1634 1459//1631 1453//1623 
f 1453//1623 1112//1635 1110//1633 
f 1458//1630 1455//1627 1461//1636 
f 1457//1629 1456//1628 1462//1637 
f 1201//1191 1457//1629 1463//1638 
f 1456//1628 1458//1630 1464//1639 
f 1460//1632 1459//1631 1465//1640 
f 1455//1627 1460//1632 1466//1641 
f 1459//1631 1113//1642 1114//1643 
f 1459//1631 1115//1644 1113//1642 
f 1114//1643 1465//1640 1459//1631 
f 1464//1639 1461//1636 1467//1645 
f 1463//1638 1462//1637 1468//1646 
f 1203//1193 1463//1638 1469//1647 
f 1462//1637 1464//1639 1470//1648 
f 1466//1641 1465//1640 1471//1649 
f 1461//1636 1466//1641 1472//1650 
f 1465//1640 1116//1651 1117//1652 
f 1117//1652 1471//1649 1465//1640 
f 1470//1648 1467//1645 1473//1653 
f 1469//1647 1468//1646 1474//1654 
f 1205//1195 1469//1647 1475//1655 
f 1468//1646 1470//1648 1476//1656 
f 1472//1650 1471//1649 1477//1657 
f 1467//1645 1472//1650 1478//1658 
f 1471//1649 1118//1659 1119//1660 
f 1119//1660 1477//1657 1471//1649 
f 1476//1656 1473//1653 1479//1661 
f 1475//1655 1474//1654 1480//1662 
f 1207//1197 1475//1655 1481//1663 
f 1474//1654 1476//1656 1482//1664 
f 1478//1658 1477//1657 1483//1665 
f 1473//1653 1478//1658 1484//1666 
f 1483//1665 1477//1657 1120//1667 
f 1120//1667 1121//1668 1483//1665 
f 1477//1657 1122//1669 1120//1667 
f 1482//1664 1479//1661 1485//1670 
f 1481//1663 1480//1662 1486//1671 
f 1209//1199 1481//1663 1487//1672 
f 1480//1662 1482//1664 1488//1673 
f 1484//1666 1483//1665 1489//1674 
f 1479//1661 1484//1666 1490//1675 
f 1483//1665 1123//1676 1124//1677 
f 1483//1665 1125//1678 1123//1676 
f 1124//1677 1489//1674 1483//1665 
f 1488//1673 1485//1670 1491//1679 
f 1487//1672 1486//1671 1492//1680 
f 1211//1201 1487//1672 1493//1681 
f 1486//1671 1488//1673 1494//1682 
f 1490//1675 1489//1674 1495//1683 
f 1485//1670 1490//1675 1496//1684 
f 1495//1683 1489//1674 1126//1685 
f 1489//1674 1127//1686 1126//1685 
f 1494//1682 1491//1679 1497//1687 
f 1493//1681 1492//1680 1498//1688 
f 1213//1203 1493//1681 1499//1689 
f 1492//1680 1494//1682 1500//1690 
f 1496//1684 1495//1683 1501//1691 
f 1491//1679 1496//1684 1502//1692 
f 1495//1683 1128//1693 1129//1694 
f 1129//1694 1501//1691 1495//1683 
f 1500//1690 1497//1687 1503//1695 
f 1499//1689 1498//1688 1504//1696 
f 1215//1205 1499//1689 1505//1697 
f 1498//1688 1500//1690 1506//1698 
f 1502//1692 1501//1691 1507//1699 
f 1497//1687 1502//1692 1508//1700 
f 1501//1691 1130//1701 1131//1702 
f 1131//1702 1507//1699 1501//1691 
f 1501//1691 1132//1703 1130//1701 
f 1506//1698 1503//1695 1509//1704 
f 1505//1697 1504//1696 1510//1705 
f 1217//1207 1505//1697 1511//1706 
f 1504//1696 1506//1698 1512//1707 
f 1508//1700 1507//1699 1513//1708 
f 1503//1695 1508//1700 1514//1709 
f 1507//1699 1133//1710 1134//1711 
f 1134//1711 1513//1708 1507//1699 
f 261//1712 260//1713 1511//1706 
f 1510//1705 262//1714 261//1712 
f 1219//1209 1511//1706 260//1713 
f 262//1714 1510//1705 1512//1707 
f 1513//1708 264//1715 263//1716 
f 265//1717 1509//1704 1514//1709 
f 1514//1709 263//1716 265//1717 
f 1513//1708 1135//1718 1136//1719 
f 1136//1719 264//1715 1513//1708 
f 388//1720 1515//1721 1516//1722 
f 391//1723 1517//1724 1518//1725 
f 1518//1725 392//1726 391//1723 
f 1221//1212 258//1215 392//1726 
f 1519//1727 1520//1728 394//1729 
f 390//1730 394//1729 1520//1728 
f 1515//1721 388//1720 390//1730 
f 393//1731 395//1126 1137//1125 
f 1516//1722 1515//1721 1521//1732 
f 1518//1725 1517//1724 1522//1733 
f 1221//1212 1518//1725 1523//1734 
f 1517//1724 1516//1722 1524//1735 
f 1520//1728 1519//1727 1525//1736 
f 1515//1721 1520//1728 1526//1737 
f 1519//1727 1137//1125 1141//1131 
f 1527//1738 1524//1735 1521//1732 
f 1528//1739 1523//1734 1522//1733 
f 1223//1219 1222//1216 1523//1734 
f 1529//1740 1522//1733 1524//1735 
f 1530//1741 1526//1737 1525//1736 
f 1531//1742 1521//1732 1526//1737 
f 1532//1743 1525//1736 1141//1131 
f 1527//1738 1531//1742 1533//1744 
f 1528//1739 1529//1740 1534//1745 
f 1223//1219 1528//1739 1535//1746 
f 1529//1740 1527//1738 1536//1747 
f 1530//1741 1532//1743 1537//1748 
f 1531//1742 1530//1741 1538//1749 
f 1532//1743 1140//1130 1145//1135 
f 1536//1747 1533//1744 1539//1750 
f 1535//1746 1534//1745 1540//1751 
f 1224//1222 1535//1746 1541//1752 
f 1534//1745 1536//1747 1542//1753 
f 1538//1749 1537//1748 1543//1754 
f 1533//1744 1538//1749 1544//1755 
f 1543//1754 1537//1748 1145//1135 
f 1545//1756 1542//1753 1539//1750 
f 1541//1752 1540//1751 1546//1757 
f 1225//1224 1541//1752 1547//1758 
f 1546//1757 1540//1751 1542//1753 
f 1548//1759 1544//1755 1543//1754 
f 1549//1760 1539//1750 1544//1755 
f 1550//1761 1543//1754 1144//1134 
f 1551//1762 1545//1756 1549//1760 
f 1552//1763 1547//1758 1546//1757 
f 1227//1229 1226//1228 1547//1758 
f 1553//1764 1546//1757 1545//1756 
f 1554//1765 1548//1759 1550//1761 
f 1555//1766 1549//1760 1548//1759 
f 1556//1767 1550//1761 1146//1136 
f 1557//1768 1551//1762 1555//1766 
f 1552//1763 1553//1764 1558//1769 
f 1227//1229 1552//1763 1559//1770 
f 1558//1769 1553//1764 1551//1762 
f 1560//1771 1554//1765 1556//1767 
f 1561//1772 1555//1766 1554//1765 
f 1562//1773 1556//1767 1148//1138 
f 1563//1774 1557//1768 1561//1772 
f 1564//1775 1559//1770 1558//1769 
f 1229//1236 1228//1234 1559//1770 
f 1565//1776 1558//1769 1557//1768 
f 1566//1777 1560//1771 1562//1773 
f 1567//1778 1561//1772 1560//1771 
f 1568//1779 1562//1773 1150//1140 
f 1569//1780 1563//1774 1567//1778 
f 1570//1781 1564//1775 1565//1776 
f 1230//1240 1229//1236 1564//1775 
f 1571//1782 1565//1776 1563//1774 
f 1572//1783 1566//1777 1568//1779 
f 1573//1784 1567//1778 1566//1777 
f 1574//1785 1568//1779 1152//1142 
f 1575//1786 1569//1780 1573//1784 
f 1570//1781 1571//1782 1576//1787 
f 1230//1240 1570//1781 1577//1788 
f 1571//1782 1569//1780 1575//1786 
f 1578//1789 1572//1783 1574//1785 
f 1579//1790 1573//1784 1572//1783 
f 1580//1791 1574//1785 1154//1144 
f 1581//1792 1575//1786 1579//1790 
f 1582//1793 1577//1788 1576//1787 
f 1232//1244 1231//1241 1577//1788 
f 1583//1794 1576//1787 1575//1786 
f 1584//1795 1578//1789 1580//1791 
f 1585//1796 1579//1790 1578//1789 
f 1586//1797 1580//1791 1156//1146 
f 1587//1798 1581//1792 1585//1796 
f 1582//1793 1583//1794 1588//1799 
f 1232//1244 1582//1793 1589//1800 
f 1588//1799 1583//1794 1581//1792 
f 1590//1801 1584//1795 1586//1797 
f 1591//1802 1585//1796 1584//1795 
f 1592//1803 1586//1797 1158//1148 
f 1593//1804 1587//1798 1591//1802 
f 1594//1805 1589//1800 1588//1799 
f 1234//1251 1233//1248 1589//1800 
f 1595//1806 1588//1799 1587//1798 
f 1596//1807 1590//1801 1592//1803 
f 1597//1808 1591//1802 1590//1801 
f 1598//1809 1592//1803 1160//1150 
f 1599//1810 1593//1804 1597//1808 
f 1594//1805 1595//1806 1600//1811 
f 1234//1251 1594//1805 1601//1812 
f 1600//1811 1595//1806 1593//1804 
f 1602//1813 1596//1807 1598//1809 
f 1603//1814 1597//1808 1596//1807 
f 1604//1815 1598//1809 1162//1152 
f 1605//1816 1599//1810 1603//1814 
f 1606//1817 1601//1812 1600//1811 
f 1236//1257 1235//1254 1601//1812 
f 1607//1818 1600//1811 1599//1810 
f 1608//1819 1602//1813 1604//1815 
f 1609//1820 1603//1814 1602//1813 
f 1610//1821 1604//1815 1164//1154 
f 1611//1822 1605//1816 1609//1820 
f 1612//1823 1606//1817 1607//1818 
f 1606//1817 1612//1823 1238//1266 
f 1613//1824 1607//1818 1605//1816 
f 1614//1825 1608//1819 1610//1821 
f 1615//1826 1609//1820 1608//1819 
f 1616//1827 1610//1821 1166//1156 
f 1617//1828 1611//1822 1615//1826 
f 1618//1829 1612//1823 1613//1824 
f 1238//1266 1612//1823 1618//1829 
f 1619//1830 1613//1824 1611//1822 
f 1620//1831 1614//1825 1616//1827 
f 1621//1832 1615//1826 1614//1825 
f 1622//1833 1616//1827 1168//1158 
f 1623//1834 1617//1828 1621//1832 
f 1624//1835 1618//1829 1619//1830 
f 1624//1835 1239//1267 1237//1263 
f 1625//1836 1619//1830 1617//1828 
f 1626//1837 1620//1831 1622//1833 
f 1627//1838 1621//1832 1620//1831 
f 1628//1839 1622//1833 1170//1160 
f 1629//1840 1623//1834 1627//1838 
f 1630//1841 1624//1835 1625//1836 
f 1624//1835 1630//1841 1240//1270 
f 1631//1842 1625//1836 1623//1834 
f 1632//1843 1626//1837 1628//1839 
f 1633//1844 1627//1838 1626//1837 
f 1634//1845 1628//1839 1172//1162 
f 1635//1846 1629//1840 1633//1844 
f 1636//1847 1630//1841 1631//1842 
f 1636//1847 1241//1273 1240//1270 
f 1637//1848 1631//1842 1629//1840 
f 1638//1849 1632//1843 1634//1845 
f 1639//1850 1633//1844 1632//1843 
f 1640//1851 1634//1845 1174//1164 
f 1641//1852 1635//1846 1639//1850 
f 1642//1853 1636//1847 1637//1848 
f 1636//1847 1642//1853 1242//1276 
f 1643//1854 1637//1848 1635//1846 
f 1644//1855 1638//1849 1640//1851 
f 1645//1856 1639//1850 1638//1849 
f 1646//1857 1640//1851 1176//1166 
f 1647//1858 1641//1852 1645//1856 
f 1648//1859 1642//1853 1643//1854 
f 1642//1853 1648//1859 1243//1279 
f 1649//1860 1643//1854 1641//1852 
f 1650//1861 1644//1855 1646//1857 
f 1651//1862 1645//1856 1644//1855 
f 1652//1863 1646//1857 1178//1168 
f 1653//1864 1647//1858 1651//1862 
f 1648//1859 1649//1860 1654//1865 
f 1648//1859 1655//1866 1244//1283 
f 1654//1865 1649//1860 1647//1858 
f 1656//1867 1650//1861 1652//1863 
f 1657//1868 1651//1862 1650//1861 
f 1658//1869 1652//1863 1180//1170 
f 1653//1864 1657//1868 1659//1870 
f 1655//1866 1654//1865 1660//1871 
f 1655//1866 1661//1872 1245//1286 
f 1654//1865 1653//1864 1662//1873 
f 1656//1867 1658//1869 1663//1874 
f 1657//1868 1656//1867 1664//1875 
f 1663//1874 1658//1869 1182//1172 
f 1662//1873 1659//1870 1665//1876 
f 1661//1872 1660//1871 1666//1877 
f 1246//1289 1245//1286 1661//1872 
f 1660//1871 1662//1873 1667//1878 
f 1664//1875 1663//1874 1668//1879 
f 1659//1870 1664//1875 1669//1880 
f 1663//1874 1184//1174 1188//1178 
f 1667//1878 1665//1876 1670//1881 
f 1671//1882 1666//1877 1672//1883 
f 1673//1884 1247//1292 1246//1289 
f 1666//1877 1667//1878 1674//1885 
f 1669//1880 1668//1879 1675//1886 
f 1665//1876 1669//1880 1676//1887 
f 1668//1879 1188//1178 1190//1180 
f 1674//1885 1670//1881 1677//1888 
f 1673//1884 1672//1883 1678//1889 
f 1679//1890 1248//1296 1247//1292 
f 1672//1883 1674//1885 1680//1891 
f 1676//1887 1675//1886 1681//1892 
f 1670//1881 1676//1887 1682//1893 
f 1675//1886 1190//1180 1192//1182 
f 1680//1891 1677//1888 1683//1894 
f 1679//1890 1678//1889 1684//1895 
f 1679//1890 1685//1896 1249//1299 
f 1678//1889 1680//1891 1686//1897 
f 1682//1893 1681//1892 1687//1898 
f 1677//1888 1682//1893 1688//1899 
f 1681//1892 1192//1182 1194//1184 
f 1686//1897 1683//1894 1689//1900 
f 1685//1896 1684//1895 1690//1901 
f 1685//1896 1691//1902 1250//1302 
f 1684//1895 1686//1897 1692//1903 
f 1688//1899 1687//1898 1693//1904 
f 1683//1894 1688//1899 1694//1905 
f 1687//1898 1194//1184 1196//1186 
f 1692//1903 1689//1900 1695//1906 
f 1691//1902 1690//1901 1696//1907 
f 1252//1309 1250//1302 1691//1902 
f 1690//1901 1692//1903 1697//1908 
f 1694//1905 1693//1904 1698//1909 
f 1689//1900 1694//1905 1699//1910 
f 1693//1904 1196//1186 1198//1188 
f 1697//1908 1695//1906 1700//1911 
f 1701//1912 1696//1907 1702//1913 
f 1703//1914 1251//1306 1252//1309 
f 1696//1907 1697//1908 1704//1915 
f 1699//1910 1698//1909 1705//1916 
f 1695//1906 1699//1910 1706//1917 
f 1698//1909 1198//1188 1200//1190 
f 1704//1915 1700//1911 1707//1918 
f 1703//1914 1702//1913 1708//1919 
f 1251//1306 1703//1914 1709//1920 
f 1702//1913 1704//1915 1710//1921 
f 1706//1917 1705//1916 1711//1922 
f 1700//1911 1706//1917 1712//1923 
f 1705//1916 1200//1190 1202//1192 
f 1710//1921 1707//1918 1713//1924 
f 1709//1920 1708//1919 1714//1925 
f 1253//1311 1709//1920 1715//1926 
f 1708//1919 1710//1921 1716//1927 
f 1712//1923 1711//1922 1717//1928 
f 1707//1918 1712//1923 1718//1929 
f 1711//1922 1202//1192 1204//1194 
f 1716//1927 1713//1924 1719//1930 
f 1720//1931 1715//1926 1714//1925 
f 1255//1319 1254//1317 1715//1926 
f 1721//1932 1714//1925 1716//1927 
f 1718//1929 1717//1928 1722//1933 
f 1713//1924 1718//1929 1723//1934 
f 1717//1928 1204//1194 1206//1196 
f 1724//1935 1719//1930 1725//1936 
f 1720//1931 1721//1932 1726//1937 
f 1255//1319 1720//1931 1727//1938 
f 1721//1932 1724//1935 1728//1939 
f 1723//1934 1722//1933 1729//1940 
f 1719//1930 1723//1934 1730//1941 
f 1722//1933 1206//1196 1208//1198 
f 1728//1939 1725//1936 1731//1942 
f 1727//1938 1726//1937 1732//1943 
f 1257//1326 1727//1938 1733//1944 
f 1726//1937 1728//1939 1734//1945 
f 1730//1941 1729//1940 1735//1946 
f 1725//1936 1730//1941 1736//1947 
f 1729//1940 1208//1198 1210//1200 
f 1734//1945 1731//1942 1737//1948 
f 1733//1944 1732//1943 1738//1949 
f 1256//1323 1733//1944 1739//1950 
f 1732//1943 1734//1945 1740//1951 
f 1736//1947 1735//1946 1741//1952 
f 1731//1942 1736//1947 1742//1953 
f 1735//1946 1210//1200 1212//1202 
f 1740//1951 1737//1948 1743//1954 
f 1739//1950 1738//1949 1744//1955 
f 1259//1331 1258//1329 1739//1950 
f 1738//1949 1740//1951 1745//1956 
f 1742//1953 1741//1952 1746//1957 
f 1737//1948 1742//1953 1747//1958 
f 1741//1952 1212//1202 1214//1204 
f 1745//1956 1743//1954 1748//1959 
f 1749//1960 1744//1955 1750//1961 
f 1259//1331 1749//1960 1751//1962 
f 1744//1955 1745//1956 1752//1963 
f 1747//1958 1746//1957 1753//1964 
f 1743//1954 1747//1958 1754//1965 
f 1746//1957 1214//1204 1216//1206 
f 1752//1963 1748//1959 1755//1966 
f 1751//1962 1750//1961 1756//1967 
f 1260//1334 1751//1962 1757//1968 
f 1750//1961 1752//1963 1758//1969 
f 1754//1965 1753//1964 1759//1970 
f 1748//1959 1754//1965 1760//1971 
f 1753//1964 1216//1206 1218//1208 
f 1761//1972 1758//1969 1755//1966 
f 1762//1973 1757//1968 1756//1967 
f 1262//1340 1261//1337 1757//1968 
f 1763//1974 1756//1967 1758//1969 
f 1764//1975 1760//1971 1759//1970 
f 1765//1976 1755//1966 1760//1971 
f 1759//1970 1218//1208 1220//1210 
f 381//1977 382//1978 1761//1972 
f 383//1979 384//1980 1762//1973 
f 1763//1974 382//1978 383//1979 
f 1262//1340 1762//1973 384//1980 
f 386//1981 1765//1976 1764//1975 
f 1764//1975 385//1982 386//1981 
f 387//1983 1766//1984 1220//1210 
f 1220//1210 254//1985 387//1983 
f 387//1983 385//1982 1766//1984 
f 386//1981 381//1977 1765//1976 
f 385//1982 1764//1975 1766//1984 
f 1763//1974 1761//1972 382//1978 
f 384//1980 257//1343 1262//1340 
f 1762//1973 1763//1974 383//1979 
f 1761//1972 1765//1976 381//1977 
f 1220//1210 1766//1984 1759//1970 
f 1760//1971 1764//1975 1765//1976 
f 1759//1970 1766//1984 1764//1975 
f 1758//1969 1761//1972 1763//1974 
f 1757//1968 1762//1973 1262//1340 
f 1756//1967 1763//1974 1762//1973 
f 1755//1966 1765//1976 1761//1972 
f 1218//1208 1759//1970 1753//1964 
f 1760//1971 1755//1966 1748//1959 
f 1759//1970 1760//1971 1754//1965 
f 1758//1969 1756//1967 1750//1961 
f 1757//1968 1261//1337 1260//1334 
f 1756//1967 1757//1968 1751//1962 
f 1755//1966 1758//1969 1752//1963 
f 1216//1206 1753//1964 1746//1957 
f 1754//1965 1748//1959 1743//1954 
f 1753//1964 1754//1965 1747//1958 
f 1752//1963 1750//1961 1744//1955 
f 1751//1962 1260//1334 1259//1331 
f 1750//1961 1751//1962 1749//1960 
f 1748//1959 1752//1963 1745//1956 
f 1214//1204 1746//1957 1741//1952 
f 1747//1958 1743//1954 1737//1948 
f 1746//1957 1747//1958 1742//1953 
f 1745//1956 1744//1955 1738//1949 
f 1739//1950 1749//1960 1259//1331 
f 1744//1955 1749//1960 1739//1950 
f 1743//1954 1745//1956 1740//1951 
f 1212//1202 1741//1952 1735//1946 
f 1742//1953 1737//1948 1731//1942 
f 1741//1952 1742//1953 1736//1947 
f 1740//1951 1738//1949 1732//1943 
f 1739//1950 1258//1329 1256//1323 
f 1738//1949 1739//1950 1733//1944 
f 1737//1948 1740//1951 1734//1945 
f 1210//1200 1735//1946 1729//1940 
f 1736//1947 1731//1942 1725//1936 
f 1735//1946 1736//1947 1730//1941 
f 1734//1945 1732//1943 1726//1937 
f 1733//1944 1256//1323 1257//1326 
f 1732//1943 1733//1944 1727//1938 
f 1731//1942 1734//1945 1728//1939 
f 1208//1198 1729//1940 1722//1933 
f 1730//1941 1725//1936 1719//1930 
f 1729//1940 1730//1941 1723//1934 
f 1728//1939 1726//1937 1721//1932 
f 1727//1938 1257//1326 1255//1319 
f 1726//1937 1727//1938 1720//1931 
f 1725//1936 1728//1939 1724//1935 
f 1206//1196 1722//1933 1717//1928 
f 1723//1934 1719//1930 1713//1924 
f 1722//1933 1723//1934 1718//1929 
f 1716//1927 1724//1935 1721//1932 
f 1715//1926 1720//1931 1255//1319 
f 1714//1925 1721//1932 1720//1931 
f 1719//1930 1724//1935 1716//1927 
f 1204//1194 1717//1928 1711//1922 
f 1718//1929 1713//1924 1707//1918 
f 1717//1928 1718//1929 1712//1923 
f 1716//1927 1714//1925 1708//1919 
f 1715//1926 1254//1317 1253//1311 
f 1714//1925 1715//1926 1709//1920 
f 1713//1924 1716//1927 1710//1921 
f 1202//1192 1711//1922 1705//1916 
f 1712//1923 1707//1918 1700//1911 
f 1711//1922 1712//1923 1706//1917 
f 1710//1921 1708//1919 1702//1913 
f 1709//1920 1253//1311 1251//1306 
f 1708//1919 1709//1920 1703//1914 
f 1707//1918 1710//1921 1704//1915 
f 1200//1190 1705//1916 1698//1909 
f 1706//1917 1700//1911 1695//1906 
f 1705//1916 1706//1917 1699//1910 
f 1704//1915 1702//1913 1696//1907 
f 1252//1309 1701//1912 1703//1914 
f 1702//1913 1703//1914 1701//1912 
f 1700//1911 1704//1915 1697//1908 
f 1198//1188 1698//1909 1693//1904 
f 1699//1910 1695//1906 1689//1900 
f 1698//1909 1699//1910 1694//1905 
f 1697//1908 1696//1907 1690//1901 
f 1691//1902 1701//1912 1252//1309 
f 1696//1907 1701//1912 1691//1902 
f 1695//1906 1697//1908 1692//1903 
f 1196//1186 1693//1904 1687//1898 
f 1694//1905 1689//1900 1683//1894 
f 1693//1904 1694//1905 1688//1899 
f 1692//1903 1690//1901 1684//1895 
f 1250//1302 1249//1299 1685//1896 
f 1690//1901 1691//1902 1685//1896 
f 1689//1900 1692//1903 1686//1897 
f 1194//1184 1687//1898 1681//1892 
f 1688//1899 1683//1894 1677//1888 
f 1687//1898 1688//1899 1682//1893 
f 1686//1897 1684//1895 1678//1889 
f 1249//1299 1248//1296 1679//1890 
f 1684//1895 1685//1896 1679//1890 
f 1683//1894 1686//1897 1680//1891 
f 1192//1182 1681//1892 1675//1886 
f 1682//1893 1677//1888 1670//1881 
f 1681//1892 1682//1893 1676//1887 
f 1680//1891 1678//1889 1672//1883 
f 1247//1292 1673//1884 1679//1890 
f 1678//1889 1679//1890 1673//1884 
f 1677//1888 1680//1891 1674//1885 
f 1190//1180 1675//1886 1668//1879 
f 1676//1887 1670//1881 1665//1876 
f 1675//1886 1676//1887 1669//1880 
f 1674//1885 1672//1883 1666//1877 
f 1246//1289 1671//1882 1673//1884 
f 1672//1883 1673//1884 1671//1882 
f 1670//1881 1674//1885 1667//1878 
f 1188//1178 1668//1879 1663//1874 
f 1669//1880 1665//1876 1659//1870 
f 1668//1879 1669//1880 1664//1875 
f 1667//1878 1666//1877 1660//1871 
f 1661//1872 1671//1882 1246//1289 
f 1666//1877 1671//1882 1661//1872 
f 1665//1876 1667//1878 1662//1873 
f 1182//1172 1184//1174 1663//1874 
f 1664//1875 1659//1870 1657//1868 
f 1663//1874 1664//1875 1656//1867 
f 1662//1873 1660//1871 1654//1865 
f 1245//1286 1244//1283 1655//1866 
f 1660//1871 1661//1872 1655//1866 
f 1659//1870 1662//1873 1653//1864 
f 1180//1170 1182//1172 1658//1869 
f 1650//1861 1656//1867 1657//1868 
f 1652//1863 1658//1869 1656//1867 
f 1647//1858 1653//1864 1654//1865 
f 1244//1283 1243//1279 1648//1859 
f 1654//1865 1655//1866 1648//1859 
f 1651//1862 1657//1868 1653//1864 
f 1178//1168 1180//1170 1652//1863 
f 1644//1855 1650//1861 1651//1862 
f 1646//1857 1652//1863 1650//1861 
f 1641//1852 1647//1858 1649//1860 
f 1243//1279 1242//1276 1642//1853 
f 1643//1854 1649//1860 1648//1859 
f 1645//1856 1651//1862 1647//1858 
f 1176//1166 1178//1168 1646//1857 
f 1638//1849 1644//1855 1645//1856 
f 1640//1851 1646//1857 1644//1855 
f 1635//1846 1641//1852 1643//1854 
f 1242//1276 1241//1273 1636//1847 
f 1637//1848 1643//1854 1642//1853 
f 1639//1850 1645//1856 1641//1852 
f 1174//1164 1176//1166 1640//1851 
f 1632//1843 1638//1849 1639//1850 
f 1634//1845 1640//1851 1638//1849 
f 1629//1840 1635//1846 1637//1848 
f 1240//1270 1630//1841 1636//1847 
f 1631//1842 1637//1848 1636//1847 
f 1633//1844 1639//1850 1635//1846 
f 1172//1162 1174//1164 1634//1845 
f 1626//1837 1632//1843 1633//1844 
f 1628//1839 1634//1845 1632//1843 
f 1623//1834 1629//1840 1631//1842 
f 1240//1270 1239//1267 1624//1835 
f 1625//1836 1631//1842 1630//1841 
f 1627//1838 1633//1844 1629//1840 
f 1170//1160 1172//1162 1628//1839 
f 1620//1831 1626//1837 1627//1838 
f 1622//1833 1628//1839 1626//1837 
f 1617//1828 1623//1834 1625//1836 
f 1237//1263 1618//1829 1624//1835 
f 1619//1830 1625//1836 1624//1835 
f 1621//1832 1627//1838 1623//1834 
f 1168//1158 1170//1160 1622//1833 
f 1614//1825 1620//1831 1621//1832 
f 1616//1827 1622//1833 1620//1831 
f 1611//1822 1617//1828 1619//1830 
f 1618//1829 1237//1263 1238//1266 
f 1613//1824 1619//1830 1618//1829 
f 1615//1826 1621//1832 1617//1828 
f 1166//1156 1168//1158 1616//1827 
f 1608//1819 1614//1825 1615//1826 
f 1610//1821 1616//1827 1614//1825 
f 1605//1816 1611//1822 1613//1824 
f 1238//1266 1236//1257 1606//1817 
f 1607//1818 1613//1824 1612//1823 
f 1609//1820 1615//1826 1611//1822 
f 1164//1154 1166//1156 1610//1821 
f 1602//1813 1608//1819 1609//1820 
f 1604//1815 1610//1821 1608//1819 
f 1599//1810 1605//1816 1607//1818 
f 1601//1812 1606//1817 1236//1257 
f 1600//1811 1607//1818 1606//1817 
f 1603//1814 1609//1820 1605//1816 
f 1162//1152 1164//1154 1604//1815 
f 1596//1807 1602//1813 1603//1814 
f 1598//1809 1604//1815 1602//1813 
f 1593//1804 1599//1810 1600//1811 
f 1601//1812 1235//1254 1234//1251 
f 1600//1811 1601//1812 1594//1805 
f 1597//1808 1603//1814 1599//1810 
f 1160//1150 1162//1152 1598//1809 
f 1590//1801 1596//1807 1597//1808 
f 1592//1803 1598//1809 1596//1807 
f 1587//1798 1593//1804 1595//1806 
f 1589//1800 1594//1805 1234//1251 
f 1588//1799 1595//1806 1594//1805 
f 1591//1802 1597//1808 1593//1804 
f 1158//1148 1160//1150 1592//1803 
f 1584//1795 1590//1801 1591//1802 
f 1586//1797 1592//1803 1590//1801 
f 1581//1792 1587//1798 1588//1799 
f 1589//1800 1233//1248 1232//1244 
f 1588//1799 1589//1800 1582//1793 
f 1585//1796 1591//1802 1587//1798 
f 1156//1146 1158//1148 1586//1797 
f 1578//1789 1584//1795 1585//1796 
f 1580//1791 1586//1797 1584//1795 
f 1575//1786 1581//1792 1583//1794 
f 1577//1788 1582//1793 1232//1244 
f 1576//1787 1583//1794 1582//1793 
f 1579//1790 1585//1796 1581//1792 
f 1154//1144 1156//1146 1580//1791 
f 1572//1783 1578//1789 1579//1790 
f 1574//1785 1580//1791 1578//1789 
f 1575//1786 1576//1787 1571//1782 
f 1577//1788 1231//1241 1230//1240 
f 1576//1787 1577//1788 1570//1781 
f 1573//1784 1579//1790 1575//1786 
f 1152//1142 1154//1144 1574//1785 
f 1566//1777 1572//1783 1573//1784 
f 1568//1779 1574//1785 1572//1783 
f 1563//1774 1569//1780 1571//1782 
f 1564//1775 1570//1781 1230//1240 
f 1565//1776 1571//1782 1570//1781 
f 1567//1778 1573//1784 1569//1780 
f 1150//1140 1152//1142 1568//1779 
f 1560//1771 1566//1777 1567//1778 
f 1562//1773 1568//1779 1566//1777 
f 1557//1768 1563//1774 1565//1776 
f 1559//1770 1564//1775 1229//1236 
f 1558//1769 1565//1776 1564//1775 
f 1561//1772 1567//1778 1563//1774 
f 1148//1138 1150//1140 1562//1773 
f 1554//1765 1560//1771 1561//1772 
f 1556//1767 1562//1773 1560//1771 
f 1551//1762 1557//1768 1558//1769 
f 1559//1770 1228//1234 1227//1229 
f 1558//1769 1559//1770 1552//1763 
f 1555//1766 1561//1772 1557//1768 
f 1146//1136 1148//1138 1556//1767 
f 1548//1759 1554//1765 1555//1766 
f 1550//1761 1556//1767 1554//1765 
f 1545//1756 1551//1762 1553//1764 
f 1547//1758 1552//1763 1227//1229 
f 1546//1757 1553//1764 1552//1763 
f 1549//1760 1555//1766 1551//1762 
f 1144//1134 1146//1136 1550//1761 
f 1544//1755 1548//1759 1549//1760 
f 1543//1754 1550//1761 1548//1759 
f 1542//1753 1545//1756 1546//1757 
f 1547//1758 1226//1228 1225//1224 
f 1546//1757 1547//1758 1541//1752 
f 1539//1750 1549//1760 1545//1756 
f 1145//1135 1144//1134 1543//1754 
f 1544//1755 1539//1750 1533//1744 
f 1543//1754 1544//1755 1538//1749 
f 1542//1753 1540//1751 1534//1745 
f 1541//1752 1225//1224 1224//1222 
f 1540//1751 1541//1752 1535//1746 
f 1539//1750 1542//1753 1536//1747 
f 1145//1135 1537//1748 1532//1743 
f 1538//1749 1533//1744 1531//1742 
f 1537//1748 1538//1749 1530//1741 
f 1536//1747 1534//1745 1529//1740 
f 1535//1746 1224//1222 1223//1219 
f 1534//1745 1535//1746 1528//1739 
f 1533//1744 1536//1747 1527//1738 
f 1141//1131 1140//1130 1532//1743 
f 1526//1737 1530//1741 1531//1742 
f 1525//1736 1532//1743 1530//1741 
f 1524//1735 1527//1738 1529//1740 
f 1523//1734 1528//1739 1223//1219 
f 1522//1733 1529//1740 1528//1739 
f 1521//1732 1531//1742 1527//1738 
f 1141//1131 1525//1736 1519//1727 
f 1526//1737 1521//1732 1515//1721 
f 1525//1736 1526//1737 1520//1728 
f 1524//1735 1522//1733 1517//1724 
f 1523//1734 1222//1216 1221//1212 
f 1522//1733 1523//1734 1518//1725 
f 1521//1732 1524//1735 1516//1722 
f 1137//1125 1519//1727 393//1731 
f 1520//1728 1515//1721 390//1730 
f 394//1729 393//1731 1519//1727 
f 389//1986 1516//1722 1517//1724 
f 392//1726 1518//1725 1221//1212 
f 391//1723 389//1986 1517//1724 
f 1516//1722 389//1986 388//1720 
f 1136//1719 268//1987 264//1715 
f 265//1717 259//1988 1509//1704 
f 263//1716 1514//1709 1513//1708 
f 1512//1707 259//1988 262//1714 
f 260//1713 255//1211 1219//1209 
f 1511//1706 1510//1705 261//1712 
f 259//1988 1512//1707 1509//1704 
f 1134//1711 1135//1718 1513//1708 
f 1514//1709 1509//1704 1503//1695 
f 1513//1708 1514//1709 1508//1700 
f 1512//1707 1510//1705 1504//1696 
f 1511//1706 1219//1209 1217//1207 
f 1510//1705 1511//1706 1505//1697 
f 1509//1704 1512//1707 1506//1698 
f 1131//1702 1133//1710 1507//1699 
f 1508//1700 1503//1695 1497//1687 
f 1507//1699 1508//1700 1502//1692 
f 1506//1698 1504//1696 1498//1688 
f 1505//1697 1217//1207 1215//1205 
f 1504//1696 1505//1697 1499//1689 
f 1503//1695 1506//1698 1500//1690 
f 1129//1694 1132//1703 1501//1691 
f 1502//1692 1497//1687 1491//1679 
f 1501//1691 1502//1692 1496//1684 
f 1500//1690 1498//1688 1492//1680 
f 1499//1689 1215//1205 1213//1203 
f 1498//1688 1499//1689 1493//1681 
f 1497//1687 1500//1690 1494//1682 
f 1126//1685 1128//1693 1495//1683 
f 1496//1684 1491//1679 1485//1670 
f 1495//1683 1496//1684 1490//1675 
f 1494//1682 1492//1680 1486//1671 
f 1493//1681 1213//1203 1211//1201 
f 1492//1680 1493//1681 1487//1672 
f 1491//1679 1494//1682 1488//1673 
f 1124//1677 1127//1686 1489//1674 
f 1490//1675 1485//1670 1479//1661 
f 1489//1674 1490//1675 1484//1666 
f 1488//1673 1486//1671 1480//1662 
f 1487//1672 1211//1201 1209//1199 
f 1486//1671 1487//1672 1481//1663 
f 1485//1670 1488//1673 1482//1664 
f 1121//1668 1125//1678 1483//1665 
f 1484//1666 1479//1661 1473//1653 
f 1483//1665 1484//1666 1478//1658 
f 1482//1664 1480//1662 1474//1654 
f 1481//1663 1209//1199 1207//1197 
f 1480//1662 1481//1663 1475//1655 
f 1479//1661 1482//1664 1476//1656 
f 1119//1660 1122//1669 1477//1657 
f 1478//1658 1473//1653 1467//1645 
f 1477//1657 1478//1658 1472//1650 
f 1476//1656 1474//1654 1468//1646 
f 1475//1655 1207//1197 1205//1195 
f 1474//1654 1475//1655 1469//1647 
f 1473//1653 1476//1656 1470//1648 
f 1117//1652 1118//1659 1471//1649 
f 1472//1650 1467//1645 1461//1636 
f 1471//1649 1472//1650 1466//1641 
f 1470//1648 1468//1646 1462//1637 
f 1469//1647 1205//1195 1203//1193 
f 1468//1646 1469//1647 1463//1638 
f 1467//1645 1470//1648 1464//1639 
f 1114//1643 1116//1651 1465//1640 
f 1466//1641 1461//1636 1455//1627 
f 1465//1640 1466//1641 1460//1632 
f 1464//1639 1462//1637 1456//1628 
f 1463//1638 1203//1193 1201//1191 
f 1462//1637 1463//1638 1457//1629 
f 1461//1636 1464//1639 1458//1630 
f 1111//1634 1115//1644 1459//1631 
f 1460//1632 1455//1627 1449//1619 
f 1459//1631 1460//1632 1454//1624 
f 1458//1630 1456//1628 1450//1620 
f 1457//1629 1201//1191 1199//1189 
f 1456//1628 1457//1629 1451//1621 
f 1455//1627 1458//1630 1452//1622 
f 1109//1626 1112//1635 1453//1623 
f 1454//1624 1449//1619 1443//1610 
f 1453//1623 1454//1624 1448//1615 
f 1452//1622 1450//1620 1444//1611 
f 1451//1621 1199//1189 1197//1187 
f 1450//1620 1451//1621 1445//1612 
f 1449//1619 1452//1622 1446//1613 
f 1106//1617 1108//1625 1447//1614 
f 1448//1615 1443//1610 1437//1601 
f 1447//1614 1448//1615 1442//1606 
f 1446//1613 1444//1611 1438//1602 
f 1445//1612 1197//1187 1195//1185 
f 1444//1611 1445//1612 1439//1603 
f 1443//1610 1446//1613 1440//1604 
f 1103//1608 1107//1618 1441//1605 
f 1442//1606 1437//1601 1431//1592 
f 1441//1605 1442//1606 1436//1597 
f 1440//1604 1438//1602 1432//1593 
f 1439//1603 1195//1185 1193//1183 
f 1438//1602 1439//1603 1433//1594 
f 1437//1601 1440//1604 1434//1595 
f 1100//1599 1104//1609 1435//1596 
f 1436//1597 1431//1592 1425//1584 
f 1435//1596 1436//1597 1430//1589 
f 1434//1595 1432//1593 1426//1585 
f 1433//1594 1193//1183 1191//1181 
f 1432//1593 1433//1594 1427//1586 
f 1431//1592 1434//1595 1428//1587 
f 1097//1590 1101//1600 1429//1588 
f 1430//1589 1425//1584 1419//1575 
f 1424//1580 1423//1579 1429//1588 
f 1428//1587 1426//1585 1420//1576 
f 1427//1586 1191//1181 1189//1179 
f 1426//1585 1427//1586 1421//1577 
f 1425//1584 1428//1587 1422//1578 
f 1095//1582 1098//1591 1423//1579 
f 1424//1580 1419//1575 1412//1566 
f 1423//1579 1424//1580 1416//1570 
f 1422//1578 1420//1576 1413//1567 
f 1421//1577 1189//1179 1187//1177 
f 1420//1576 1421//1577 1414//1568 
f 1419//1575 1422//1578 1415//1569 
f 1092//1573 1096//1583 1418//1572 
f 1416//1570 1412//1566 1411//1562 
f 1410//1561 1418//1572 1416//1570 
f 1415//1569 1413//1567 1409//1560 
f 1414//1568 1187//1177 1186//1176 
f 1413//1567 1414//1568 1408//1559 
f 1412//1566 1415//1569 1407//1558 
f 1091//1565 1093//1574 1410//1561 
f 1404//1552 1417//1571 1411//1562 
f 1410//1561 1417//1571 1404//1552 
f 1401//1549 1407//1558 1409//1560 
f 1402//1550 1408//1559 1186//1176 
f 1403//1551 1409//1560 1408//1559 
f 1405//1553 1411//1562 1407//1558 
f 1086//1555 1090//1564 1406//1554 
f 1398//1543 1404//1552 1405//1553 
f 1400//1547 1406//1554 1404//1552 
f 1395//1540 1401//1549 1403//1551 
f 1396//1541 1402//1550 1185//1175 
f 1397//1542 1403//1551 1402//1550 
f 1399//1544 1405//1553 1401//1549 
f 1084//1546 1087//1556 1400//1547 
f 1391//1534 1398//1543 1399//1544 
f 1394//1537 1400//1547 1398//1543 
f 1388//1531 1395//1540 1397//1542 
f 1389//1532 1396//1541 1183//1173 
f 1390//1533 1397//1542 1396//1541 
f 1393//1536 1399//1544 1395//1540 
f 1081//1538 1085//1548 1394//1537 
f 1392//1535 1391//1534 1393//1536 
f 1386//1526 1394//1537 1391//1534 
f 1383//1523 1388//1531 1390//1533 
f 1384//1524 1389//1532 1181//1171 
f 1385//1525 1390//1533 1389//1532 
f 1387//1527 1393//1536 1388//1531 
f 1079//1529 1082//1539 1386//1526 
f 1380//1517 1392//1535 1387//1527 
f 1386//1526 1392//1535 1380//1517 
f 1377//1514 1383//1523 1385//1525 
f 1378//1515 1384//1524 1179//1169 
f 1379//1516 1385//1525 1384//1524 
f 1381//1518 1387//1527 1383//1523 
f 1076//1521 1080//1530 1382//1519 
f 1374//1509 1380//1517 1381//1518 
f 1376//1511 1382//1519 1380//1517 
f 1371//1506 1377//1514 1379//1516 
f 1372//1507 1378//1515 1177//1167 
f 1373//1508 1379//1516 1378//1515 
f 1375//1510 1381//1518 1377//1514 
f 1073//1512 1077//1522 1376//1511 
f 1368//1501 1374//1509 1375//1510 
f 1370//1503 1376//1511 1374//1509 
f 1365//1498 1371//1506 1373//1508 
f 1366//1499 1372//1507 1175//1165 
f 1367//1500 1373//1508 1372//1507 
f 1369//1502 1375//1510 1371//1506 
f 1071//1504 1074//1513 1370//1503 
f 1362//1492 1368//1501 1369//1502 
f 1364//1497 1370//1503 1368//1501 
f 1359//1489 1365//1498 1367//1500 
f 1360//1490 1366//1499 1173//1163 
f 1361//1491 1367//1500 1366//1499 
f 1363//1493 1369//1502 1365//1498 
f 1069//1495 1072//1505 1364//1497 
f 1356//1484 1362//1492 1363//1493 
f 1358//1488 1364//1497 1362//1492 
f 1353//1481 1359//1489 1361//1491 
f 1354//1482 1360//1490 1171//1161 
f 1355//1483 1361//1491 1360//1490 
f 1357//1485 1363//1493 1359//1489 
f 1067//1487 1070//1496 1358//1488 
f 1350//1476 1356//1484 1357//1485 
f 1352//1480 1358//1488 1356//1484 
f 1347//1473 1353//1481 1355//1483 
f 1348//1474 1354//1482 1169//1159 
f 1349//1475 1355//1483 1354//1482 
f 1351//1477 1357//1485 1353//1481 
f 1065//1479 1066//1486 1352//1480 
f 1344//1467 1350//1476 1351//1477 
f 1346//1469 1352//1480 1350//1476 
f 1341//1464 1347//1473 1349//1475 
f 1342//1465 1348//1474 1167//1157 
f 1343//1466 1349//1475 1348//1474 
f 1345//1468 1351//1477 1347//1473 
f 1063//1472 1064//1478 1346//1469 
f 1338//1458 1344//1467 1345//1468 
f 1340//1460 1346//1469 1344//1467 
f 1335//1455 1341//1464 1343//1466 
f 1336//1456 1342//1465 1165//1155 
f 1337//1457 1343//1466 1342//1465 
f 1339//1459 1345//1468 1341//1464 
f 1059//1462 1062//1471 1340//1460 
f 1332//1450 1338//1458 1339//1459 
f 1334//1454 1340//1460 1338//1458 
f 1329//1447 1335//1455 1337//1457 
f 1330//1448 1336//1456 1163//1153 
f 1331//1449 1337//1457 1336//1456 
f 1333//1451 1339//1459 1335//1455 
f 1057//1453 1060//1463 1334//1454 
f 1326//1442 1332//1450 1333//1451 
f 1328//1446 1334//1454 1332//1450 
f 1323//1439 1329//1447 1331//1449 
f 1324//1440 1330//1448 1161//1151 
f 1325//1441 1331//1449 1330//1448 
f 1327//1443 1333//1451 1329//1447 
f 1055//1445 1056//1452 1328//1446 
f 1320//1433 1326//1442 1327//1443 
f 1322//1435 1328//1446 1326//1442 
f 1317//1430 1323//1439 1325//1441 
f 1318//1431 1324//1440 1159//1149 
f 1319//1432 1325//1441 1324//1440 
f 1321//1434 1327//1443 1323//1439 
f 1052//1437 1054//1444 1322//1435 
f 1314//1424 1320//1433 1321//1434 
f 1316//1426 1322//1435 1320//1433 
f 1311//1421 1317//1430 1319//1432 
f 1312//1422 1318//1431 1157//1147 
f 1313//1423 1319//1432 1318//1431 
f 1315//1425 1321//1434 1317//1430 
f 1049//1428 1053//1438 1316//1426 
f 1308//1416 1314//1424 1315//1425 
f 1310//1418 1316//1426 1314//1424 
f 1305//1413 1311//1421 1313//1423 
f 1306//1414 1312//1422 1155//1145 
f 1307//1415 1313//1423 1312//1422 
f 1309//1417 1315//1425 1311//1421 
f 1047//1420 1050//1429 1310//1418 
f 1302//1408 1308//1416 1309//1417 
f 1304//1412 1310//1418 1308//1416 
f 1299//1405 1305//1413 1307//1415 
f 1300//1406 1306//1414 1153//1143 
f 1301//1407 1307//1415 1306//1414 
f 1303//1409 1309//1417 1305//1413 
f 1045//1411 1046//1419 1304//1412 
f 1296//1399 1302//1408 1303//1409 
f 1298//1401 1304//1412 1302//1408 
f 1293//1396 1299//1405 1301//1407 
f 1294//1397 1300//1406 1151//1141 
f 1295//1398 1301//1407 1300//1406 
f 1297//1400 1303//1409 1299//1405 
f 1042//1403 1044//1410 1298//1401 
f 1290//1390 1296//1399 1297//1400 
f 1292//1392 1298//1401 1296//1399 
f 1287//1387 1293//1396 1295//1398 
f 1288//1388 1294//1397 1149//1139 
f 1289//1389 1295//1398 1294//1397 
f 1291//1391 1297//1400 1293//1396 
f 1039//1394 1043//1404 1292//1392 
f 1286//1383 1290//1390 1291//1391 
f 1285//1382 1292//1392 1290//1390 
f 1284//1381 1287//1387 1289//1389 
f 1283//1380 1288//1388 1147//1137 
f 1282//1379 1289//1389 1288//1388 
f 1280//1377 1291//1391 1287//1387 
f 1036//1385 1040//1395 1285//1382 
f 1286//1383 1280//1377 1275//1370 
f 1285//1382 1286//1383 1279//1374 
f 1284//1381 1282//1379 1281//1378 
f 1283//1380 1143//1133 1142//1132 
f 1282//1379 1283//1380 1276//1371 
f 1280//1377 1284//1381 1277//1372 
f 1034//1376 1037//1386 1278//1373 
f 1279//1374 1275//1370 1269//1361 
f 1278//1373 1279//1374 1274//1366 
f 1277//1372 1281//1378 1270//1362 
f 1271//1363 1276//1371 1142//1132 
f 1270//1362 1281//1378 1276//1371 
f 1275//1370 1277//1372 1272//1364 
f 1031//1368 1033//1375 1273//1365 
f 1274//1366 1269//1361 1267//1356 
f 1273//1365 1274//1366 1266//1352 
f 1272//1364 1270//1362 1263//1347 
f 1271//1363 1139//1129 1138//1128 
f 1270//1362 1271//1363 1264//1348 
f 1269//1361 1272//1364 1265//1351 
f 1029//1359 1032//1369 1268//1357 
f 1266//1352 1267//1356 373//1355 
f 378//1354 1268//1357 1266//1352 
f 1265//1351 1263//1347 377//1349 
f 376//1345 1264//1348 1138//1128 
f 375//1346 377//1349 1263//1347 
f 1267//1356 1265//1351 374//1350 
f 149//1342 1262//1340 257//1343 
f 148//1339 1261//1337 1262//1340 
f 147//1338 146//1335 1260//1334 
f 145//1336 142//1333 1259//1331 
f 141//1332 143//1330 1258//1329 
f 139//1328 138//1324 1256//1323 
f 140//1325 137//1322 1257//1326 
f 1255//1319 1257//1326 137//1322 
f 136//1320 133//1318 1254//1317 
f 131//1316 130//1312 1253//1311 
f 132//1314 127//1307 1251//1306 
f 128//1310 124//1305 1252//1309 
f 1250//1302 1252//1309 124//1305 
f 125//1303 121//1989 1249//1299 
f 1249//1299 121//1989 120//1300 
f 116//1298 117//1294 1247//1292 
f 115//1295 113//1290 1246//1289 
f 114//1291 112//1287 1245//1286 
f 111//1288 109//1285 1244//1283 
f 107//1284 108//1282 1243//1279 
f 104//1281 106//1278 1242//1276 
f 105//1277 103//1990 1241//1273 
f 1241//1273 103//1990 102//1274 
f 97//1272 99//1269 1239//1267 
f 100//1268 96//1264 1237//1263 
f 95//1265 94//1260 1238//1266 
f 1236//1257 1238//1266 94//1260 
f 88//1259 90//1256 1235//1254 
f 91//1255 87//1252 1234//1251 
f 86//1253 85//1250 1233//1248 
f 83//1249 82//1247 1232//1244 
f 81//1246 79//1242 1231//1241 
f 80//1243 77//1991 1230//1240 
f 1230//1240 77//1991 76//1239 
f 74//1237 73//1235 1228//1234 
f 72//1233 71//1230 1227//1229 
f 70//1231 69//1992 1226//1228 
f 1226//1228 69//1992 67//1227 
f 66//1225 65//1223 1224//1222 
f 64//1220 1223//1219 1224//1222 
f 251//1221 253//1217 1222//1216 
f 252//1218 249//1213 1221//1212 
f 248//1214 247//1993 258//1215 
f 255//1211 254//1985 1220//1210 
f 1219//1209 1220//1210 1218//1208 
f 1217//1207 1218//1208 1216//1206 
f 1215//1205 1216//1206 1214//1204 
f 1213//1203 1214//1204 1212//1202 
f 1211//1201 1212//1202 1210//1200 
f 1209//1199 1210//1200 1208//1198 
f 1207//1197 1208//1198 1206//1196 
f 1205//1195 1206//1196 1204//1194 
f 1203//1193 1204//1194 1202//1192 
f 1201//1191 1202//1192 1200//1190 
f 1199//1189 1200//1190 1198//1188 
f 1197//1187 1198//1188 1196//1186 
f 1195//1185 1196//1186 1194//1184 
f 1193//1183 1194//1184 1192//1182 
f 1191//1181 1192//1182 1190//1180 
f 1189//1179 1190//1180 1188//1178 
f 1187//1177 1188//1178 1184//1174 
f 1185//1175 1186//1176 1184//1174 
f 1183//1173 1185//1175 1182//1172 
f 1181//1171 1183//1173 1180//1170 
f 1179//1169 1181//1171 1178//1168 
f 1177//1167 1179//1169 1176//1166 
f 1175//1165 1177//1167 1174//1164 
f 1173//1163 1175//1165 1172//1162 
f 1171//1161 1173//1163 1170//1160 
f 1169//1159 1171//1161 1168//1158 
f 1167//1157 1169//1159 1166//1156 
f 1165//1155 1167//1157 1164//1154 
f 1163//1153 1165//1155 1162//1152 
f 1161//1151 1163//1153 1160//1150 
f 1159//1149 1161//1151 1158//1148 
f 1157//1147 1159//1149 1156//1146 
f 1155//1145 1157//1147 1154//1144 
f 1153//1143 1155//1145 1152//1142 
f 1151//1141 1153//1143 1150//1140 
f 1149//1139 1151//1141 1148//1138 
f 1147//1137 1149//1139 1146//1136 
f 1143//1133 1147//1137 1144//1134 
f 1143//1133 1145//1135 1140//1130 
f 1139//1129 1142//1132 1140//1130 
f 1139//1129 1141//1131 1137//1125 
f 256//1127 376//1345 1138//1128 
o mesh5
f 1034//1994 1767//1995 1768//1996 
f 1033//1997 1769//1998 1767//1995 
f 1033//1997 1770//1999 1769//1998 
f 1767//1995 1034//1994 1033//1997 
f 1770//1999 1031//2000 1030//2001 
f 1030//2001 1771//2002 1770//1999 
f 1030//2001 1032//2003 1772//2004 
f 1029//2005 1773//2006 1772//2004 
f 1772//2004 1032//2003 1029//2005 
f 1029//2005 1774//2007 1775//2008 
f 379//2009 1776//2010 1774//2007 
f 1774//2007 1029//2005 1028//2011 
f 1028//2011 396//2012 1774//2007 
f 1774//2007 396//2012 379//2009 
f 1777//2013 1778//2014 380//2015 
f 380//2015 371//2016 1777//2013 
f 380//2015 1778//2014 1776//2010 
f 1776//2010 379//2009 380//2015 
f 370//2017 372//2018 1779//2019 
f 368//2020 1780//2021 1779//2019 
f 1779//2019 372//2018 368//2020 
f 1781//2022 1780//2021 368//2020 
f 366//2023 1782//2024 1781//2022 
f 1781//2022 369//2025 366//2023 
f 1783//2026 1782//2024 366//2023 
f 366//2023 367//2027 1783//2026 
f 363//2028 1784//2029 1783//2026 
f 1783//2026 365//2030 363//2028 
f 1785//2031 1786//2032 364//2033 
f 364//2033 361//2034 1785//2031 
f 364//2033 1786//2032 1784//2029 
f 1784//2029 363//2028 364//2033 
f 360//2035 1787//2036 1785//2031 
f 362//2037 1788//2038 1787//2036 
f 362//2037 358//2039 1789//2040 
f 1789//2040 1788//2038 362//2037 
f 1790//2041 1789//2040 358//2039 
f 1791//2042 1790//2041 359//2043 
f 1790//2041 357//2044 359//2043 
f 359//2043 355//2045 1791//2042 
f 355//2045 356//2046 1792//2047 
f 353//2048 1793//2049 1792//2047 
f 1792//2047 356//2046 353//2048 
f 353//2048 354//2050 1794//2051 
f 354//2050 351//2052 1795//2053 
f 1795//2053 1794//2051 354//2050 
f 350//2054 1796//2055 1795//2053 
f 1795//2053 351//2052 350//2054 
f 352//2056 1797//2057 1796//2055 
f 352//2056 348//2058 1798//2059 
f 1798//2059 1797//2057 352//2056 
f 1799//2060 1798//2059 348//2058 
f 345//2061 1800//2062 1799//2060 
f 1799//2060 347//2063 349//2064 
f 1799//2060 349//2064 345//2061 
f 346//2065 1801//2066 1802//2067 
f 1802//2067 345//2061 346//2065 
f 343//2068 1803//2069 1801//2066 
f 1801//2066 346//2065 343//2068 
f 343//2068 344//2070 1804//2071 
f 1805//2072 1804//2071 344//2070 
f 344//2070 341//2073 1805//2072 
f 341//2073 340//2074 1805//2072 
f 340//2074 1806//2075 1805//2072 
f 1807//2076 1808//2077 342//2078 
f 342//2078 337//2079 1807//2076 
f 342//2078 1808//2077 1806//2075 
f 1806//2075 340//2074 342//2078 
f 338//2080 1809//2081 1810//2082 
f 1811//2083 1809//2081 338//2080 
f 338//2080 335//2084 1811//2083 
f 1810//2082 339//2085 338//2080 
f 1812//2086 1811//2083 335//2084 
f 1812//2086 334//2087 336//2088 
f 336//2088 1813//2089 1812//2086 
f 332//2090 1814//2091 1813//2089 
f 1813//2089 336//2088 332//2090 
f 332//2090 333//2092 1815//2093 
f 1815//2093 333//2092 330//2094 
f 330//2094 1816//2095 1815//2093 
f 329//2096 1817//2097 1816//2095 
f 1816//2095 330//2094 329//2096 
f 329//2096 331//2098 1818//2099 
f 1819//2100 1818//2099 331//2098 
f 331//2098 327//2101 1819//2100 
f 1820//2102 1819//2100 327//2101 
f 328//2103 1821//2104 1820//2102 
f 324//2105 1822//2106 1821//2104 
f 1821//2104 328//2103 324//2105 
f 1820//2102 326//2107 328//2103 
f 1822//2106 324//2105 323//2108 
f 323//2108 1823//2109 1822//2106 
f 322//2110 1824//2111 1823//2109 
f 1823//2109 325//2112 322//2110 
f 1825//2113 1826//2114 321//2115 
f 321//2115 320//2116 1825//2113 
f 322//2110 321//2115 1826//2114 
f 1826//2114 1824//2111 322//2110 
f 319//2117 1827//2118 1828//2119 
f 1829//2120 1827//2118 319//2117 
f 319//2117 316//2121 1829//2120 
f 1828//2119 318//2122 319//2117 
f 1829//2120 316//2121 315//2123 
f 317//2124 1830//2125 1831//2126 
f 314//2127 1832//2128 1830//2125 
f 1830//2125 317//2124 314//2127 
f 1831//2126 315//2123 317//2124 
f 314//2127 313//2129 1833//2130 
f 313//2129 312//2131 1834//2132 
f 1834//2132 1833//2130 313//2129 
f 312//2131 1835//2133 1834//2132 
f 312//2131 311//2134 1836//2135 
f 311//2134 1837//2136 1836//2135 
f 1836//2135 1835//2133 312//2131 
f 309//2137 308//2138 1838//2139 
f 310//2140 1839//2141 1840//2142 
f 1840//2142 308//2138 310//2140 
f 1840//2142 1838//2139 308//2138 
f 310//2140 306//2143 1839//2141 
f 306//2143 305//2144 1841//2145 
f 307//2146 1842//2147 1841//2145 
f 1841//2145 305//2144 307//2146 
f 304//2148 1843//2149 1844//2150 
f 1844//2150 303//2151 304//2148 
f 1842//2147 307//2146 303//2151 
f 1845//2152 1843//2149 304//2148 
f 302//2153 301//2154 1846//2155 
f 301//2154 1847//2156 1846//2155 
f 1846//2155 1845//2152 302//2153 
f 301//2154 299//2157 1847//2156 
f 299//2157 298//2158 1848//2159 
f 300//2160 1849//2161 1848//2159 
f 1848//2159 298//2158 300//2160 
f 300//2160 297//2162 1849//2161 
f 297//2162 295//2163 1850//2164 
f 295//2163 1851//2165 1850//2164 
f 296//2166 293//2167 1852//2168 
f 1851//2165 295//2163 296//2166 
f 293//2167 1853//2169 1852//2168 
f 293//2167 294//2170 1854//2171 
f 290//2172 1855//2173 1854//2171 
f 1854//2171 294//2170 291//2174 
f 1854//2171 291//2174 290//2172 
f 292//2175 287//2176 1856//2177 
f 1855//2173 290//2172 292//2175 
f 1856//2177 287//2176 289//2178 
f 289//2178 1857//2179 1856//2177 
f 285//2180 1858//2181 1859//2182 
f 1859//2182 289//2178 288//2183 
f 1859//2182 288//2183 285//2180 
f 286//2184 283//2185 1860//2186 
f 1858//2181 285//2180 286//2184 
f 283//2185 1861//2187 1860//2186 
f 283//2185 284//2188 1862//2189 
f 1862//2189 281//2190 280//2191 
f 1862//2189 284//2188 281//2190 
f 280//2191 1863//2192 1862//2189 
f 1863//2192 280//2191 282//2193 
f 282//2193 1864//2194 1863//2192 
f 1864//2194 277//2195 279//2196 
f 279//2196 1865//2197 1864//2194 
f 275//2198 1866//2199 1867//2200 
f 1867//2200 279//2196 278//2201 
f 1867//2200 278//2201 275//2198 
f 276//2202 274//2203 1868//2204 
f 1866//2199 275//2198 276//2202 
f 1868//2204 1866//2199 276//2202 
f 1867//2200 1865//2197 279//2196 
f 282//2193 277//2195 1864//2194 
f 1862//2189 1861//2187 283//2185 
f 1860//2186 1858//2181 286//2184 
f 1859//2182 1857//2179 289//2178 
f 1856//2177 1855//2173 292//2175 
f 1854//2171 1853//2169 293//2167 
f 1852//2168 1851//2165 296//2166 
f 1850//2164 1849//2161 297//2162 
f 1848//2159 1847//2156 299//2157 
f 304//2148 302//2153 1845//2152 
f 1844//2150 1842//2147 303//2151 
f 1841//2145 1839//2141 306//2143 
f 1838//2139 1837//2136 309//2137 
f 311//2134 309//2137 1837//2136 
f 1833//2130 1832//2128 314//2127 
f 315//2123 1831//2126 1829//2120 
f 1828//2119 1825//2113 318//2122 
f 320//2116 318//2122 1825//2113 
f 323//2108 325//2112 1823//2109 
f 327//2101 326//2107 1820//2102 
f 1818//2099 1817//2097 329//2096 
f 1815//2093 1814//2091 332//2090 
f 335//2084 334//2087 1812//2086 
f 1810//2082 1807//2076 339//2085 
f 337//2079 339//2085 1807//2076 
f 1804//2071 1803//2069 343//2068 
f 1802//2067 1800//2062 345//2061 
f 348//2058 347//2063 1799//2060 
f 1796//2055 350//2054 352//2056 
f 1794//2051 1793//2049 353//2048 
f 1792//2047 1791//2042 355//2045 
f 358//2039 357//2044 1790//2041 
f 1787//2036 360//2035 362//2037 
f 361//2034 360//2035 1785//2031 
f 367//2027 365//2030 1783//2026 
f 368//2020 369//2025 1781//2022 
f 1779//2019 1777//2013 370//2017 
f 371//2016 370//2017 1777//2013 
f 1775//2008 1773//2006 1029//2005 
f 1772//2004 1771//2002 1030//2001 
f 1033//1997 1031//2000 1770//1999 
f 1768//1996 1037//2205 1034//1994 
o mesh6
f 272//2206 1869//2207 1868//2208 
f 272//2206 271//2209 1870//2210 
f 1870//2210 1871//2211 272//2206 
f 1870//2210 271//2209 273//2212 
f 273//2212 1872//2213 1870//2210 
f 273//2212 270//2214 1872//2213 
f 269//2215 1873//2216 1874//2217 
f 1874//2217 270//2214 269//2215 
f 1874//2217 1872//2213 270//2214 
f 267//2218 266//2219 1875//2220 
f 268//2221 1876//2222 1875//2220 
f 1876//2222 268//2221 1136//2223 
f 1136//2223 1877//2224 1876//2222 
f 1875//2220 266//2219 268//2221 
f 1136//2223 1135//2225 1878//2226 
f 1134//2227 1879//2228 1878//2226 
f 1878//2226 1135//2225 1134//2227 
f 1133//2229 1131//2230 1880//2231 
f 1879//2228 1134//2227 1133//2229 
f 1131//2230 1881//2232 1880//2231 
f 1129//2233 1882//2234 1883//2235 
f 1883//2235 1131//2230 1130//2236 
f 1130//2236 1132//2237 1883//2235 
f 1883//2235 1132//2237 1129//2233 
f 1128//2238 1884//2239 1882//2234 
f 1128//2238 1126//2240 1885//2241 
f 1885//2241 1884//2239 1128//2238 
f 1124//2242 1886//2243 1887//2244 
f 1887//2244 1127//2245 1124//2242 
f 1127//2245 1887//2244 1888//2246 
f 1888//2246 1126//2240 1127//2245 
f 1124//2242 1123//2247 1886//2243 
f 1123//2247 1125//2248 1889//2249 
f 1890//2250 1889//2249 1125//2248 
f 1125//2248 1121//2251 1890//2250 
f 1122//2252 1119//2253 1891//2254 
f 1890//2250 1121//2251 1120//2255 
f 1120//2255 1122//2252 1890//2250 
f 1119//2253 1892//2256 1891//2254 
f 1118//2257 1893//2258 1892//2256 
f 1118//2257 1117//2259 1894//2260 
f 1894//2260 1893//2258 1118//2257 
f 1116//2261 1895//2262 1896//2263 
f 1114//2264 1897//2265 1895//2262 
f 1895//2262 1116//2261 1114//2264 
f 1114//2264 1113//2266 1897//2265 
f 1896//2263 1117//2259 1116//2261 
f 1113//2266 1115//2267 1898//2268 
f 1111//2269 1899//2270 1898//2268 
f 1898//2268 1115//2267 1111//2269 
f 1112//2271 1109//2272 1900//2273 
f 1901//2274 1899//2270 1111//2269 
f 1111//2269 1110//2275 1901//2274 
f 1110//2275 1112//2271 1901//2274 
f 1109//2272 1902//2276 1900//2273 
f 1108//2277 1903//2278 1902//2276 
f 1904//2279 1903//2278 1106//2280 
f 1903//2278 1108//2277 1106//2280 
f 1106//2280 1105//2281 1904//2279 
f 1105//2281 1107//2282 1905//2283 
f 1906//2284 1907//2285 1107//2282 
f 1107//2282 1103//2286 1906//2284 
f 1907//2285 1905//2283 1107//2282 
f 1102//2287 1104//2288 1908//2289 
f 1906//2284 1103//2286 1102//2287 
f 1104//2288 1909//2290 1908//2289 
f 1100//2291 1910//2292 1909//2290 
f 1909//2290 1104//2288 1100//2291 
f 1911//2293 1910//2292 1100//2291 
f 1101//2294 1097//2295 1912//2296 
f 1911//2293 1099//2297 1101//2294 
f 1912//2296 1911//2293 1101//2294 
f 1097//2295 1913//2298 1912//2296 
f 1097//2295 1098//2299 1914//2300 
f 1915//2301 1914//2300 1098//2299 
f 1098//2299 1095//2302 1915//2301 
f 1094//2303 1916//2304 1917//2305 
f 1917//2305 1095//2302 1094//2303 
f 1096//2306 1092//2307 1918//2308 
f 1918//2308 1916//2304 1096//2306 
f 1094//2303 1096//2306 1916//2304 
f 1092//2307 1093//2309 1919//2310 
f 1920//2311 1921//2312 1091//2313 
f 1921//2312 1093//2309 1091//2313 
f 1091//2313 1089//2314 1920//2311 
f 1921//2312 1919//2310 1093//2309 
f 1089//2314 1090//2315 1922//2316 
f 1090//2315 1923//2317 1922//2316 
f 1086//2318 1924//2319 1923//2317 
f 1923//2317 1090//2315 1086//2318 
f 1086//2318 1088//2320 1924//2319 
f 1088//2320 1087//2321 1925//2322 
f 1926//2323 1925//2322 1087//2321 
f 1087//2321 1084//2324 1926//2323 
f 1084//2324 1083//2325 1927//2326 
f 1928//2327 1929//2328 1085//2329 
f 1929//2328 1083//2325 1085//2329 
f 1085//2329 1081//2330 1928//2327 
f 1929//2328 1927//2326 1083//2325 
f 1081//2330 1082//2331 1930//2332 
f 1082//2331 1931//2333 1930//2332 
f 1931//2333 1079//2334 1078//2335 
f 1931//2333 1082//2331 1079//2334 
f 1078//2335 1932//2336 1931//2333 
f 1078//2335 1080//2337 1933//2338 
f 1080//2337 1076//2339 1934//2340 
f 1934//2340 1933//2338 1080//2337 
f 1076//2339 1935//2341 1934//2340 
f 1075//2342 1077//2343 1936//2344 
f 1935//2341 1076//2339 1075//2342 
f 1077//2343 1073//2345 1937//2346 
f 1937//2346 1936//2344 1077//2343 
f 1938//2347 1939//2348 1074//2349 
f 1939//2348 1073//2345 1074//2349 
f 1074//2349 1071//2350 1938//2347 
f 1072//2351 1940//2352 1941//2353 
f 1941//2353 1071//2350 1072//2351 
f 1069//2354 1942//2355 1940//2352 
f 1940//2352 1072//2351 1069//2354 
f 1069//2354 1068//2356 1942//2355 
f 1068//2356 1943//2357 1944//2358 
f 1067//2359 1945//2360 1943//2357 
f 1943//2357 1068//2356 1070//2361 
f 1943//2357 1070//2361 1067//2359 
f 1066//2362 1946//2363 1945//2360 
f 1066//2362 1065//2364 1947//2365 
f 1947//2365 1946//2363 1066//2362 
f 1065//2364 1064//2366 1948//2367 
f 1949//2368 1948//2367 1064//2366 
f 1064//2366 1063//2369 1949//2368 
f 1063//2369 1061//2370 1949//2368 
f 1061//2370 1062//2371 1950//2372 
f 1950//2372 1951//2373 1061//2370 
f 1059//2374 1952//2375 1950//2372 
f 1950//2372 1062//2371 1059//2374 
f 1953//2376 1954//2377 1060//2378 
f 1954//2377 1952//2375 1059//2374 
f 1059//2374 1058//2379 1954//2377 
f 1058//2379 1060//2378 1954//2377 
f 1056//2380 1955//2381 1956//2382 
f 1956//2382 1057//2383 1056//2380 
f 1056//2380 1055//2384 1955//2381 
f 1055//2384 1054//2385 1957//2386 
f 1958//2387 1957//2386 1054//2385 
f 1054//2385 1052//2388 1958//2387 
f 1051//2389 1053//2390 1959//2391 
f 1958//2387 1052//2388 1051//2389 
f 1049//2392 1960//2393 1959//2391 
f 1959//2391 1053//2390 1049//2392 
f 1960//2393 1048//2394 1050//2395 
f 1960//2393 1049//2392 1048//2394 
f 1050//2395 1047//2396 1961//2397 
f 1961//2397 1962//2398 1050//2395 
f 1963//2399 1046//2400 1045//2401 
f 1963//2399 1047//2396 1046//2400 
f 1045//2401 1964//2402 1963//2399 
f 1963//2399 1965//2403 1047//2396 
f 1045//2401 1044//2404 1966//2405 
f 1967//2406 1966//2405 1044//2404 
f 1044//2404 1042//2407 1967//2406 
f 1041//2408 1043//2409 1968//2410 
f 1967//2406 1042//2407 1041//2408 
f 1039//2411 1969//2412 1968//2410 
f 1968//2410 1043//2409 1039//2411 
f 1038//2413 1040//2414 1970//2415 
f 1969//2412 1039//2411 1038//2413 
f 1040//2414 1036//2416 1971//2417 
f 1971//2417 1970//2415 1040//2414 
f 1035//2418 1768//2419 1972//2420 
f 1972//2420 1036//2416 1035//2418 
f 1035//2418 1037//2421 1768//2419 
f 1972//2420 1971//2417 1036//2416 
f 1970//2415 1969//2412 1038//2413 
f 1968//2410 1967//2406 1041//2408 
f 1966//2405 1964//2402 1045//2401 
f 1965//2403 1961//2397 1047//2396 
f 1050//2395 1962//2398 1960//2393 
f 1959//2391 1958//2387 1051//2389 
f 1957//2386 1955//2381 1055//2384 
f 1956//2382 1953//2376 1057//2383 
f 1060//2378 1057//2383 1953//2376 
f 1951//2373 1949//2368 1061//2370 
f 1948//2367 1947//2365 1065//2364 
f 1945//2360 1067//2359 1066//2362 
f 1944//2358 1942//2355 1068//2356 
f 1941//2353 1938//2347 1071//2350 
f 1939//2348 1937//2346 1073//2345 
f 1936//2344 1935//2341 1075//2342 
f 1933//2338 1932//2336 1078//2335 
f 1930//2332 1928//2327 1081//2330 
f 1927//2326 1926//2323 1084//2324 
f 1925//2322 1924//2319 1088//2320 
f 1922//2316 1920//2311 1089//2314 
f 1919//2310 1918//2308 1092//2307 
f 1917//2305 1915//2301 1095//2302 
f 1914//2300 1913//2298 1097//2295 
f 1100//2291 1099//2297 1911//2293 
f 1908//2289 1906//2284 1102//2287 
f 1905//2283 1904//2279 1105//2281 
f 1902//2276 1109//2272 1108//2277 
f 1900//2273 1901//2274 1112//2271 
f 1898//2268 1897//2265 1113//2266 
f 1896//2263 1894//2260 1117//2259 
f 1892//2256 1119//2253 1118//2257 
f 1891//2254 1890//2250 1122//2252 
f 1889//2249 1886//2243 1123//2247 
f 1888//2246 1885//2241 1126//2240 
f 1882//2234 1129//2233 1128//2238 
f 1883//2235 1881//2232 1131//2230 
f 1880//2231 1879//2228 1133//2229 
f 1878//2226 1877//2224 1136//2223 
f 1875//2220 1873//2216 267//2218 
f 269//2215 267//2218 1873//2216 
f 1871//2211 1869//2207 272//2206 
f 1868//2208 274//2422 272//2206 
o mesh7
f 1973//2423 1974//2424 2051//2425 
f 2052//2426 2051//2425 2053//2427 
f 2054//2428 2055//2429 2053//2427 
f 2056//2430 2054//2428 2057//2431 
f 2058//2432 2056//2430 2059//2433 
f 2060//2434 2058//2432 2061//2435 
f 2062//2436 2060//2434 2063//2437 
f 2064//2438 2062//2436 2065//2439 
f 2066//2440 2064//2438 2067//2441 
f 2068//2442 2066//2440 2069//2443 
f 2070//2444 2068//2442 2071//2445 
f 2072//2446 2070//2444 2073//2447 
f 2074//2448 2072//2446 2075//2449 
f 2076//2450 2074//2448 2077//2451 
f 2078//2452 2076//2450 2079//2453 
f 2080//2454 2078//2452 2081//2455 
f 2082//2456 2080//2454 2083//2457 
f 2084//2458 2082//2456 2085//2459 
f 2086//2460 2084//2458 2087//2461 
f 2088//2462 2086//2460 2089//2463 
f 2090//2464 2088//2462 2091//2465 
f 2092//2466 2090//2464 2093//2467 
f 2094//2468 2092//2466 2095//2469 
f 2096//2470 2094//2468 2097//2471 
f 2098//2472 2096//2470 2099//2473 
f 2098//2472 2100//2474 2101//2475 
f 2102//2476 2101//2475 2103//2477 
f 2104//2478 2103//2477 2105//2479 
f 2106//2480 2105//2479 2107//2481 
f 2108//2482 2107//2481 2109//2483 
f 2110//2484 2109//2483 2111//2485 
f 2112//2486 2111//2485 2113//2487 
f 2114//2488 2113//2487 2115//2489 
f 2116//2490 2115//2489 2117//2491 
f 2118//2492 2117//2491 2119//2493 
f 2120//2494 2119//2493 2121//2495 
f 2122//2496 2121//2495 2123//2497 
f 2124//2498 2123//2497 2125//2499 
f 2126//2500 2125//2499 2127//2501 
f 2128//2502 2127//2501 2129//2503 
f 2130//2504 2129//2503 2131//2505 
f 2132//2506 2131//2505 2133//2507 
f 2134//2508 2133//2507 2135//2509 
f 2136//2510 2135//2509 1975//2511 
f 1976//2512 2137//2513 1771//2514 
f 2137//2513 1769//2515 1770//2516 
f 1770//2516 1771//2514 2137//2513 
f 2137//2513 2138//2517 1767//2518 
f 2138//2517 1768//2519 1767//2518 
f 2138//2517 2139//2520 1972//2521 
f 2139//2520 1971//2522 1972//2521 
f 2139//2520 1970//2523 1971//2522 
f 2139//2520 2140//2524 1969//2525 
f 2140//2524 1968//2526 1969//2525 
f 2141//2527 1967//2528 1968//2526 
f 2141//2527 1966//2529 1967//2528 
f 2142//2530 1964//2531 1966//2529 
f 2142//2530 1963//2532 1964//2531 
f 2142//2530 2143//2533 1965//2534 
f 2143//2533 1961//2535 1965//2534 
f 2143//2533 1962//2536 1961//2535 
f 2143//2533 2144//2537 1960//2538 
f 2144//2537 1959//2539 1960//2538 
f 2145//2540 1958//2541 1959//2539 
f 2145//2540 1957//2542 1958//2541 
f 2146//2543 2147//2544 1956//2545 
f 1956//2545 1955//2546 2146//2543 
f 2148//2547 1954//2548 1953//2549 
f 1953//2549 2147//2544 2148//2547 
f 2149//2550 1951//2551 1950//2552 
f 1950//2552 2148//2547 2149//2550 
f 1950//2552 1952//2553 2148//2547 
f 2149//2550 2150//2554 1948//2555 
f 1948//2555 1949//2556 2149//2550 
f 2151//2557 1946//2558 1947//2559 
f 1947//2559 2150//2554 2151//2557 
f 2152//2560 1944//2561 1943//2562 
f 1943//2562 2151//2557 2152//2560 
f 1943//2562 1945//2563 2151//2557 
f 2153//2564 1940//2565 1942//2566 
f 2153//2564 1941//2567 1940//2565 
f 1942//2566 2152//2560 2153//2564 
f 2154//2568 1939//2569 1938//2570 
f 1938//2570 2153//2564 2154//2568 
f 2155//2571 1936//2572 1937//2573 
f 1937//2573 2154//2568 2155//2571 
f 2155//2571 2156//2574 1935//2575 
f 2156//2574 1933//2576 1934//2577 
f 1934//2577 1935//2575 2156//2574 
f 1930//2578 1931//2579 1932//2580 
f 1932//2580 2156//2574 1930//2578 
f 1932//2580 1933//2576 2156//2574 
f 2157//2581 1929//2582 1928//2583 
f 1928//2583 2158//2584 2157//2581 
f 2157//2581 1926//2585 1927//2586 
f 2159//2587 1925//2588 1926//2585 
f 1926//2585 2157//2581 2159//2587 
f 2159//2587 2160//2589 1924//2590 
f 2160//2589 1922//2591 1923//2592 
f 1923//2592 1924//2590 2160//2589 
f 2161//2593 1921//2594 1920//2595 
f 1920//2595 2160//2589 2161//2593 
f 2162//2596 1916//2597 1918//2598 
f 1918//2598 2161//2593 2162//2596 
f 1918//2598 1919//2599 2161//2593 
f 2162//2596 1915//2600 1917//2601 
f 2163//2602 1914//2603 1915//2600 
f 1915//2600 2162//2596 2163//2602 
f 2163//2602 2164//2604 1913//2605 
f 2164//2604 1911//2606 1912//2607 
f 1912//2607 1913//2605 2164//2604 
f 1908//2608 1909//2609 1910//2610 
f 1910//2610 2164//2604 1908//2608 
f 1910//2610 1911//2606 2164//2604 
f 2165//2611 1907//2612 1906//2613 
f 1906//2613 2166//2614 2165//2611 
f 2167//2615 1903//2616 1904//2617 
f 1904//2617 2165//2611 2167//2615 
f 1904//2617 1905//2618 2165//2611 
f 2167//2615 2168//2619 1902//2620 
f 2168//2619 1901//2621 1900//2622 
f 1900//2622 1902//2620 2168//2619 
f 2168//2619 2169//2623 1899//2624 
f 2169//2623 1898//2625 1899//2624 
f 2170//2626 1895//2627 1897//2628 
f 1897//2628 2169//2623 2170//2626 
f 2170//2626 2171//2629 1894//2630 
f 1894//2630 1896//2631 2170//2626 
f 2171//2629 1893//2632 1894//2630 
f 2171//2629 2172//2633 1892//2634 
f 2172//2633 1891//2635 1892//2634 
f 2172//2633 2173//2636 1890//2637 
f 2173//2636 1889//2638 1890//2637 
f 2173//2636 2174//2639 1886//2640 
f 2174//2639 1887//2641 1886//2640 
f 2174//2639 2175//2642 1888//2643 
f 2175//2642 1885//2644 1888//2643 
f 2175//2642 1884//2645 1885//2644 
f 2175//2642 2176//2646 1882//2647 
f 2176//2646 1883//2648 1882//2647 
f 1881//2649 1883//2648 2176//2646 
f 2177//2650 1880//2651 1881//2649 
f 2177//2650 2178//2652 1879//2653 
f 2178//2652 1878//2654 1879//2653 
f 2178//2652 2179//2655 1877//2656 
f 2179//2655 1876//2657 1877//2656 
f 1876//2657 2179//2655 1977//2658 
f 2180//2659 2181//2660 1978//2661 
f 1979//2662 1978//2661 2181//2660 
f 2051//2425 1974//2424 1979//2662 
f 2180//2659 1980//2663 1981//2664 
f 2181//2660 2180//2659 2182//2665 
f 2051//2425 2181//2660 2183//2666 
f 2182//2665 2180//2659 1982//2667 
f 2180//2659 1983//2667 1982//2667 
f 2184//2668 2183//2666 2182//2665 
f 2057//2431 2053//2427 2183//2666 
f 2182//2665 1984//2667 1985//2669 
f 2185//2670 2184//2668 2186//2671 
f 2059//2433 2057//2431 2184//2668 
f 1986//2672 2187//2673 2186//2671 
f 2188//2674 2185//2670 2187//2673 
f 2061//2435 2059//2433 2185//2670 
f 1986//2672 1987//2675 2189//2676 
f 2190//2677 2188//2674 2189//2676 
f 2063//2437 2061//2435 2188//2674 
f 2191//2678 2189//2676 1987//2675 
f 2192//2679 2190//2677 2191//2678 
f 2065//2439 2063//2437 2190//2677 
f 2191//2678 1988//2680 1989//2680 
f 2193//2681 2192//2679 2194//2682 
f 2067//2441 2065//2439 2192//2679 
f 1990//2683 2195//2684 2194//2682 
f 2196//2685 2193//2681 2195//2684 
f 2069//2443 2067//2441 2193//2681 
f 1990//2683 1991//2686 2197//2687 
f 2198//2688 2196//2685 2197//2687 
f 2071//2445 2069//2443 2196//2685 
f 2199//2689 2197//2687 1992//2690 
f 2197//2687 1991//2686 1992//2690 
f 2200//2691 2198//2688 2199//2689 
f 2073//2447 2071//2445 2198//2688 
f 2199//2689 1993//2690 1994//2690 
f 2201//2692 2200//2691 2202//2693 
f 2075//2449 2073//2447 2200//2691 
f 1995//2694 2203//2695 2202//2693 
f 2204//2696 2201//2692 2203//2695 
f 2077//2451 2075//2449 2201//2692 
f 2205//2697 2203//2695 1995//2694 
f 2206//2698 2204//2696 2205//2697 
f 2079//2453 2077//2451 2204//2696 
f 2205//2697 1996//2699 1997//2699 
f 1997//2699 2207//2700 2205//2697 
f 2208//2701 2206//2698 2207//2700 
f 2081//2455 2079//2453 2206//2698 
f 2207//2700 1998//2702 1999//2702 
f 2209//2703 2208//2701 2210//2704 
f 2083//2457 2081//2455 2208//2701 
f 2211//2705 2210//2704 2000//2706 
f 2210//2704 1999//2702 2000//2706 
f 2212//2707 2209//2703 2211//2705 
f 2085//2459 2083//2457 2209//2703 
f 2211//2705 2001//2706 2002//2708 
f 2002//2708 2213//2709 2211//2705 
f 2214//2710 2212//2707 2213//2709 
f 2087//2461 2085//2459 2212//2707 
f 2215//2711 2213//2709 2003//2712 
f 2216//2713 2214//2710 2215//2711 
f 2089//2463 2087//2461 2214//2710 
f 2217//2714 2215//2711 2004//2715 
f 2215//2711 2005//2716 2004//2715 
f 2218//2717 2216//2713 2217//2714 
f 2091//2465 2089//2463 2216//2713 
f 2217//2714 2006//2716 2007//2718 
f 2007//2718 2219//2719 2217//2714 
f 2220//2720 2218//2717 2219//2719 
f 2093//2467 2091//2465 2218//2717 
f 2219//2719 2008//2721 2009//2722 
f 2221//2723 2220//2720 2222//2724 
f 2095//2469 2093//2467 2220//2720 
f 2010//2725 2223//2726 2222//2724 
f 2224//2727 2221//2723 2223//2726 
f 2097//2471 2095//2469 2221//2723 
f 2225//2728 2223//2726 2011//2729 
f 2223//2726 2010//2725 2011//2729 
f 2226//2730 2224//2727 2225//2728 
f 2099//2473 2097//2471 2224//2727 
f 2225//2728 2012//2731 2013//2732 
f 2013//2732 2227//2733 2225//2728 
f 2228//2734 2226//2730 2227//2733 
f 2100//2474 2099//2473 2226//2730 
f 2227//2733 2014//2735 2015//2736 
f 2228//2734 2229//2737 2230//2738 
f 2100//2474 2228//2734 2231//2739 
f 2016//2740 2230//2738 2229//2737 
f 2231//2739 2230//2738 2232//2741 
f 2101//2475 2231//2739 2233//2742 
f 2232//2741 2230//2738 2017//2743 
f 2230//2738 2016//2740 2017//2743 
f 2233//2742 2232//2741 2234//2744 
f 2103//2477 2233//2742 2235//2745 
f 2232//2741 2018//2746 2019//2746 
f 2019//2746 2234//2744 2232//2741 
f 2235//2745 2234//2744 2236//2747 
f 2105//2479 2235//2745 2237//2748 
f 2234//2744 2020//2749 2021//2749 
f 2237//2748 2236//2747 2238//2750 
f 2107//2481 2237//2748 2239//2751 
f 2022//2752 2238//2750 2236//2747 
f 2239//2751 2238//2750 2240//2753 
f 2109//2483 2239//2751 2241//2754 
f 2240//2753 2238//2750 2023//2755 
f 2238//2750 2022//2752 2023//2755 
f 2241//2754 2240//2753 2242//2756 
f 2111//2485 2241//2754 2243//2757 
f 2240//2753 2024//2758 2025//2758 
f 2025//2758 2242//2756 2240//2753 
f 2243//2757 2242//2756 2244//2759 
f 2113//2487 2243//2757 2245//2760 
f 2242//2756 2026//2761 2027//2762 
f 2245//2760 2244//2759 2246//2763 
f 2115//2489 2245//2760 2247//2764 
f 2027//2762 2028//2765 2246//2763 
f 2247//2764 2246//2763 2248//2766 
f 2117//2491 2247//2764 2249//2767 
f 2248//2766 2246//2763 2028//2765 
f 2249//2767 2248//2766 2250//2768 
f 2119//2493 2249//2767 2251//2769 
f 2250//2768 2248//2766 2029//2770 
f 2248//2766 2030//2770 2029//2770 
f 2251//2769 2250//2768 2252//2771 
f 2121//2495 2251//2769 2253//2772 
f 2250//2768 2031//2773 2032//2774 
f 2253//2772 2252//2771 2254//2775 
f 2123//2497 2253//2772 2255//2776 
f 2033//2777 2254//2775 2252//2771 
f 2255//2776 2254//2775 2256//2778 
f 2125//2499 2255//2776 2257//2779 
f 2033//2777 2034//2780 2256//2778 
f 2257//2779 2256//2778 2258//2781 
f 2127//2501 2257//2779 2259//2782 
f 2258//2781 2256//2778 2034//2780 
f 2259//2782 2258//2781 2260//2783 
f 2129//2503 2259//2782 2261//2784 
f 2258//2781 2035//2785 2036//2785 
f 2261//2784 2260//2783 2262//2786 
f 2131//2505 2261//2784 2263//2787 
f 2037//2788 2262//2786 2260//2783 
f 2263//2787 2262//2786 2264//2789 
f 2133//2507 2263//2787 2265//2790 
f 2264//2789 2262//2786 2037//2788 
f 2264//2789 2038//2791 2039//2792 
f 2040//2793 2135//2509 2265//2790 
f 2265//2790 2039//2792 2040//2793 
f 2264//2789 2041//2794 2042//2795 
f 2042//2795 2038//2791 2264//2789 
f 2266//2796 2043//2797 2044//2798 
f 2044//2798 2267//2799 2266//2796 
f 2137//2513 1976//2512 2043//2797 
f 2045//2800 1973//2423 2052//2426 
f 2266//2796 2267//2799 2268//2801 
f 2137//2513 2266//2796 2269//2802 
f 2267//2799 2052//2426 2055//2429 
f 2270//2803 2269//2802 2268//2801 
f 2139//2520 2138//2517 2269//2802 
f 2271//2804 2268//2801 2055//2429 
f 2272//2805 2270//2803 2271//2804 
f 2140//2524 2139//2520 2270//2803 
f 2273//2806 2271//2804 2054//2428 
f 2274//2807 2272//2805 2273//2806 
f 2141//2527 2140//2524 2272//2805 
f 2275//2808 2273//2806 2056//2430 
f 2276//2809 2274//2807 2275//2808 
f 2142//2530 2141//2527 2274//2807 
f 2277//2810 2275//2808 2058//2432 
f 2278//2811 2276//2809 2277//2810 
f 2143//2533 2142//2530 2276//2809 
f 2279//2812 2277//2810 2060//2434 
f 2280//2813 2278//2811 2279//2812 
f 2144//2537 2143//2533 2278//2811 
f 2281//2814 2279//2812 2062//2436 
f 2282//2815 2280//2813 2281//2814 
f 2145//2540 2144//2537 2280//2813 
f 2283//2816 2281//2814 2064//2438 
f 2284//2817 2282//2815 2283//2816 
f 2146//2543 2145//2540 2282//2815 
f 2285//2818 2283//2816 2066//2440 
f 2286//2819 2284//2817 2285//2818 
f 2147//2544 2146//2543 2284//2817 
f 2287//2820 2285//2818 2068//2442 
f 2288//2821 2286//2819 2287//2820 
f 2148//2547 2147//2544 2286//2819 
f 2289//2822 2287//2820 2070//2444 
f 2290//2823 2288//2821 2289//2822 
f 2149//2550 2148//2547 2288//2821 
f 2291//2824 2289//2822 2072//2446 
f 2292//2825 2290//2823 2291//2824 
f 2150//2554 2149//2550 2290//2823 
f 2293//2826 2291//2824 2074//2448 
f 2294//2827 2292//2825 2293//2826 
f 2151//2557 2150//2554 2292//2825 
f 2295//2828 2293//2826 2076//2450 
f 2296//2829 2294//2827 2295//2828 
f 2152//2560 2151//2557 2294//2827 
f 2297//2830 2295//2828 2078//2452 
f 2298//2831 2296//2829 2297//2830 
f 2153//2564 2152//2560 2296//2829 
f 2299//2832 2297//2830 2080//2454 
f 2300//2833 2298//2831 2299//2832 
f 2154//2568 2153//2564 2298//2831 
f 2301//2834 2299//2832 2082//2456 
f 2302//2835 2300//2833 2301//2834 
f 2155//2571 2154//2568 2300//2833 
f 2303//2836 2301//2834 2084//2458 
f 2304//2837 2302//2835 2303//2836 
f 2156//2574 2155//2571 2302//2835 
f 2305//2838 2303//2836 2086//2460 
f 2306//2839 2304//2837 2305//2838 
f 2158//2584 2156//2574 2304//2837 
f 2307//2840 2305//2838 2088//2462 
f 2308//2841 2306//2839 2307//2840 
f 2157//2581 2158//2584 2306//2839 
f 2309//2842 2307//2840 2090//2464 
f 2310//2843 2308//2841 2309//2842 
f 2157//2581 2308//2841 2310//2843 
f 2311//2844 2309//2842 2092//2466 
f 2312//2845 2310//2843 2311//2844 
f 2160//2589 2159//2587 2310//2843 
f 2313//2846 2311//2844 2094//2468 
f 2314//2847 2312//2845 2313//2846 
f 2161//2593 2160//2589 2312//2845 
f 2315//2848 2313//2846 2096//2470 
f 2314//2847 2315//2848 2316//2849 
f 2161//2593 2314//2847 2317//2850 
f 2315//2848 2098//2472 2102//2476 
f 2317//2850 2316//2849 2318//2851 
f 2162//2596 2317//2850 2319//2852 
f 2316//2849 2102//2476 2104//2478 
f 2319//2852 2318//2851 2320//2853 
f 2163//2602 2319//2852 2321//2854 
f 2318//2851 2104//2478 2106//2480 
f 2321//2854 2320//2853 2322//2855 
f 2166//2614 2164//2604 2321//2854 
f 2320//2853 2106//2480 2108//2482 
f 2323//2856 2322//2855 2324//2857 
f 2166//2614 2323//2856 2325//2858 
f 2322//2855 2108//2482 2110//2484 
f 2325//2858 2324//2857 2326//2859 
f 2165//2611 2325//2858 2327//2860 
f 2324//2857 2110//2484 2112//2486 
f 2327//2860 2326//2859 2328//2861 
f 2167//2615 2327//2860 2329//2862 
f 2326//2859 2112//2486 2114//2488 
f 2329//2862 2328//2861 2330//2863 
f 2168//2619 2329//2862 2331//2864 
f 2328//2861 2114//2488 2116//2490 
f 2331//2864 2330//2863 2332//2865 
f 2169//2623 2331//2864 2333//2866 
f 2330//2863 2116//2490 2118//2492 
f 2333//2866 2332//2865 2334//2867 
f 2170//2626 2333//2866 2335//2868 
f 2332//2865 2118//2492 2120//2494 
f 2335//2868 2334//2867 2336//2869 
f 2171//2629 2335//2868 2337//2870 
f 2334//2867 2120//2494 2122//2496 
f 2337//2870 2336//2869 2338//2871 
f 2172//2633 2337//2870 2339//2872 
f 2336//2869 2122//2496 2124//2498 
f 2339//2872 2338//2871 2340//2873 
f 2173//2636 2339//2872 2341//2874 
f 2338//2871 2124//2498 2126//2500 
f 2341//2874 2340//2873 2342//2875 
f 2174//2639 2341//2874 2343//2876 
f 2340//2873 2126//2500 2128//2502 
f 2343//2876 2342//2875 2344//2877 
f 2175//2642 2343//2876 2345//2878 
f 2342//2875 2128//2502 2130//2504 
f 2345//2878 2344//2877 2346//2879 
f 2176//2646 2345//2878 2347//2880 
f 2344//2877 2130//2504 2132//2506 
f 2347//2880 2346//2879 2348//2881 
f 2177//2650 2347//2880 2349//2882 
f 2346//2879 2132//2506 2134//2508 
f 2349//2882 2348//2881 2350//2883 
f 2178//2652 2349//2882 2351//2884 
f 2348//2881 2134//2508 2136//2510 
f 2046//2885 2047//2886 2351//2884 
f 2350//2883 2048//2887 2046//2885 
f 2179//2655 2351//2884 2047//2886 
f 2350//2883 2136//2510 2049//2888 
f 2049//2888 2048//2887 2350//2883 
f 2047//2886 1977//2658 2179//2655 
f 2351//2884 2350//2883 2046//2885 
f 2136//2510 2350//2883 2348//2881 
f 2351//2884 2179//2655 2178//2652 
f 2350//2883 2351//2884 2349//2882 
f 2134//2508 2348//2881 2346//2879 
f 2349//2882 2178//2652 2177//2650 
f 2348//2881 2349//2882 2347//2880 
f 2132//2506 2346//2879 2344//2877 
f 2347//2880 2177//2650 2176//2646 
f 2346//2879 2347//2880 2345//2878 
f 2130//2504 2344//2877 2342//2875 
f 2345//2878 2176//2646 2175//2642 
f 2344//2877 2345//2878 2343//2876 
f 2128//2502 2342//2875 2340//2873 
f 2343//2876 2175//2642 2174//2639 
f 2342//2875 2343//2876 2341//2874 
f 2126//2500 2340//2873 2338//2871 
f 2341//2874 2174//2639 2173//2636 
f 2340//2873 2341//2874 2339//2872 
f 2124//2498 2338//2871 2336//2869 
f 2339//2872 2173//2636 2172//2633 
f 2338//2871 2339//2872 2337//2870 
f 2122//2496 2336//2869 2334//2867 
f 2337//2870 2172//2633 2171//2629 
f 2336//2869 2337//2870 2335//2868 
f 2120//2494 2334//2867 2332//2865 
f 2335//2868 2171//2629 2170//2626 
f 2334//2867 2335//2868 2333//2866 
f 2118//2492 2332//2865 2330//2863 
f 2333//2866 2170//2626 2169//2623 
f 2332//2865 2333//2866 2331//2864 
f 2116//2490 2330//2863 2328//2861 
f 2331//2864 2169//2623 2168//2619 
f 2330//2863 2331//2864 2329//2862 
f 2114//2488 2328//2861 2326//2859 
f 2329//2862 2168//2619 2167//2615 
f 2328//2861 2329//2862 2327//2860 
f 2112//2486 2326//2859 2324//2857 
f 2327//2860 2167//2615 2165//2611 
f 2326//2859 2327//2860 2325//2858 
f 2110//2484 2324//2857 2322//2855 
f 2325//2858 2165//2611 2166//2614 
f 2324//2857 2325//2858 2323//2856 
f 2108//2482 2322//2855 2320//2853 
f 2321//2854 2323//2856 2166//2614 
f 2322//2855 2323//2856 2321//2854 
f 2106//2480 2320//2853 2318//2851 
f 2321//2854 2164//2604 2163//2602 
f 2320//2853 2321//2854 2319//2852 
f 2104//2478 2318//2851 2316//2849 
f 2319//2852 2163//2602 2162//2596 
f 2318//2851 2319//2852 2317//2850 
f 2102//2476 2316//2849 2315//2848 
f 2317//2850 2162//2596 2161//2593 
f 2316//2849 2317//2850 2314//2847 
f 2096//2470 2098//2472 2315//2848 
f 2312//2845 2314//2847 2161//2593 
f 2313//2846 2315//2848 2314//2847 
f 2094//2468 2096//2470 2313//2846 
f 2310//2843 2312//2845 2160//2589 
f 2311//2844 2313//2846 2312//2845 
f 2092//2466 2094//2468 2311//2844 
f 2310//2843 2159//2587 2157//2581 
f 2309//2842 2311//2844 2310//2843 
f 2090//2464 2092//2466 2309//2842 
f 2306//2839 2308//2841 2157//2581 
f 2307//2840 2309//2842 2308//2841 
f 2088//2462 2090//2464 2307//2840 
f 2304//2837 2306//2839 2158//2584 
f 2305//2838 2307//2840 2306//2839 
f 2086//2460 2088//2462 2305//2838 
f 2302//2835 2304//2837 2156//2574 
f 2303//2836 2305//2838 2304//2837 
f 2084//2458 2086//2460 2303//2836 
f 2300//2833 2302//2835 2155//2571 
f 2301//2834 2303//2836 2302//2835 
f 2082//2456 2084//2458 2301//2834 
f 2298//2831 2300//2833 2154//2568 
f 2299//2832 2301//2834 2300//2833 
f 2080//2454 2082//2456 2299//2832 
f 2296//2829 2298//2831 2153//2564 
f 2297//2830 2299//2832 2298//2831 
f 2078//2452 2080//2454 2297//2830 
f 2294//2827 2296//2829 2152//2560 
f 2295//2828 2297//2830 2296//2829 
f 2076//2450 2078//2452 2295//2828 
f 2292//2825 2294//2827 2151//2557 
f 2293//2826 2295//2828 2294//2827 
f 2074//2448 2076//2450 2293//2826 
f 2290//2823 2292//2825 2150//2554 
f 2291//2824 2293//2826 2292//2825 
f 2072//2446 2074//2448 2291//2824 
f 2288//2821 2290//2823 2149//2550 
f 2289//2822 2291//2824 2290//2823 
f 2070//2444 2072//2446 2289//2822 
f 2286//2819 2288//2821 2148//2547 
f 2287//2820 2289//2822 2288//2821 
f 2068//2442 2070//2444 2287//2820 
f 2284//2817 2286//2819 2147//2544 
f 2285//2818 2287//2820 2286//2819 
f 2066//2440 2068//2442 2285//2818 
f 2282//2815 2284//2817 2146//2543 
f 2283//2816 2285//2818 2284//2817 
f 2064//2438 2066//2440 2283//2816 
f 2280//2813 2282//2815 2145//2540 
f 2281//2814 2283//2816 2282//2815 
f 2062//2436 2064//2438 2281//2814 
f 2278//2811 2280//2813 2144//2537 
f 2279//2812 2281//2814 2280//2813 
f 2060//2434 2062//2436 2279//2812 
f 2276//2809 2278//2811 2143//2533 
f 2277//2810 2279//2812 2278//2811 
f 2058//2432 2060//2434 2277//2810 
f 2274//2807 2276//2809 2142//2530 
f 2275//2808 2277//2810 2276//2809 
f 2056//2430 2058//2432 2275//2808 
f 2272//2805 2274//2807 2141//2527 
f 2273//2806 2275//2808 2274//2807 
f 2054//2428 2056//2430 2273//2806 
f 2270//2803 2272//2805 2140//2524 
f 2271//2804 2273//2806 2272//2805 
f 2055//2429 2054//2428 2271//2804 
f 2269//2802 2270//2803 2139//2520 
f 2268//2801 2271//2804 2270//2803 
f 2055//2429 2268//2801 2267//2799 
f 2269//2802 2138//2517 2137//2513 
f 2268//2801 2269//2802 2266//2796 
f 2052//2426 2267//2799 2045//2800 
f 2043//2797 2266//2796 2137//2513 
f 2044//2798 2045//2800 2267//2799 
f 2042//2795 2050//2889 2038//2791 
f 2040//2793 1975//2511 2135//2509 
f 2039//2792 2265//2790 2264//2789 
f 2037//2788 2041//2794 2264//2789 
f 2265//2790 2135//2509 2133//2507 
f 2264//2789 2265//2790 2263//2787 
f 2260//2783 2036//2785 2037//2788 
f 2263//2787 2133//2507 2131//2505 
f 2262//2786 2263//2787 2261//2784 
f 2036//2785 2260//2783 2258//2781 
f 2261//2784 2131//2505 2129//2503 
f 2260//2783 2261//2784 2259//2782 
f 2034//2780 2035//2785 2258//2781 
f 2259//2782 2129//2503 2127//2501 
f 2258//2781 2259//2782 2257//2779 
f 2256//2778 2254//2775 2033//2777 
f 2257//2779 2127//2501 2125//2499 
f 2256//2778 2257//2779 2255//2776 
f 2252//2771 2032//2774 2033//2777 
f 2255//2776 2125//2499 2123//2497 
f 2254//2775 2255//2776 2253//2772 
f 2032//2774 2252//2771 2250//2768 
f 2253//2772 2123//2497 2121//2495 
f 2252//2771 2253//2772 2251//2769 
f 2029//2770 2031//2773 2250//2768 
f 2251//2769 2121//2495 2119//2493 
f 2250//2768 2251//2769 2249//2767 
f 2028//2765 2030//2770 2248//2766 
f 2249//2767 2119//2493 2117//2491 
f 2248//2766 2249//2767 2247//2764 
f 2246//2763 2244//2759 2027//2762 
f 2247//2764 2117//2491 2115//2489 
f 2246//2763 2247//2764 2245//2760 
f 2027//2762 2244//2759 2242//2756 
f 2245//2760 2115//2489 2113//2487 
f 2244//2759 2245//2760 2243//2757 
f 2025//2758 2026//2761 2242//2756 
f 2243//2757 2113//2487 2111//2485 
f 2242//2756 2243//2757 2241//2754 
f 2023//2755 2024//2758 2240//2753 
f 2241//2754 2111//2485 2109//2483 
f 2240//2753 2241//2754 2239//2751 
f 2236//2747 2021//2749 2022//2752 
f 2239//2751 2109//2483 2107//2481 
f 2238//2750 2239//2751 2237//2748 
f 2021//2749 2236//2747 2234//2744 
f 2237//2748 2107//2481 2105//2479 
f 2236//2747 2237//2748 2235//2745 
f 2019//2746 2020//2749 2234//2744 
f 2235//2745 2105//2479 2103//2477 
f 2234//2744 2235//2745 2233//2742 
f 2017//2743 2018//2746 2232//2741 
f 2233//2742 2103//2477 2101//2475 
f 2232//2741 2233//2742 2231//2739 
f 2229//2737 2015//2736 2016//2740 
f 2231//2739 2101//2475 2100//2474 
f 2230//2738 2231//2739 2228//2734 
f 2015//2736 2229//2737 2227//2733 
f 2226//2730 2228//2734 2100//2474 
f 2227//2733 2229//2737 2228//2734 
f 2013//2732 2014//2735 2227//2733 
f 2224//2727 2226//2730 2099//2473 
f 2225//2728 2227//2733 2226//2730 
f 2011//2729 2012//2731 2225//2728 
f 2221//2723 2224//2727 2097//2471 
f 2223//2726 2225//2728 2224//2727 
f 2222//2724 2009//2722 2010//2725 
f 2220//2720 2221//2723 2095//2469 
f 2222//2724 2223//2726 2221//2723 
f 2009//2722 2222//2724 2219//2719 
f 2218//2717 2220//2720 2093//2467 
f 2219//2719 2222//2724 2220//2720 
f 2007//2718 2008//2721 2219//2719 
f 2216//2713 2218//2717 2091//2465 
f 2217//2714 2219//2719 2218//2717 
f 2004//2715 2006//2716 2217//2714 
f 2214//2710 2216//2713 2089//2463 
f 2215//2711 2217//2714 2216//2713 
f 2003//2712 2005//2716 2215//2711 
f 2212//2707 2214//2710 2087//2461 
f 2213//2709 2215//2711 2214//2710 
f 2002//2708 2003//2712 2213//2709 
f 2209//2703 2212//2707 2085//2459 
f 2211//2705 2213//2709 2212//2707 
f 2000//2706 2001//2706 2211//2705 
f 2208//2701 2209//2703 2083//2457 
f 2210//2704 2211//2705 2209//2703 
f 1999//2702 2210//2704 2207//2700 
f 2206//2698 2208//2701 2081//2455 
f 2207//2700 2210//2704 2208//2701 
f 1997//2699 1998//2702 2207//2700 
f 2204//2696 2206//2698 2079//2453 
f 2205//2697 2207//2700 2206//2698 
f 1995//2694 1996//2699 2205//2697 
f 2201//2692 2204//2696 2077//2451 
f 2203//2695 2205//2697 2204//2696 
f 2202//2693 1994//2690 1995//2694 
f 2200//2691 2201//2692 2075//2449 
f 2202//2693 2203//2695 2201//2692 
f 1994//2690 2202//2693 2199//2689 
f 2198//2688 2200//2691 2073//2447 
f 2199//2689 2202//2693 2200//2691 
f 1992//2690 1993//2690 2199//2689 
f 2196//2685 2198//2688 2071//2445 
f 2197//2687 2199//2689 2198//2688 
f 2197//2687 2195//2684 1990//2683 
f 2193//2681 2196//2685 2069//2443 
f 2195//2684 2197//2687 2196//2685 
f 2194//2682 1989//2680 1990//2683 
f 2192//2679 2193//2681 2067//2441 
f 2194//2682 2195//2684 2193//2681 
f 1989//2680 2194//2682 2191//2678 
f 2190//2677 2192//2679 2065//2439 
f 2191//2678 2194//2682 2192//2679 
f 1987//2675 1988//2680 2191//2678 
f 2188//2674 2190//2677 2063//2437 
f 2189//2676 2191//2678 2190//2677 
f 2189//2676 2187//2673 1986//2672 
f 2185//2670 2188//2674 2061//2435 
f 2187//2673 2189//2676 2188//2674 
f 2186//2671 1985//2669 1986//2672 
f 2184//2668 2185//2670 2059//2433 
f 2186//2671 2187//2673 2185//2670 
f 1985//2669 2186//2671 2182//2665 
f 2183//2666 2184//2668 2057//2431 
f 2182//2665 2186//2671 2184//2668 
f 1982//2667 1984//2667 2182//2665 
f 2183//2666 2053//2427 2051//2425 
f 2182//2665 2183//2666 2181//2660 
f 1981//2664 1983//2667 2180//2659 
f 2181//2660 2051//2425 1979//2662 
f 1978//2661 1980//2663 2180//2659 
f 1977//2658 1875//2890 1876//2657 
f 1877//2656 1878//2654 2178//2652 
f 1879//2653 1880//2651 2177//2650 
f 2176//2646 2177//2650 1881//2649 
f 1882//2647 1884//2645 2175//2642 
f 1888//2643 1887//2641 2174//2639 
f 1886//2640 1889//2638 2173//2636 
f 1890//2637 1891//2635 2172//2633 
f 1892//2634 1893//2632 2171//2629 
f 1896//2631 1895//2627 2170//2626 
f 1897//2628 1898//2625 2169//2623 
f 1899//2624 1901//2621 2168//2619 
f 1902//2620 1903//2616 2167//2615 
f 1905//2618 1907//2612 2165//2611 
f 1906//2613 1908//2608 2166//2614 
f 2164//2604 2166//2614 1908//2608 
f 1913//2605 1914//2603 2163//2602 
f 1917//2601 1916//2597 2162//2596 
f 1919//2599 1921//2594 2161//2593 
f 1920//2595 1922//2591 2160//2589 
f 1924//2590 1925//2588 2159//2587 
f 1927//2586 1929//2582 2157//2581 
f 1928//2583 1930//2578 2158//2584 
f 2156//2574 2158//2584 1930//2578 
f 1935//2575 1936//2572 2155//2571 
f 1937//2573 1939//2569 2154//2568 
f 1938//2570 1941//2567 2153//2564 
f 1942//2566 1944//2561 2152//2560 
f 1945//2563 1946//2558 2151//2557 
f 1947//2559 1948//2555 2150//2554 
f 1949//2556 1951//2551 2149//2550 
f 1952//2553 1954//2548 2148//2547 
f 1953//2549 1956//2545 2147//2544 
f 1955//2546 1957//2542 2146//2543 
f 2146//2543 1957//2542 2145//2540 
f 1959//2539 2144//2537 2145//2540 
f 1960//2538 1962//2536 2143//2533 
f 1965//2534 1963//2532 2142//2530 
f 1966//2529 2141//2527 2142//2530 
f 1968//2526 2140//2524 2141//2527 
f 1969//2525 1970//2523 2139//2520 
f 1972//2521 1768//2519 2138//2517 
f 1767//2518 1769//2515 2137//2513 
f 1771//2514 1772//2891 1976//2512 
f 1975//2511 2049//2888 2136//2510 
f 2135//2509 2136//2510 2134//2508 
f 2133//2507 2134//2508 2132//2506 
f 2131//2505 2132//2506 2130//2504 
f 2129//2503 2130//2504 2128//2502 
f 2127//2501 2128//2502 2126//2500 
f 2125//2499 2126//2500 2124//2498 
f 2123//2497 2124//2498 2122//2496 
f 2121//2495 2122//2496 2120//2494 
f 2119//2493 2120//2494 2118//2492 
f 2117//2491 2118//2492 2116//2490 
f 2115//2489 2116//2490 2114//2488 
f 2113//2487 2114//2488 2112//2486 
f 2111//2485 2112//2486 2110//2484 
f 2109//2483 2110//2484 2108//2482 
f 2107//2481 2108//2482 2106//2480 
f 2105//2479 2106//2480 2104//2478 
f 2103//2477 2104//2478 2102//2476 
f 2101//2475 2102//2476 2098//2472 
f 2099//2473 2100//2474 2098//2472 
f 2097//2471 2099//2473 2096//2470 
f 2095//2469 2097//2471 2094//2468 
f 2093//2467 2095//2469 2092//2466 
f 2091//2465 2093//2467 2090//2464 
f 2089//2463 2091//2465 2088//2462 
f 2087//2461 2089//2463 2086//2460 
f 2085//2459 2087//2461 2084//2458 
f 2083//2457 2085//2459 2082//2456 
f 2081//2455 2083//2457 2080//2454 
f 2079//2453 2081//2455 2078//2452 
f 2077//2451 2079//2453 2076//2450 
f 2075//2449 2077//2451 2074//2448 
f 2073//2447 2075//2449 2072//2446 
f 2071//2445 2073//2447 2070//2444 
f 2069//2443 2071//2445 2068//2442 
f 2067//2441 2069//2443 2066//2440 
f 2065//2439 2067//2441 2064//2438 
f 2063//2437 2065//2439 2062//2436 
f 2061//2435 2063//2437 2060//2434 
f 2059//2433 2061//2435 2058//2432 
f 2057//2431 2059//2433 2056//2430 
f 2053//2427 2057//2431 2054//2428 
f 2053//2427 2055//2429 2052//2426 
f 2051//2425 2052//2426 1973//2423 
o mesh8
f 2049//2892 1975//2893 2409//2894 
f 2409//2894 2410//2895 2049//2892 
f 2410//2895 2409//2894 2411//2896 
f 2412//2897 2411//2896 2413//2898 
f 2414//2899 2415//2900 2413//2898 
f 2416//2901 2414//2899 2417//2902 
f 2418//2903 2416//2901 2419//2904 
f 2420//2905 2418//2903 2421//2906 
f 2422//2907 2420//2905 2423//2908 
f 2424//2909 2422//2907 2425//2910 
f 2426//2911 2424//2909 2427//2912 
f 2428//2913 2426//2911 2429//2914 
f 2430//2915 2428//2913 2431//2916 
f 2432//2917 2430//2915 2433//2918 
f 2434//2919 2432//2917 2435//2920 
f 2436//2921 2434//2919 2437//2922 
f 2438//2923 2436//2921 2439//2924 
f 2440//2925 2438//2923 2441//2926 
f 2442//2927 2440//2925 2443//2928 
f 2444//2929 2442//2927 2445//2930 
f 2446//2931 2444//2929 2447//2932 
f 2448//2933 2446//2931 2449//2934 
f 2450//2935 2448//2933 2451//2936 
f 2452//2937 2450//2935 2453//2938 
f 2454//2939 2452//2937 2455//2940 
f 2456//2941 2454//2939 2457//2942 
f 2456//2941 2458//2943 2459//2944 
f 2460//2945 2459//2944 2461//2946 
f 2462//2947 2461//2946 2463//2948 
f 2464//2949 2463//2948 2465//2950 
f 2466//2951 2465//2950 2467//2952 
f 2468//2953 2467//2952 2469//2954 
f 2470//2955 2469//2954 2471//2956 
f 2472//2957 2471//2956 2473//2958 
f 2474//2959 2473//2958 2475//2960 
f 2476//2961 2475//2960 2477//2962 
f 2478//2963 2477//2962 2479//2964 
f 2480//2965 2479//2964 2481//2966 
f 2482//2967 2481//2966 2483//2968 
f 2484//2969 2483//2968 2485//2970 
f 2486//2971 2485//2970 2487//2972 
f 2488//2973 2487//2972 2489//2974 
f 2490//2975 2489//2974 2491//2976 
f 2492//2977 2491//2976 2493//2978 
f 2494//2979 2493//2978 1974//2980 
f 2495//2981 1874//2982 1873//2983 
f 1873//2983 1977//2984 2495//2981 
f 2496//2985 1871//2986 1870//2987 
f 1870//2987 2495//2981 2496//2985 
f 1870//2987 1872//2988 2495//2981 
f 2496//2985 2497//2989 1868//2990 
f 1868//2990 1869//2991 2496//2985 
f 1866//2992 1868//2990 2497//2989 
f 2498//2993 1867//2994 1866//2992 
f 2498//2993 2499//2995 1865//2996 
f 2499//2995 1864//2997 1865//2996 
f 2499//2995 2500//2998 1863//2999 
f 2500//2998 1862//3000 1863//2999 
f 2500//2998 2501//3001 1861//3002 
f 2501//3001 1860//3003 1861//3002 
f 2501//3001 2502//3004 1858//3005 
f 2502//3004 1859//3006 1858//3005 
f 2502//3004 2503//3007 1857//3008 
f 2503//3007 1856//3009 1857//3008 
f 2503//3007 2504//3010 1855//3011 
f 2504//3010 1854//3012 1855//3011 
f 2505//3013 1852//3014 1853//3015 
f 1853//3015 2504//3010 2505//3013 
f 2505//3013 2506//3016 1851//3017 
f 2506//3016 1850//3018 1851//3017 
f 2506//3016 2507//3019 1849//3020 
f 2507//3019 1848//3021 1849//3020 
f 2508//3022 1846//3023 1847//3024 
f 1847//3024 2507//3019 2508//3022 
f 2508//3022 1843//3025 1845//3026 
f 2509//3027 1844//3028 1843//3025 
f 1843//3025 2508//3022 2509//3027 
f 2509//3027 2510//3029 1842//3030 
f 2510//3029 1841//3031 1842//3030 
f 2510//3029 2511//3032 1839//3033 
f 2511//3032 1840//3034 1839//3033 
f 2511//3032 1837//3035 1838//3036 
f 2512//3037 1836//3038 1837//3035 
f 1837//3035 2511//3032 2512//3037 
f 2512//3037 2513//3039 1835//3040 
f 2513//3039 1833//3041 1834//3042 
f 1834//3042 1835//3040 2513//3039 
f 2513//3039 2514//3043 1832//3044 
f 2514//3043 1830//3045 1832//3044 
f 2515//3046 1827//3047 1829//3048 
f 1829//3048 2514//3043 2515//3046 
f 1829//3048 1831//3049 2514//3043 
f 2515//3046 1825//3050 1828//3051 
f 2516//3052 1826//3053 1825//3050 
f 1825//3050 2515//3046 2516//3052 
f 2516//3052 2517//3054 1824//3055 
f 2517//3054 1823//3056 1824//3055 
f 2517//3054 2518//3057 1822//3058 
f 2518//3057 1821//3059 1822//3058 
f 2519//3060 1818//3061 1819//3062 
f 1819//3062 2518//3057 2519//3060 
f 1819//3062 1820//3063 2518//3057 
f 2519//3060 2520//3064 1817//3065 
f 2520//3064 1815//3066 1816//3067 
f 1816//3067 1817//3065 2520//3064 
f 1812//3068 1813//3069 1814//3070 
f 1814//3070 2520//3064 1812//3068 
f 1814//3070 1815//3066 2520//3064 
f 2521//3071 1809//3072 1811//3073 
f 1811//3073 2522//3074 2521//3071 
f 2521//3071 1807//3075 1810//3076 
f 2523//3077 1808//3078 1807//3075 
f 1807//3075 2521//3071 2523//3077 
f 2524//3079 1804//3080 1805//3081 
f 1805//3081 1806//3082 2523//3077 
f 1805//3081 2523//3077 2524//3079 
f 2524//3079 2525//3083 1803//3084 
f 2525//3083 1801//3085 1803//3084 
f 1803//3084 1804//3080 2524//3079 
f 2526//3086 1799//3087 1800//3088 
f 1800//3088 2525//3083 2526//3086 
f 2527//3089 1797//3090 1798//3091 
f 1798//3091 2526//3086 2527//3089 
f 2528//3092 1794//3093 1795//3094 
f 1795//3094 1796//3095 2528//3092 
f 1796//3095 2527//3089 2528//3092 
f 2529//3096 1792//3097 1793//3098 
f 1793//3098 2528//3092 2529//3096 
f 2530//3099 1790//3100 1791//3101 
f 1791//3101 2529//3096 2530//3099 
f 2531//3102 1788//3103 1789//3104 
f 1789//3104 2530//3099 2531//3102 
f 2532//3105 1786//3106 1785//3107 
f 1785//3107 2531//3102 2532//3105 
f 1785//3107 1787//3108 2531//3102 
f 2533//3109 1783//3110 1784//3111 
f 1784//3111 2532//3105 2533//3109 
f 2534//3112 1781//3113 1782//3114 
f 1782//3114 2533//3109 2534//3112 
f 2535//3115 1779//3116 1780//3117 
f 1780//3117 2534//3112 2535//3115 
f 2536//3118 1778//3119 1777//3120 
f 1777//3120 2535//3115 2536//3118 
f 2537//3121 1775//3122 1774//3123 
f 1774//3123 2536//3118 2537//3121 
f 1774//3123 1776//3124 2536//3118 
f 1976//3125 1772//3126 1773//3127 
f 1773//3127 2537//3121 1976//3125 
f 2538//3128 2539//3129 2039//3130 
f 2040//3131 2039//3130 2539//3129 
f 2538//3128 2038//3132 2050//3133 
f 2539//3129 2538//3128 2540//3134 
f 2409//2894 2539//3129 2541//3135 
f 2540//3134 2538//3128 2352//3136 
f 2538//3128 2353//3136 2352//3136 
f 2541//3135 2540//3134 2542//3137 
f 2411//2896 2541//3135 2543//3138 
f 2540//3134 2354//3139 2355//3139 
f 2544//3140 2543//3138 2542//3137 
f 2417//2902 2413//2898 2543//3138 
f 2356//3139 2545//3141 2542//3137 
f 2546//3142 2544//3140 2545//3141 
f 2419//2904 2417//2902 2544//3140 
f 2356//3139 2357//3143 2547//3144 
f 2548//3145 2546//3142 2547//3144 
f 2421//2906 2419//2904 2546//3142 
f 2549//3146 2547//3144 2357//3143 
f 2550//3147 2548//3145 2549//3146 
f 2423//2908 2421//2906 2548//3145 
f 2549//3146 2358//3148 2359//3148 
f 2551//3149 2550//3147 2552//3150 
f 2425//2910 2423//2908 2550//3147 
f 2360//3151 2553//3152 2552//3150 
f 2554//3153 2551//3149 2553//3152 
f 2427//2912 2425//2910 2551//3149 
f 2360//3151 2361//3154 2555//3155 
f 2556//3156 2554//3153 2555//3155 
f 2429//2914 2427//2912 2554//3153 
f 2555//3155 2361//3154 2362//3157 
f 2557//3158 2556//3156 2558//3159 
f 2431//2916 2429//2914 2556//3156 
f 2363//3160 2559//3161 2558//3159 
f 2560//3162 2557//3158 2559//3161 
f 2433//2918 2431//2916 2557//3158 
f 2364//3163 2561//3164 2559//3161 
f 2562//3165 2560//3162 2561//3164 
f 2435//2920 2433//2918 2560//3162 
f 2563//3166 2561//3164 2365//3167 
f 2561//3164 2364//3163 2365//3167 
f 2564//3168 2562//3165 2563//3166 
f 2437//2922 2435//2920 2562//3165 
f 2563//3166 2366//3169 2367//3169 
f 2565//3170 2564//3168 2566//3171 
f 2439//2924 2437//2922 2564//3168 
f 2367//3169 2368//3172 2567//3173 
f 2568//3174 2565//3170 2567//3173 
f 2441//2926 2439//2924 2565//3170 
f 2569//3175 2567//3173 2368//3172 
f 2570//3176 2568//3174 2569//3175 
f 2443//2928 2441//2926 2568//3174 
f 2569//3175 2369//3177 2370//3177 
f 2370//3177 2571//3178 2569//3175 
f 2572//3179 2570//3176 2571//3178 
f 2445//2930 2443//2928 2570//3176 
f 2571//3178 2371//3180 2372//3180 
f 2573//3181 2572//3179 2574//3182 
f 2447//2932 2445//2930 2572//3179 
f 2575//3183 2574//3182 2373//3184 
f 2574//3182 2372//3180 2373//3184 
f 2576//3185 2573//3181 2575//3183 
f 2449//2934 2447//2932 2573//3181 
f 2575//3183 2374//3184 2375//3184 
f 2375//3184 2577//3186 2575//3183 
f 2578//3187 2576//3185 2577//3186 
f 2451//2936 2449//2934 2576//3185 
f 2579//3188 2577//3186 2376//3189 
f 2580//3190 2578//3187 2579//3188 
f 2453//2938 2451//2936 2578//3187 
f 2581//3191 2579//3188 2377//3192 
f 2579//3188 2378//3192 2377//3192 
f 2582//3193 2580//3190 2581//3191 
f 2455//2940 2453//2938 2580//3190 
f 2583//3194 2581//3191 2379//3195 
f 2581//3191 2380//3196 2379//3195 
f 2584//3197 2582//3193 2583//3194 
f 2457//2942 2455//2940 2582//3193 
f 2583//3194 2381//3198 2382//3199 
f 2382//3199 2585//3200 2583//3194 
f 2586//3201 2584//3197 2585//3200 
f 2458//2943 2457//2942 2584//3197 
f 2383//3202 2384//3203 2587//3204 
f 2586//3201 2587//3204 2588//3205 
f 2458//2943 2586//3201 2589//3206 
f 2588//3205 2587//3204 2384//3203 
f 2589//3206 2588//3205 2590//3207 
f 2459//2944 2589//3206 2591//3208 
f 2590//3207 2588//3205 2385//3209 
f 2588//3205 2386//3210 2385//3209 
f 2591//3208 2590//3207 2592//3211 
f 2461//2946 2591//3208 2593//3212 
f 2590//3207 2387//3213 2388//3214 
f 2388//3214 2592//3211 2590//3207 
f 2593//3212 2592//3211 2594//3215 
f 2463//2948 2593//3212 2595//3216 
f 2592//3211 2389//3217 2390//3218 
f 2595//3216 2594//3215 2596//3219 
f 2465//2950 2595//3216 2597//3220 
f 2391//3221 2596//3219 2594//3215 
f 2597//3220 2596//3219 2598//3222 
f 2467//2952 2597//3220 2599//3223 
f 2598//3222 2596//3219 2392//3224 
f 2596//3219 2391//3221 2392//3224 
f 2599//3223 2598//3222 2600//3225 
f 2469//2954 2599//3223 2601//3226 
f 2598//3222 2393//3227 2394//3227 
f 2394//3227 2600//3225 2598//3222 
f 2601//3226 2600//3225 2602//3228 
f 2471//2956 2601//3226 2603//3229 
f 2395//3230 2396//3230 2602//3228 
f 2603//3229 2602//3228 2604//3231 
f 2473//2958 2603//3229 2605//3232 
f 2602//3228 2396//3230 2397//3233 
f 2605//3232 2604//3231 2606//3234 
f 2475//2960 2605//3232 2607//3235 
f 2397//3233 2398//3236 2606//3234 
f 2607//3235 2606//3234 2608//3237 
f 2477//2962 2607//3235 2609//3238 
f 2608//3237 2606//3234 2398//3236 
f 2609//3238 2608//3237 2610//3239 
f 2479//2964 2609//3238 2611//3240 
f 2608//3237 2399//3241 2400//3241 
f 2400//3241 2610//3239 2608//3237 
f 2611//3240 2610//3239 2612//3242 
f 2481//2966 2611//3240 2613//3243 
f 2610//3239 2401//3244 2402//3244 
f 2613//3243 2612//3242 2614//3245 
f 2483//2968 2613//3243 2615//3246 
f 2403//3247 2614//3245 2612//3242 
f 2615//3246 2614//3245 2616//3248 
f 2485//2970 2615//3246 2617//3249 
f 2403//3247 2404//3250 2616//3248 
f 2617//3249 2616//3248 2618//3251 
f 2487//2972 2617//3249 2619//3252 
f 2618//3251 2616//3248 2404//3250 
f 2619//3252 2618//3251 2620//3253 
f 2489//2974 2619//3252 2621//3254 
f 2618//3251 2405//3255 2406//3255 
f 2621//3254 2620//3253 2622//3256 
f 2491//2976 2621//3254 2623//3257 
f 2407//3258 2622//3256 2620//3253 
f 2622//3256 1980//3259 1978//3260 
f 1979//3261 2493//2978 2623//3257 
f 2623//3257 1978//3260 1979//3261 
f 1980//3259 2622//3256 2408//3262 
f 2622//3256 2407//3258 2408//3262 
f 2624//3263 2625//3264 2046//3265 
f 2625//3264 2047//3266 2046//3265 
f 2495//2981 1977//2984 2047//3266 
f 2048//3267 2049//2892 2410//2895 
f 2625//3264 2624//3263 2626//3268 
f 2495//2981 2625//3264 2627//3269 
f 2624//3263 2410//2895 2412//2897 
f 2627//3269 2626//3268 2628//3270 
f 2496//2985 2627//3269 2629//3271 
f 2626//3268 2412//2897 2415//2900 
f 2630//3272 2629//3271 2628//3270 
f 2498//2993 2497//2989 2629//3271 
f 2631//3273 2628//3270 2415//2900 
f 2632//3274 2630//3272 2631//3273 
f 2499//2995 2498//2993 2630//3272 
f 2633//3275 2631//3273 2414//2899 
f 2634//3276 2632//3274 2633//3275 
f 2500//2998 2499//2995 2632//3274 
f 2635//3277 2633//3275 2416//2901 
f 2636//3278 2634//3276 2635//3277 
f 2501//3001 2500//2998 2634//3276 
f 2637//3279 2635//3277 2418//2903 
f 2638//3280 2636//3278 2637//3279 
f 2502//3004 2501//3001 2636//3278 
f 2639//3281 2637//3279 2420//2905 
f 2640//3282 2638//3280 2639//3281 
f 2503//3007 2502//3004 2638//3280 
f 2641//3283 2639//3281 2422//2907 
f 2642//3284 2640//3282 2641//3283 
f 2504//3010 2503//3007 2640//3282 
f 2643//3285 2641//3283 2424//2909 
f 2644//3286 2642//3284 2643//3285 
f 2505//3013 2504//3010 2642//3284 
f 2645//3287 2643//3285 2426//2911 
f 2646//3288 2644//3286 2645//3287 
f 2506//3016 2505//3013 2644//3286 
f 2647//3289 2645//3287 2428//2913 
f 2648//3290 2646//3288 2647//3289 
f 2507//3019 2506//3016 2646//3288 
f 2649//3291 2647//3289 2430//2915 
f 2650//3292 2648//3290 2649//3291 
f 2508//3022 2507//3019 2648//3290 
f 2651//3293 2649//3291 2432//2917 
f 2652//3294 2650//3292 2651//3293 
f 2509//3027 2508//3022 2650//3292 
f 2653//3295 2651//3293 2434//2919 
f 2654//3296 2652//3294 2653//3295 
f 2510//3029 2509//3027 2652//3294 
f 2655//3297 2653//3295 2436//2921 
f 2656//3298 2654//3296 2655//3297 
f 2511//3032 2510//3029 2654//3296 
f 2657//3299 2655//3297 2438//2923 
f 2658//3300 2656//3298 2657//3299 
f 2512//3037 2511//3032 2656//3298 
f 2659//3301 2657//3299 2440//2925 
f 2660//3302 2658//3300 2659//3301 
f 2513//3039 2512//3037 2658//3300 
f 2661//3303 2659//3301 2442//2927 
f 2662//3304 2660//3302 2661//3303 
f 2514//3043 2513//3039 2660//3302 
f 2663//3305 2661//3303 2444//2929 
f 2664//3306 2662//3304 2663//3305 
f 2514//3043 2662//3304 2664//3306 
f 2665//3307 2663//3305 2446//2931 
f 2666//3308 2664//3306 2665//3307 
f 2516//3052 2515//3046 2664//3306 
f 2667//3309 2665//3307 2448//2933 
f 2668//3310 2666//3308 2667//3309 
f 2666//3308 2668//3310 2517//3054 
f 2669//3311 2667//3309 2450//2935 
f 2670//3312 2668//3310 2669//3311 
f 2518//3057 2517//3054 2668//3310 
f 2671//3313 2669//3311 2452//2937 
f 2672//3314 2670//3312 2671//3313 
f 2518//3057 2670//3312 2672//3314 
f 2673//3315 2671//3313 2454//2939 
f 2672//3314 2673//3315 2674//3316 
f 2519//3060 2672//3314 2675//3317 
f 2673//3315 2456//2941 2460//2945 
f 2675//3317 2674//3316 2676//3318 
f 2520//3064 2675//3317 2677//3319 
f 2674//3316 2460//2945 2462//2947 
f 2677//3319 2676//3318 2678//3320 
f 2522//3074 2677//3319 2679//3321 
f 2676//3318 2462//2947 2464//2949 
f 2679//3321 2678//3320 2680//3322 
f 2521//3071 2679//3321 2681//3323 
f 2678//3320 2464//2949 2466//2951 
f 2681//3323 2680//3322 2682//3324 
f 2523//3077 2681//3323 2683//3325 
f 2680//3322 2466//2951 2468//2953 
f 2683//3325 2682//3324 2684//3326 
f 2524//3079 2683//3325 2685//3327 
f 2682//3324 2468//2953 2470//2955 
f 2685//3327 2684//3326 2686//3328 
f 2525//3083 2685//3327 2687//3329 
f 2684//3326 2470//2955 2472//2957 
f 2687//3329 2686//3328 2688//3330 
f 2526//3086 2687//3329 2689//3331 
f 2686//3328 2472//2957 2474//2959 
f 2689//3331 2688//3330 2690//3332 
f 2527//3089 2689//3331 2691//3333 
f 2688//3330 2474//2959 2476//2961 
f 2691//3333 2690//3332 2692//3334 
f 2528//3092 2691//3333 2693//3335 
f 2690//3332 2476//2961 2478//2963 
f 2693//3335 2692//3334 2694//3336 
f 2529//3096 2693//3335 2695//3337 
f 2692//3334 2478//2963 2480//2965 
f 2695//3337 2694//3336 2696//3338 
f 2530//3099 2695//3337 2697//3339 
f 2694//3336 2480//2965 2482//2967 
f 2697//3339 2696//3338 2698//3340 
f 2531//3102 2697//3339 2699//3341 
f 2696//3338 2482//2967 2484//2969 
f 2699//3341 2698//3340 2700//3342 
f 2532//3105 2699//3341 2701//3343 
f 2698//3340 2484//2969 2486//2971 
f 2701//3343 2700//3342 2702//3344 
f 2533//3109 2701//3343 2703//3345 
f 2700//3342 2486//2971 2488//2973 
f 2703//3345 2702//3344 2704//3346 
f 2534//3112 2703//3345 2705//3347 
f 2702//3344 2488//2973 2490//2975 
f 2705//3347 2704//3346 2706//3348 
f 2535//3115 2705//3347 2707//3349 
f 2704//3346 2490//2975 2492//2977 
f 2707//3349 2706//3348 2708//3350 
f 2536//3118 2707//3349 2709//3351 
f 2706//3348 2492//2977 2494//2979 
f 2044//3352 2043//3353 2709//3351 
f 2537//3121 2709//3351 2043//3353 
f 2708//3350 2494//2979 1973//3354 
f 1973//3354 2045//3355 2708//3350 
f 2045//3355 2044//3352 2708//3350 
f 2043//3353 1976//3125 2537//3121 
f 2709//3351 2708//3350 2044//3352 
f 2494//2979 2708//3350 2706//3348 
f 2709//3351 2537//3121 2536//3118 
f 2708//3350 2709//3351 2707//3349 
f 2492//2977 2706//3348 2704//3346 
f 2707//3349 2536//3118 2535//3115 
f 2706//3348 2707//3349 2705//3347 
f 2490//2975 2704//3346 2702//3344 
f 2705//3347 2535//3115 2534//3112 
f 2704//3346 2705//3347 2703//3345 
f 2488//2973 2702//3344 2700//3342 
f 2703//3345 2534//3112 2533//3109 
f 2702//3344 2703//3345 2701//3343 
f 2486//2971 2700//3342 2698//3340 
f 2701//3343 2533//3109 2532//3105 
f 2700//3342 2701//3343 2699//3341 
f 2484//2969 2698//3340 2696//3338 
f 2699//3341 2532//3105 2531//3102 
f 2698//3340 2699//3341 2697//3339 
f 2482//2967 2696//3338 2694//3336 
f 2697//3339 2531//3102 2530//3099 
f 2696//3338 2697//3339 2695//3337 
f 2480//2965 2694//3336 2692//3334 
f 2695//3337 2530//3099 2529//3096 
f 2694//3336 2695//3337 2693//3335 
f 2478//2963 2692//3334 2690//3332 
f 2693//3335 2529//3096 2528//3092 
f 2692//3334 2693//3335 2691//3333 
f 2476//2961 2690//3332 2688//3330 
f 2691//3333 2528//3092 2527//3089 
f 2690//3332 2691//3333 2689//3331 
f 2474//2959 2688//3330 2686//3328 
f 2689//3331 2527//3089 2526//3086 
f 2688//3330 2689//3331 2687//3329 
f 2472//2957 2686//3328 2684//3326 
f 2687//3329 2526//3086 2525//3083 
f 2686//3328 2687//3329 2685//3327 
f 2470//2955 2684//3326 2682//3324 
f 2685//3327 2525//3083 2524//3079 
f 2684//3326 2685//3327 2683//3325 
f 2468//2953 2682//3324 2680//3322 
f 2683//3325 2524//3079 2523//3077 
f 2682//3324 2683//3325 2681//3323 
f 2466//2951 2680//3322 2678//3320 
f 2681//3323 2523//3077 2521//3071 
f 2680//3322 2681//3323 2679//3321 
f 2464//2949 2678//3320 2676//3318 
f 2679//3321 2521//3071 2522//3074 
f 2678//3320 2679//3321 2677//3319 
f 2462//2947 2676//3318 2674//3316 
f 2677//3319 2522//3074 2520//3064 
f 2676//3318 2677//3319 2675//3317 
f 2460//2945 2674//3316 2673//3315 
f 2675//3317 2520//3064 2519//3060 
f 2674//3316 2675//3317 2672//3314 
f 2454//2939 2456//2941 2673//3315 
f 2672//3314 2519//3060 2518//3057 
f 2671//3313 2673//3315 2672//3314 
f 2452//2937 2454//2939 2671//3313 
f 2668//3310 2670//3312 2518//3057 
f 2669//3311 2671//3313 2670//3312 
f 2450//2935 2452//2937 2669//3311 
f 2517//3054 2516//3052 2666//3308 
f 2667//3309 2669//3311 2668//3310 
f 2448//2933 2450//2935 2667//3309 
f 2664//3306 2666//3308 2516//3052 
f 2665//3307 2667//3309 2666//3308 
f 2446//2931 2448//2933 2665//3307 
f 2664//3306 2515//3046 2514//3043 
f 2663//3305 2665//3307 2664//3306 
f 2444//2929 2446//2931 2663//3305 
f 2660//3302 2662//3304 2514//3043 
f 2661//3303 2663//3305 2662//3304 
f 2442//2927 2444//2929 2661//3303 
f 2658//3300 2660//3302 2513//3039 
f 2659//3301 2661//3303 2660//3302 
f 2440//2925 2442//2927 2659//3301 
f 2656//3298 2658//3300 2512//3037 
f 2657//3299 2659//3301 2658//3300 
f 2438//2923 2440//2925 2657//3299 
f 2654//3296 2656//3298 2511//3032 
f 2655//3297 2657//3299 2656//3298 
f 2436//2921 2438//2923 2655//3297 
f 2652//3294 2654//3296 2510//3029 
f 2653//3295 2655//3297 2654//3296 
f 2434//2919 2436//2921 2653//3295 
f 2650//3292 2652//3294 2509//3027 
f 2651//3293 2653//3295 2652//3294 
f 2432//2917 2434//2919 2651//3293 
f 2648//3290 2650//3292 2508//3022 
f 2649//3291 2651//3293 2650//3292 
f 2430//2915 2432//2917 2649//3291 
f 2646//3288 2648//3290 2507//3019 
f 2647//3289 2649//3291 2648//3290 
f 2428//2913 2430//2915 2647//3289 
f 2644//3286 2646//3288 2506//3016 
f 2645//3287 2647//3289 2646//3288 
f 2426//2911 2428//2913 2645//3287 
f 2642//3284 2644//3286 2505//3013 
f 2643//3285 2645//3287 2644//3286 
f 2424//2909 2426//2911 2643//3285 
f 2640//3282 2642//3284 2504//3010 
f 2641//3283 2643//3285 2642//3284 
f 2422//2907 2424//2909 2641//3283 
f 2638//3280 2640//3282 2503//3007 
f 2639//3281 2641//3283 2640//3282 
f 2420//2905 2422//2907 2639//3281 
f 2636//3278 2638//3280 2502//3004 
f 2637//3279 2639//3281 2638//3280 
f 2418//2903 2420//2905 2637//3279 
f 2634//3276 2636//3278 2501//3001 
f 2635//3277 2637//3279 2636//3278 
f 2416//2901 2418//2903 2635//3277 
f 2632//3274 2634//3276 2500//2998 
f 2633//3275 2635//3277 2634//3276 
f 2414//2899 2416//2901 2633//3275 
f 2630//3272 2632//3274 2499//2995 
f 2631//3273 2633//3275 2632//3274 
f 2415//2900 2414//2899 2631//3273 
f 2629//3271 2630//3272 2498//2993 
f 2628//3270 2631//3273 2630//3272 
f 2415//2900 2628//3270 2626//3268 
f 2629//3271 2497//2989 2496//2985 
f 2628//3270 2629//3271 2627//3269 
f 2412//2897 2626//3268 2624//3263 
f 2627//3269 2496//2985 2495//2981 
f 2626//3268 2627//3269 2625//3264 
f 2410//2895 2624//3263 2048//3267 
f 2047//3266 2625//3264 2495//2981 
f 2046//3265 2048//3267 2624//3263 
f 2408//3262 1981//3356 1980//3259 
f 1979//3261 1974//2980 2493//2978 
f 1978//3260 2623//3257 2622//3256 
f 2620//3253 2406//3255 2407//3258 
f 2623//3257 2493//2978 2491//2976 
f 2622//3256 2623//3257 2621//3254 
f 2406//3255 2620//3253 2618//3251 
f 2621//3254 2491//2976 2489//2974 
f 2620//3253 2621//3254 2619//3252 
f 2404//3250 2405//3255 2618//3251 
f 2619//3252 2489//2974 2487//2972 
f 2618//3251 2619//3252 2617//3249 
f 2616//3248 2614//3245 2403//3247 
f 2617//3249 2487//2972 2485//2970 
f 2616//3248 2617//3249 2615//3246 
f 2612//3242 2402//3244 2403//3247 
f 2615//3246 2485//2970 2483//2968 
f 2614//3245 2615//3246 2613//3243 
f 2402//3244 2612//3242 2610//3239 
f 2613//3243 2483//2968 2481//2966 
f 2612//3242 2613//3243 2611//3240 
f 2400//3241 2401//3244 2610//3239 
f 2611//3240 2481//2966 2479//2964 
f 2610//3239 2611//3240 2609//3238 
f 2398//3236 2399//3241 2608//3237 
f 2609//3238 2479//2964 2477//2962 
f 2608//3237 2609//3238 2607//3235 
f 2606//3234 2604//3231 2397//3233 
f 2607//3235 2477//2962 2475//2960 
f 2606//3234 2607//3235 2605//3232 
f 2397//3233 2604//3231 2602//3228 
f 2605//3232 2475//2960 2473//2958 
f 2604//3231 2605//3232 2603//3229 
f 2602//3228 2600//3225 2395//3230 
f 2603//3229 2473//2958 2471//2956 
f 2602//3228 2603//3229 2601//3226 
f 2394//3227 2395//3230 2600//3225 
f 2601//3226 2471//2956 2469//2954 
f 2600//3225 2601//3226 2599//3223 
f 2392//3224 2393//3227 2598//3222 
f 2599//3223 2469//2954 2467//2952 
f 2598//3222 2599//3223 2597//3220 
f 2594//3215 2390//3218 2391//3221 
f 2597//3220 2467//2952 2465//2950 
f 2596//3219 2597//3220 2595//3216 
f 2390//3218 2594//3215 2592//3211 
f 2595//3216 2465//2950 2463//2948 
f 2594//3215 2595//3216 2593//3212 
f 2388//3214 2389//3217 2592//3211 
f 2593//3212 2463//2948 2461//2946 
f 2592//3211 2593//3212 2591//3208 
f 2385//3209 2387//3213 2590//3207 
f 2591//3208 2461//2946 2459//2944 
f 2590//3207 2591//3208 2589//3206 
f 2384//3203 2386//3210 2588//3205 
f 2589//3206 2459//2944 2458//2943 
f 2588//3205 2589//3206 2586//3201 
f 2587//3204 2585//3200 2383//3202 
f 2584//3197 2586//3201 2458//2943 
f 2585//3200 2587//3204 2586//3201 
f 2382//3199 2383//3202 2585//3200 
f 2582//3193 2584//3197 2457//2942 
f 2583//3194 2585//3200 2584//3197 
f 2379//3195 2381//3198 2583//3194 
f 2580//3190 2582//3193 2455//2940 
f 2581//3191 2583//3194 2582//3193 
f 2377//3192 2380//3196 2581//3191 
f 2578//3187 2580//3190 2453//2938 
f 2579//3188 2581//3191 2580//3190 
f 2376//3189 2378//3192 2579//3188 
f 2576//3185 2578//3187 2451//2936 
f 2577//3186 2579//3188 2578//3187 
f 2375//3184 2376//3189 2577//3186 
f 2573//3181 2576//3185 2449//2934 
f 2575//3183 2577//3186 2576//3185 
f 2373//3184 2374//3184 2575//3183 
f 2572//3179 2573//3181 2447//2932 
f 2574//3182 2575//3183 2573//3181 
f 2372//3180 2574//3182 2571//3178 
f 2570//3176 2572//3179 2445//2930 
f 2571//3178 2574//3182 2572//3179 
f 2370//3177 2371//3180 2571//3178 
f 2568//3174 2570//3176 2443//2928 
f 2569//3175 2571//3178 2570//3176 
f 2368//3172 2369//3177 2569//3175 
f 2565//3170 2568//3174 2441//2926 
f 2567//3173 2569//3175 2568//3174 
f 2567//3173 2566//3171 2367//3169 
f 2564//3168 2565//3170 2439//2924 
f 2566//3171 2567//3173 2565//3170 
f 2367//3169 2566//3171 2563//3166 
f 2562//3165 2564//3168 2437//2922 
f 2563//3166 2566//3171 2564//3168 
f 2365//3167 2366//3169 2563//3166 
f 2560//3162 2562//3165 2435//2920 
f 2561//3164 2563//3166 2562//3165 
f 2559//3161 2363//3160 2364//3163 
f 2557//3158 2560//3162 2433//2918 
f 2559//3161 2561//3164 2560//3162 
f 2558//3159 2362//3157 2363//3160 
f 2556//3156 2557//3158 2431//2916 
f 2558//3159 2559//3161 2557//3158 
f 2362//3157 2558//3159 2555//3155 
f 2554//3153 2556//3156 2429//2914 
f 2555//3155 2558//3159 2556//3156 
f 2555//3155 2553//3152 2360//3151 
f 2551//3149 2554//3153 2427//2912 
f 2553//3152 2555//3155 2554//3153 
f 2552//3150 2359//3148 2360//3151 
f 2550//3147 2551//3149 2425//2910 
f 2552//3150 2553//3152 2551//3149 
f 2359//3148 2552//3150 2549//3146 
f 2548//3145 2550//3147 2423//2908 
f 2549//3146 2552//3150 2550//3147 
f 2357//3143 2358//3148 2549//3146 
f 2546//3142 2548//3145 2421//2906 
f 2547//3144 2549//3146 2548//3145 
f 2547//3144 2545//3141 2356//3139 
f 2544//3140 2546//3142 2419//2904 
f 2545//3141 2547//3144 2546//3142 
f 2542//3137 2355//3139 2356//3139 
f 2543//3138 2544//3140 2417//2902 
f 2542//3137 2545//3141 2544//3140 
f 2355//3139 2542//3137 2540//3134 
f 2543//3138 2413//2898 2411//2896 
f 2542//3137 2543//3138 2541//3135 
f 2352//3136 2354//3139 2540//3134 
f 2541//3135 2411//2896 2409//2894 
f 2540//3134 2541//3135 2539//3129 
f 2050//3133 2353//3136 2538//3128 
f 2539//3129 2409//2894 2040//3131 
f 2039//3130 2038//3132 2538//3128 
f 1773//3127 1775//3122 2537//3121 
f 1776//3124 1778//3119 2536//3118 
f 1777//3120 1779//3116 2535//3115 
f 1780//3117 1781//3113 2534//3112 
f 1782//3114 1783//3110 2533//3109 
f 1784//3111 1786//3106 2532//3105 
f 1787//3108 1788//3103 2531//3102 
f 1789//3104 1790//3100 2530//3099 
f 1791//3101 1792//3097 2529//3096 
f 1793//3098 1794//3093 2528//3092 
f 1796//3095 1797//3090 2527//3089 
f 1798//3091 1799//3087 2526//3086 
f 1800//3088 1802//3357 2525//3083 
f 2525//3083 1802//3357 1801//3085 
f 1806//3082 1808//3078 2523//3077 
f 1810//3076 1809//3072 2521//3071 
f 1811//3073 1812//3068 2522//3074 
f 2520//3064 2522//3074 1812//3068 
f 1817//3065 1818//3061 2519//3060 
f 1820//3063 1821//3059 2518//3057 
f 1822//3058 1823//3056 2517//3054 
f 1824//3055 1826//3053 2516//3052 
f 1828//3051 1827//3047 2515//3046 
f 1831//3049 1830//3045 2514//3043 
f 1832//3044 1833//3041 2513//3039 
f 1835//3040 1836//3038 2512//3037 
f 1838//3036 1840//3034 2511//3032 
f 1839//3033 1841//3031 2510//3029 
f 1842//3030 1844//3028 2509//3027 
f 1845//3026 1846//3023 2508//3022 
f 1847//3024 1848//3021 2507//3019 
f 1849//3020 1850//3018 2506//3016 
f 1851//3017 1852//3014 2505//3013 
f 1853//3015 1854//3012 2504//3010 
f 1855//3011 1856//3009 2503//3007 
f 1857//3008 1859//3006 2502//3004 
f 1858//3005 1860//3003 2501//3001 
f 1861//3002 1862//3000 2500//2998 
f 1863//2999 1864//2997 2499//2995 
f 1865//2996 1867//2994 2498//2993 
f 2497//2989 2498//2993 1866//2992 
f 1869//2991 1871//2986 2496//2985 
f 1872//2988 1874//2982 2495//2981 
f 1873//2983 1875//3358 1977//2984 
f 1974//2980 1973//3354 2494//2979 
f 2493//2978 2494//2979 2492//2977 
f 2491//2976 2492//2977 2490//2975 
f 2489//2974 2490//2975 2488//2973 
f 2487//2972 2488//2973 2486//2971 
f 2485//2970 2486//2971 2484//2969 
f 2483//2968 2484//2969 2482//2967 
f 2481//2966 2482//2967 2480//2965 
f 2479//2964 2480//2965 2478//2963 
f 2477//2962 2478//2963 2476//2961 
f 2475//2960 2476//2961 2474//2959 
f 2473//2958 2474//2959 2472//2957 
f 2471//2956 2472//2957 2470//2955 
f 2469//2954 2470//2955 2468//2953 
f 2467//2952 2468//2953 2466//2951 
f 2465//2950 2466//2951 2464//2949 
f 2463//2948 2464//2949 2462//2947 
f 2461//2946 2462//2947 2460//2945 
f 2459//2944 2460//2945 2456//2941 
f 2457//2942 2458//2943 2456//2941 
f 2455//2940 2457//2942 2454//2939 
f 2453//2938 2455//2940 2452//2937 
f 2451//2936 2453//2938 2450//2935 
f 2449//2934 2451//2936 2448//2933 
f 2447//2932 2449//2934 2446//2931 
f 2445//2930 2447//2932 2444//2929 
f 2443//2928 2445//2930 2442//2927 
f 2441//2926 2443//2928 2440//2925 
f 2439//2924 2441//2926 2438//2923 
f 2437//2922 2439//2924 2436//2921 
f 2435//2920 2437//2922 2434//2919 
f 2433//2918 2435//2920 2432//2917 
f 2431//2916 2433//2918 2430//2915 
f 2429//2914 2431//2916 2428//2913 
f 2427//2912 2429//2914 2426//2911 
f 2425//2910 2427//2912 2424//2909 
f 2423//2908 2425//2910 2422//2907 
f 2421//2906 2423//2908 2420//2905 
f 2419//2904 2421//2906 2418//2903 
f 2417//2902 2419//2904 2416//2901 
f 2413//2898 2417//2902 2414//2899 
f 2413//2898 2415//2900 2412//2897 
f 2411//2896 2412//2897 2410//2895 
f 1975//2893 2040//3131 2409//2894 
o mesh9
f 2012//3359 2710//3359 2711//3359 
f 2011//3359 2712//3359 2713//3359 
f 2013//3359 2714//3359 2715//3359 
f 2012//3359 2716//3359 2710//3359 
f 2713//3359 2012//3359 2011//3359 
f 2717//3359 2718//3359 2011//3359 
f 2719//3359 2720//3359 2007//3359 
f 2721//3359 2722//3359 2004//3359 
f 2723//3359 2724//3359 2002//3359 
f 2725//3359 2726//3359 1998//3359 
f 2727//3359 2728//3359 1993//3359 
f 2729//3359 2727//3359 1990//3359 
f 2730//3359 2400//3359 2399//3359 
f 2385//3359 2386//3359 2731//3359 
f 2014//3359 2715//3359 2732//3359 
f 2013//3359 2711//3359 2714//3359 
f 2713//3359 2716//3359 2012//3359 
f 2011//3359 2010//3359 2717//3359 
f 2006//3359 2722//3359 2719//3359 
f 2004//3359 2005//3359 2721//3359 
f 2724//3359 2721//3359 2003//3359 
f 2726//3359 2001//3359 2000//3359 
f 2001//3359 2726//3359 2723//3359 
f 1998//3359 1997//3359 2725//3359 
f 2728//3359 2725//3359 1995//3359 
f 1993//3359 1992//3359 2727//3359 
f 2729//3359 1988//3359 1987//3359 
f 1990//3359 1989//3359 2729//3359 
f 2733//3359 2403//3359 2402//3359 
f 2730//3359 2401//3359 2400//3359 
f 2386//3359 2734//3359 2731//3359 
f 2386//3359 2735//3359 2736//3359 
f 2384//3359 2737//3359 2735//3359 
f 2015//3359 2014//3359 2738//3359 
f 2715//3359 2014//3359 2013//3359 
f 2718//3359 2712//3359 2011//3359 
f 2007//3359 2006//3359 2719//3359 
f 2003//3359 2002//3359 2724//3359 
f 2002//3359 2001//3359 2723//3359 
f 1997//3359 1996//3359 2725//3359 
f 1995//3359 1994//3359 2728//3359 
f 1992//3359 1991//3359 2727//3359 
f 1989//3359 1988//3359 2729//3359 
f 2739//3359 2405//3359 2404//3359 
f 2729//3359 1981//3359 2408//3359 
f 2729//3359 1984//3359 1982//3359 
f 2729//3359 1986//3359 1985//3359 
f 2733//3359 2404//3359 2403//3359 
f 2730//3359 2402//3359 2401//3359 
f 2740//3359 2399//3359 2398//3359 
f 2741//3359 2398//3359 2397//3359 
f 2742//3359 2395//3359 2394//3359 
f 2385//3359 2743//3359 2744//3359 
f 2736//3359 2734//3359 2386//3359 
f 2384//3359 2745//3359 2737//3359 
f 2746//3359 2747//3359 2383//3359 
f 2748//3359 2037//3359 2036//3359 
f 2749//3359 2050//3359 2042//3359 
f 2749//3359 2354//3359 2352//3359 
f 2749//3359 2356//3359 2355//3359 
f 2750//3359 2034//3359 2033//3359 
f 2751//3359 2022//3359 2021//3359 
f 2752//3359 2021//3359 2020//3359 
f 2753//3359 2020//3359 2019//3359 
f 2014//3359 2754//3359 2738//3359 
f 2711//3359 2013//3359 2012//3359 
f 2755//3359 2717//3359 2010//3359 
f 2756//3359 2757//3359 2009//3359 
f 2720//3359 2758//3359 2008//3359 
f 2005//3359 2003//3359 2721//3359 
f 2000//3359 1999//3359 2726//3359 
f 1994//3359 1993//3359 2728//3359 
f 1987//3359 1986//3359 2729//3359 
f 2404//3359 2733//3359 2739//3359 
f 2729//3359 2407//3359 2406//3359 
f 2729//3359 1983//3359 1981//3359 
f 1985//3359 1984//3359 2729//3359 
f 2399//3359 2740//3359 2730//3359 
f 2397//3359 2759//3359 2741//3359 
f 2759//3359 2397//3359 2396//3359 
f 2742//3359 2396//3359 2395//3359 
f 2760//3359 2390//3359 2389//3359 
f 2385//3359 2761//3359 2743//3359 
f 2735//3359 2386//3359 2384//3359 
f 2384//3359 2383//3359 2762//3359 
f 2383//3359 2747//3359 2763//3359 
f 2382//3359 2764//3359 2746//3359 
f 2381//3359 2765//3359 2766//3359 
f 2767//3359 2768//3359 2381//3359 
f 2769//3359 2770//3359 2378//3359 
f 2771//3359 2772//3359 2373//3359 
f 2773//3359 2774//3359 2370//3359 
f 2775//3359 2776//3359 2367//3359 
f 2748//3359 2041//3359 2037//3359 
f 2749//3359 2353//3359 2050//3359 
f 2355//3359 2354//3359 2749//3359 
f 2750//3359 2035//3359 2034//3359 
f 2777//3359 2030//3359 2028//3359 
f 2778//3359 2026//3359 2025//3359 
f 2779//3359 2025//3359 2024//3359 
f 2780//3359 2024//3359 2023//3359 
f 2021//3359 2781//3359 2751//3359 
f 2021//3359 2752//3359 2782//3359 
f 2019//3359 2783//3359 2753//3359 
f 2784//3359 2019//3359 2018//3359 
f 2785//3359 2017//3359 2016//3359 
f 2016//3359 2015//3359 2786//3359 
f 2732//3359 2754//3359 2014//3359 
f 2009//3359 2787//3359 2755//3359 
f 2009//3359 2008//3359 2756//3359 
f 2008//3359 2007//3359 2720//3359 
f 1999//3359 1998//3359 2726//3359 
f 1991//3359 1990//3359 2727//3359 
f 2406//3359 2405//3359 2729//3359 
f 1982//3359 1983//3359 2729//3359 
f 2398//3359 2741//3359 2740//3359 
f 2394//3359 2788//3359 2742//3359 
f 2789//3359 2393//3359 2392//3359 
f 2790//3359 2391//3359 2390//3359 
f 2390//3359 2760//3359 2791//3359 
f 2389//3359 2792//3359 2793//3359 
f 2792//3359 2389//3359 2388//3359 
f 2794//3359 2388//3359 2387//3359 
f 2731//3359 2761//3359 2385//3359 
f 2384//3359 2795//3359 2796//3359 
f 2762//3359 2797//3359 2384//3359 
f 2383//3359 2382//3359 2746//3359 
f 2766//3359 2382//3359 2381//3359 
f 2381//3359 2379//3359 2767//3359 
f 2798//3359 2799//3359 2377//3359 
f 2376//3359 2800//3359 2769//3359 
f 2373//3359 2372//3359 2771//3359 
f 2774//3359 2771//3359 2371//3359 
f 2776//3359 2369//3359 2368//3359 
f 2369//3359 2776//3359 2773//3359 
f 2367//3359 2366//3359 2775//3359 
f 2801//3359 2775//3359 2365//3359 
f 2749//3359 2802//3359 2360//3359 
f 2036//3359 2750//3359 2748//3359 
f 2352//3359 2353//3359 2749//3359 
f 2750//3359 2036//3359 2035//3359 
f 2803//3359 2033//3359 2032//3359 
f 2028//3359 2804//3359 2777//3359 
f 2805//3359 2031//3359 2029//3359 
f 2025//3359 2779//3359 2778//3359 
f 2804//3359 2028//3359 2027//3359 
f 2023//3359 2806//3359 2780//3359 
f 2806//3359 2023//3359 2022//3359 
f 2020//3359 2753//3359 2752//3359 
f 2018//3359 2807//3359 2784//3359 
f 2017//3359 2808//3359 2809//3359 
f 2016//3359 2810//3359 2811//3359 
f 2786//3359 2812//3359 2016//3359 
f 2015//3359 2813//3359 2814//3359 
f 2010//3359 2009//3359 2755//3359 
f 2758//3359 2756//3359 2008//3359 
f 1996//3359 1995//3359 2725//3359 
f 2408//3359 2407//3359 2729//3359 
f 2396//3359 2742//3359 2759//3359 
f 2392//3359 2815//3359 2789//3359 
f 2390//3359 2816//3359 2790//3359 
f 2389//3359 2793//3359 2760//3359 
f 2387//3359 2817//3359 2794//3359 
f 2387//3359 2744//3359 2818//3359 
f 2796//3359 2745//3359 2384//3359 
f 2763//3359 2762//3359 2383//3359 
f 2768//3359 2765//3359 2381//3359 
f 2799//3359 2819//3359 2380//3359 
f 2378//3359 2770//3359 2798//3359 
f 2378//3359 2376//3359 2769//3359 
f 2371//3359 2370//3359 2774//3359 
f 2370//3359 2369//3359 2773//3359 
f 2801//3359 2364//3359 2363//3359 
f 2365//3359 2364//3359 2801//3359 
f 2802//3359 2801//3359 2362//3359 
f 2749//3359 2358//3359 2357//3359 
f 2360//3359 2359//3359 2749//3359 
f 2042//3359 2041//3359 2749//3359 
f 2032//3359 2805//3359 2803//3359 
f 2029//3359 2030//3359 2805//3359 
f 2027//3359 2026//3359 2804//3359 
f 2751//3359 2806//3359 2022//3359 
f 2784//3359 2783//3359 2019//3359 
f 2018//3359 2809//3359 2820//3359 
f 2017//3359 2785//3359 2808//3359 
f 2812//3359 2810//3359 2016//3359 
f 2738//3359 2813//3359 2015//3359 
f 2006//3359 2004//3359 2722//3359 
f 2402//3359 2730//3359 2733//3359 
f 2788//3359 2394//3359 2393//3359 
f 2815//3359 2392//3359 2391//3359 
f 2388//3359 2794//3359 2792//3359 
f 2744//3359 2387//3359 2385//3359 
f 2766//3359 2764//3359 2382//3359 
f 2821//3359 2822//3359 2379//3359 
f 2380//3359 2377//3359 2799//3359 
f 2376//3359 2375//3359 2800//3359 
f 2823//3359 2800//3359 2375//3359 
f 2368//3359 2367//3359 2776//3359 
f 2366//3359 2365//3359 2775//3359 
f 2362//3359 2361//3359 2802//3359 
f 2359//3359 2358//3359 2749//3359 
f 2033//3359 2803//3359 2750//3359 
f 2805//3359 2032//3359 2031//3359 
f 2024//3359 2780//3359 2779//3359 
f 2820//3359 2807//3359 2018//3359 
f 2016//3359 2811//3359 2785//3359 
f 2015//3359 2824//3359 2825//3359 
f 2757//3359 2787//3359 2009//3359 
f 2789//3359 2788//3359 2393//3359 
f 2791//3359 2816//3359 2390//3359 
f 2797//3359 2795//3359 2384//3359 
f 2379//3359 2380//3359 2821//3359 
f 2377//3359 2378//3359 2798//3359 
f 2374//3359 2772//3359 2823//3359 
f 2363//3359 2362//3359 2801//3359 
f 2357//3359 2356//3359 2749//3359 
f 2777//3359 2805//3359 2030//3359 
f 2782//3359 2781//3359 2021//3359 
f 2825//3359 2786//3359 2015//3359 
f 2739//3359 2729//3359 2405//3359 
f 2818//3359 2817//3359 2387//3359 
f 2819//3359 2821//3359 2380//3359 
f 2375//3359 2374//3359 2823//3359 
f 2361//3359 2360//3359 2802//3359 
f 2778//3359 2804//3359 2026//3359 
f 2814//3359 2824//3359 2015//3359 
f 2822//3359 2767//3359 2379//3359 
f 2372//3359 2371//3359 2771//3359 
f 2809//3359 2018//3359 2017//3359 
f 2374//3359 2373//3359 2772//3359 
f 2790//3359 2815//3359 2391//3359 
f 2748//3359 2749//3359 2041//3359 
o mesh10
f 2824//3360 2826//3361 2827//3362 
f 2827//3362 2825//3362 2824//3360 
f 2786//3363 2827//3362 2828//3364 
f 2828//3364 2812//3364 2786//3363 
f 2810//3365 2828//3364 2829//3366 
f 2829//3366 2811//3366 2810//3365 
f 2785//3367 2829//3366 2830//3368 
f 2830//3368 2808//3368 2785//3367 
f 2809//3369 2830//3368 2831//3370 
f 2831//3370 2820//3370 2809//3369 
f 2807//3371 2831//3370 2832//3372 
f 2832//3372 2784//3372 2807//3371 
f 2783//3373 2832//3372 2833//3374 
f 2833//3374 2753//3374 2783//3373 
f 2752//3375 2833//3374 2834//3376 
f 2834//3376 2782//3376 2752//3375 
f 2781//3377 2834//3376 2835//3378 
f 2835//3378 2751//3378 2781//3377 
f 2806//3379 2835//3378 2836//3380 
f 2836//3380 2780//3380 2806//3379 
f 2779//3381 2836//3380 2837//3382 
f 2837//3382 2778//3382 2779//3381 
f 2804//3383 2837//3382 2838//3384 
f 2838//3384 2777//3384 2804//3383 
f 2805//3385 2838//3384 2839//3386 
f 2839//3386 2803//3386 2805//3385 
f 2750//3387 2839//3386 2840//3388 
f 2840//3388 2748//3388 2750//3387 
f 2802//3389 2749//3390 2841//3391 
f 2748//3388 2840//3388 2841//3391 
f 2841//3391 2749//3390 2748//3388 
f 2801//3392 2842//3393 2843//3394 
f 2843//3394 2775//3394 2801//3392 
f 2776//3395 2843//3394 2844//3396 
f 2844//3396 2773//3396 2776//3395 
f 2774//3397 2844//3396 2845//3398 
f 2845//3398 2771//3398 2774//3397 
f 2772//3399 2845//3398 2846//3400 
f 2846//3400 2823//3400 2772//3399 
f 2800//3401 2846//3400 2847//3402 
f 2847//3402 2769//3402 2800//3401 
f 2770//3403 2847//3402 2848//3404 
f 2848//3404 2798//3404 2770//3403 
f 2799//3405 2848//3404 2849//3406 
f 2849//3406 2819//3406 2799//3405 
f 2821//3407 2849//3406 2850//3408 
f 2850//3408 2822//3408 2821//3407 
f 2767//3409 2850//3408 2851//3410 
f 2851//3410 2768//3410 2767//3409 
f 2765//3411 2851//3410 2852//3412 
f 2852//3412 2766//3412 2765//3411 
f 2764//3413 2852//3412 2853//3414 
f 2853//3414 2746//3414 2764//3413 
f 2747//3415 2853//3414 2854//3416 
f 2854//3416 2763//3416 2747//3415 
f 2762//3417 2854//3416 2855//3418 
f 2855//3418 2797//3418 2762//3417 
f 2795//3419 2855//3418 2856//3420 
f 2856//3420 2796//3420 2795//3419 
f 2745//3421 2796//3420 2856//3420 
f 2857//3422 2737//3422 2745//3421 
f 2735//3423 2737//3422 2857//3422 
f 2858//3424 2736//3424 2735//3423 
f 2734//3425 2736//3424 2858//3424 
f 2859//3426 2731//3426 2734//3425 
f 2761//3427 2731//3426 2859//3426 
f 2860//3428 2743//3428 2761//3427 
f 2744//3429 2743//3428 2860//3428 
f 2861//3430 2818//3430 2744//3429 
f 2817//3431 2818//3430 2861//3430 
f 2862//3432 2794//3432 2817//3431 
f 2792//3433 2794//3432 2862//3432 
f 2863//3434 2793//3434 2792//3433 
f 2760//3435 2793//3434 2863//3434 
f 2864//3436 2791//3436 2760//3435 
f 2816//3437 2791//3436 2864//3436 
f 2865//3438 2790//3438 2816//3437 
f 2815//3439 2790//3438 2865//3438 
f 2866//3440 2789//3440 2815//3439 
f 2788//3441 2789//3440 2866//3440 
f 2867//3442 2742//3442 2788//3441 
f 2759//3443 2742//3442 2867//3442 
f 2868//3444 2741//3444 2759//3443 
f 2740//3445 2741//3444 2868//3444 
f 2869//3446 2730//3446 2740//3445 
f 2733//3447 2730//3446 2869//3446 
f 2870//3448 2739//3448 2733//3447 
f 2727//3449 2729//3450 2871//3451 
f 2739//3448 2870//3448 2871//3451 
f 2871//3451 2729//3450 2739//3448 
f 2728//3452 2727//3449 2872//3453 
f 2873//3454 2725//3454 2728//3452 
f 2726//3455 2725//3454 2873//3454 
f 2874//3456 2723//3456 2726//3455 
f 2724//3457 2723//3456 2874//3456 
f 2875//3458 2721//3458 2724//3457 
f 2722//3459 2721//3458 2875//3458 
f 2876//3460 2719//3460 2722//3459 
f 2720//3461 2719//3460 2876//3460 
f 2877//3462 2758//3462 2720//3461 
f 2756//3463 2758//3462 2877//3462 
f 2878//3464 2757//3464 2756//3463 
f 2787//3465 2757//3464 2878//3464 
f 2879//3466 2755//3466 2787//3465 
f 2717//3467 2755//3466 2879//3466 
f 2880//3468 2718//3468 2717//3467 
f 2712//3469 2718//3468 2880//3468 
f 2881//3470 2713//3470 2712//3469 
f 2716//3471 2713//3470 2881//3470 
f 2882//3472 2710//3472 2716//3471 
f 2711//3473 2710//3472 2882//3472 
f 2883//3474 2714//3474 2711//3473 
f 2715//3475 2714//3474 2883//3474 
f 2884//3476 2732//3476 2715//3475 
f 2754//3477 2732//3476 2884//3476 
f 2885//3478 2738//3478 2754//3477 
f 2813//3479 2738//3478 2885//3478 
f 2826//3361 2814//3480 2813//3479 
f 2885//3478 2826//3361 2813//3479 
f 2884//3476 2885//3478 2754//3477 
f 2883//3474 2884//3476 2715//3475 
f 2882//3472 2883//3474 2711//3473 
f 2881//3470 2882//3472 2716//3471 
f 2880//3468 2881//3470 2712//3469 
f 2879//3466 2880//3468 2717//3467 
f 2878//3464 2879//3466 2787//3465 
f 2877//3462 2878//3464 2756//3463 
f 2876//3460 2877//3462 2720//3461 
f 2875//3458 2876//3460 2722//3459 
f 2874//3456 2875//3458 2724//3457 
f 2873//3454 2874//3456 2726//3455 
f 2872//3453 2873//3454 2728//3452 
f 2871//3451 2872//3453 2727//3449 
f 2869//3446 2870//3448 2733//3447 
f 2868//3444 2869//3446 2740//3445 
f 2867//3442 2868//3444 2759//3443 
f 2866//3440 2867//3442 2788//3441 
f 2865//3438 2866//3440 2815//3439 
f 2864//3436 2865//3438 2816//3437 
f 2863//3434 2864//3436 2760//3435 
f 2862//3432 2863//3434 2792//3433 
f 2861//3430 2862//3432 2817//3431 
f 2860//3428 2861//3430 2744//3429 
f 2859//3426 2860//3428 2761//3427 
f 2858//3424 2859//3426 2734//3425 
f 2857//3422 2858//3424 2735//3423 
f 2856//3420 2857//3422 2745//3421 
f 2795//3419 2797//3418 2855//3418 
f 2762//3417 2763//3416 2854//3416 
f 2747//3415 2746//3414 2853//3414 
f 2764//3413 2766//3412 2852//3412 
f 2765//3411 2768//3410 2851//3410 
f 2767//3409 2822//3408 2850//3408 
f 2821//3407 2819//3406 2849//3406 
f 2799//3405 2798//3404 2848//3404 
f 2770//3403 2769//3402 2847//3402 
f 2800//3401 2823//3400 2846//3400 
f 2772//3399 2771//3398 2845//3398 
f 2774//3397 2773//3396 2844//3396 
f 2776//3395 2775//3394 2843//3394 
f 2801//3392 2802//3389 2842//3393 
f 2841//3391 2842//3393 2802//3389 
f 2750//3387 2803//3386 2839//3386 
f 2805//3385 2777//3384 2838//3384 
f 2804//3383 2778//3382 2837//3382 
f 2779//3381 2780//3380 2836//3380 
f 2806//3379 2751//3378 2835//3378 
f 2781//3377 2782//3376 2834//3376 
f 2752//3375 2753//3374 2833//3374 
f 2783//3373 2784//3372 2832//3372 
f 2807//3371 2820//3370 2831//3370 
f 2809//3369 2808//3368 2830//3368 
f 2785//3367 2811//3366 2829//3366 
f 2810//3365 2812//3364 2828//3364 
f 2786//3363 2825//3362 2827//3362 
f 2824//3360 2814//3480 2826//3361 
o mesh11
f 2856//3481 2886//3481 2887//3482 
f 2887//3482 2857//3483 2856//3481 
f 2858//3484 2857//3483 2888//3483 
f 2888//3483 2889//3485 2858//3484 
f 2859//3486 2858//3484 2890//3487 
f 2890//3487 2891//3488 2859//3486 
f 2860//3489 2859//3486 2892//3490 
f 2892//3490 2893//3491 2860//3489 
f 2861//3492 2860//3489 2894//3493 
f 2894//3493 2895//3494 2861//3492 
f 2862//3495 2861//3492 2896//3496 
f 2896//3496 2897//3497 2862//3495 
f 2863//3498 2862//3495 2898//3499 
f 2898//3499 2899//3500 2863//3498 
f 2864//3501 2863//3498 2900//3502 
f 2865//3503 2864//3501 2901//3504 
f 2866//3505 2865//3503 2902//3506 
f 2867//3507 2866//3505 2903//3508 
f 2868//3509 2867//3507 2904//3510 
f 2869//3511 2868//3509 2905//3512 
f 2870//3513 2869//3511 2906//3514 
f 2871//3515 2870//3513 2907//3516 
f 2908//3517 2872//3517 2871//3515 
f 2873//3518 2872//3517 2908//3517 
f 2874//3519 2873//3518 2909//3518 
f 2875//3520 2874//3519 2910//3519 
f 2876//3521 2875//3520 2911//3520 
f 2877//3522 2876//3521 2912//3521 
f 2878//3523 2877//3522 2913//3522 
f 2879//3524 2878//3523 2914//3523 
f 2880//3525 2879//3524 2915//3524 
f 2915//3524 2916//3526 2880//3525 
f 2881//3527 2880//3525 2917//3528 
f 2917//3528 2918//3529 2881//3527 
f 2882//3530 2881//3527 2919//3531 
f 2919//3531 2920//3532 2882//3530 
f 2883//3533 2882//3530 2921//3534 
f 2921//3534 2922//3535 2883//3533 
f 2884//3536 2883//3533 2923//3537 
f 2923//3537 2924//3538 2884//3536 
f 2885//3539 2884//3536 2925//3540 
f 2925//3540 2926//3541 2885//3539 
f 2826//3542 2885//3539 2927//3543 
f 2927//3543 2928//3544 2826//3542 
f 2826//3542 2929//3545 2930//3546 
f 2826//3542 2931//3547 2929//3545 
f 2827//3546 2932//3548 2933//3549 
f 2827//3546 2930//3546 2932//3548 
f 2828//3549 2934//3550 2935//3551 
f 2828//3549 2933//3549 2934//3550 
f 2829//3551 2936//3552 2937//3553 
f 2829//3551 2935//3551 2936//3552 
f 2830//3553 2938//3554 2939//3555 
f 2830//3553 2937//3553 2938//3554 
f 2831//3555 2940//3556 2941//3557 
f 2831//3555 2939//3555 2940//3556 
f 2832//3557 2942//3558 2943//3559 
f 2832//3557 2941//3557 2942//3558 
f 2833//3559 2943//3559 2944//3560 
f 2834//3560 2944//3560 2945//3561 
f 2835//3561 2945//3561 2946//3562 
f 2836//3562 2946//3562 2947//3563 
f 2837//3563 2947//3563 2948//3564 
f 2838//3564 2948//3564 2949//3565 
f 2839//3565 2949//3565 2950//3566 
f 2841//3567 2950//3566 2951//3568 
f 2951//3568 2842//3568 2841//3567 
f 2842//3568 2951//3568 2952//3569 
f 2843//3569 2952//3569 2953//3570 
f 2844//3570 2953//3570 2954//3571 
f 2845//3571 2954//3571 2955//3572 
f 2846//3572 2955//3572 2956//3573 
f 2847//3573 2956//3573 2957//3574 
f 2848//3574 2957//3574 2958//3575 
f 2849//3575 2959//3576 2960//3577 
f 2849//3575 2958//3575 2959//3576 
f 2850//3577 2961//3578 2962//3579 
f 2850//3577 2960//3577 2961//3578 
f 2851//3579 2963//3580 2964//3581 
f 2851//3579 2962//3579 2963//3580 
f 2852//3581 2965//3582 2966//3583 
f 2852//3581 2964//3581 2965//3582 
f 2853//3583 2967//3584 2968//3585 
f 2853//3583 2966//3583 2967//3584 
f 2854//3585 2969//3586 2970//3587 
f 2854//3585 2968//3585 2969//3586 
f 2856//3481 2855//3587 2971//3588 
f 2855//3587 2970//3587 2971//3588 
f 2971//3588 2886//3481 2856//3481 
f 2970//3587 2855//3587 2854//3585 
f 2968//3585 2854//3585 2853//3583 
f 2966//3583 2853//3583 2852//3581 
f 2964//3581 2852//3581 2851//3579 
f 2962//3579 2851//3579 2850//3577 
f 2960//3577 2850//3577 2849//3575 
f 2958//3575 2849//3575 2848//3574 
f 2957//3574 2848//3574 2847//3573 
f 2956//3573 2847//3573 2846//3572 
f 2955//3572 2846//3572 2845//3571 
f 2954//3571 2845//3571 2844//3570 
f 2953//3570 2844//3570 2843//3569 
f 2952//3569 2843//3569 2842//3568 
f 2841//3567 2840//3589 2950//3566 
f 2950//3566 2840//3589 2839//3565 
f 2949//3565 2839//3565 2838//3564 
f 2948//3564 2838//3564 2837//3563 
f 2947//3563 2837//3563 2836//3562 
f 2946//3562 2836//3562 2835//3561 
f 2945//3561 2835//3561 2834//3560 
f 2944//3560 2834//3560 2833//3559 
f 2943//3559 2833//3559 2832//3557 
f 2941//3557 2832//3557 2831//3555 
f 2939//3555 2831//3555 2830//3553 
f 2937//3553 2830//3553 2829//3551 
f 2935//3551 2829//3551 2828//3549 
f 2933//3549 2828//3549 2827//3546 
f 2930//3546 2827//3546 2826//3542 
f 2928//3544 2931//3547 2826//3542 
f 2926//3541 2927//3543 2885//3539 
f 2924//3538 2925//3540 2884//3536 
f 2922//3535 2923//3537 2883//3533 
f 2920//3532 2921//3534 2882//3530 
f 2918//3529 2919//3531 2881//3527 
f 2916//3526 2917//3528 2880//3525 
f 2914//3523 2915//3524 2879//3524 
f 2913//3522 2914//3523 2878//3523 
f 2912//3521 2913//3522 2877//3522 
f 2911//3520 2912//3521 2876//3521 
f 2910//3519 2911//3520 2875//3520 
f 2909//3518 2910//3519 2874//3519 
f 2908//3517 2909//3518 2873//3518 
f 2907//3516 2908//3517 2871//3515 
f 2906//3514 2907//3516 2870//3513 
f 2905//3512 2906//3514 2869//3511 
f 2904//3510 2905//3512 2868//3509 
f 2903//3508 2904//3510 2867//3507 
f 2902//3506 2903//3508 2866//3505 
f 2901//3504 2902//3506 2865//3503 
f 2900//3502 2901//3504 2864//3501 
f 2899//3500 2900//3502 2863//3498 
f 2897//3497 2898//3499 2862//3495 
f 2895//3494 2896//3496 2861//3492 
f 2893//3491 2894//3493 2860//3489 
f 2891//3488 2892//3490 2859//3486 
f 2889//3485 2890//3487 2858//3484 
f 2887//3482 2888//3483 2857//3483 
o mesh12
f 2972//3590 2926//3591 2925//3592 
f 2972//3590 2927//3593 2926//3591 
f 2972//3590 2928//3594 2927//3593 
f 2972//3590 2931//3595 2928//3594 
f 2972//3590 2973//3596 2936//3597 
f 2973//3596 2943//3598 2942//3599 
f 2942//3599 2941//3600 2973//3596 
f 2941//3600 2940//3601 2973//3596 
f 2940//3601 2939//3602 2973//3596 
f 2939//3602 2938//3603 2973//3596 
f 2938//3603 2937//3604 2973//3596 
f 2937//3604 2936//3597 2973//3596 
f 2936//3597 2935//3605 2972//3590 
f 2935//3605 2934//3606 2972//3590 
f 2934//3606 2933//3607 2972//3590 
f 2933//3607 2932//3608 2972//3590 
f 2932//3608 2930//3609 2972//3590 
f 2930//3609 2929//3610 2972//3590 
f 2929//3610 2931//3595 2972//3590 
f 2973//3596 2944//3611 2943//3598 
f 2973//3596 2974//3612 2950//3613 
f 2974//3612 2952//3614 2951//3615 
f 2951//3615 2950//3613 2974//3612 
f 2974//3612 2953//3616 2952//3614 
f 2950//3613 2949//3617 2973//3596 
f 2974//3612 2954//3618 2953//3616 
f 2949//3617 2948//3619 2973//3596 
f 2974//3612 2955//3620 2954//3618 
f 2948//3619 2947//3621 2973//3596 
f 2974//3612 2956//3622 2955//3620 
f 2947//3621 2946//3623 2973//3596 
f 2974//3612 2957//3624 2956//3622 
f 2946//3623 2945//3625 2973//3596 
f 2974//3612 2960//3626 2959//3627 
f 2974//3612 2962//3628 2961//3629 
f 2961//3629 2960//3626 2974//3612 
f 2974//3612 2964//3630 2963//3631 
f 2963//3631 2962//3628 2974//3612 
f 2974//3612 2966//3632 2965//3633 
f 2965//3633 2964//3630 2974//3612 
f 2974//3612 2886//3634 2971//3635 
f 2971//3635 2970//3636 2974//3612 
f 2970//3636 2969//3637 2974//3612 
f 2969//3637 2968//3638 2974//3612 
f 2968//3638 2967//3639 2974//3612 
f 2967//3639 2966//3632 2974//3612 
f 2959//3627 2958//3640 2974//3612 
f 2958//3640 2957//3624 2974//3612 
f 2945//3625 2944//3611 2973//3596 
f 2975//3641 2976//3642 2892//3643 
f 2976//3642 2900//3644 2899//3645 
f 2899//3645 2898//3646 2976//3642 
f 2898//3646 2897//3647 2976//3642 
f 2897//3647 2896//3648 2976//3642 
f 2896//3648 2895//3649 2976//3642 
f 2895//3649 2894//3650 2976//3642 
f 2894//3650 2893//3651 2976//3642 
f 2976//3642 2901//3652 2900//3644 
f 2893//3651 2892//3643 2976//3642 
f 2976//3642 2908//3653 2907//3654 
f 2977//3655 2909//3656 2908//3653 
f 2908//3653 2976//3642 2977//3655 
f 2907//3654 2906//3657 2976//3642 
f 2977//3655 2910//3658 2909//3656 
f 2906//3657 2905//3659 2976//3642 
f 2977//3655 2911//3660 2910//3658 
f 2905//3659 2904//3661 2976//3642 
f 2977//3655 2912//3662 2911//3660 
f 2904//3661 2903//3663 2976//3642 
f 2977//3655 2913//3664 2912//3662 
f 2903//3663 2902//3665 2976//3642 
f 2977//3655 2914//3666 2913//3664 
f 2902//3665 2901//3652 2976//3642 
f 2977//3655 2917//3667 2916//3668 
f 2977//3655 2918//3669 2917//3667 
f 2977//3655 2919//3670 2918//3669 
f 2972//3590 2920//3671 2919//3670 
f 2919//3670 2977//3655 2972//3590 
f 2972//3590 2921//3672 2920//3671 
f 2972//3590 2922//3673 2921//3672 
f 2972//3590 2923//3674 2922//3673 
f 2972//3590 2924//3675 2923//3674 
f 2916//3668 2915//3676 2977//3655 
f 2915//3676 2914//3666 2977//3655 
f 2975//3641 2889//3677 2888//3678 
f 2888//3678 2887//3679 2975//3641 
f 2975//3641 2891//3680 2890//3681 
f 2890//3681 2889//3677 2975//3641 
f 2976//3642 2978//3682 2979//3683 
f 2974//3612 2973//3596 2980//3684 
f 2980//3684 2981//3685 2974//3612 
f 2979//3683 2977//3655 2976//3642 
f 2887//3679 2886//3634 2975//3641 
f 2892//3643 2891//3680 2975//3641 
f 2925//3592 2924//3675 2972//3590 
o mesh13
f 2982//3686 2973//3686 2972//3686 
f 2972//3686 2983//3686 2982//3686 
f 2982//3686 2980//3686 2973//3686 
f 2972//3686 2977//3686 2983//3686 
f 2977//3686 2979//3686 2983//3686 
o mesh14
f 2984//3687 2982//3687 2983//3687 
f 2983//3687 2985//3687 2984//3687 
o mesh15
f 2978//3688 2985//3688 2983//3688 
f 2983//3688 2979//3688 2978//3688 
o mesh16
f 2986//3689 2985//3689 2978//3689 
f 2978//3689 2987//3689 2986//3689 
o mesh17
f 2981//3690 2980//3690 2982//3690 
f 2982//3690 2984//3690 2981//3690 
o mesh18
f 2988//3691 2984//3691 2985//3691 
f 2985//3691 2986//3691 2988//3691 
o mesh19
f 2988//3692 2989//3692 2981//3692 
f 2981//3692 2984//3692 2988//3692 
o mesh20
f 2990//3693 2991//3694 2992//3695 
f 2992//3695 2993//3695 2990//3693 
f 2994//3696 2995//3697 2996//3698 
f 2996//3698 2997//3699 2994//3696 
f 2996//3698 2998//3700 2997//3699 
f 2994//3696 2999//3701 2995//3697 
f 3000//3702 3001//3703 3002//3704 
f 3002//3704 2999//3701 3000//3702 
f 3002//3704 2995//3697 2999//3701 
f 3000//3702 3003//3705 3001//3703 
f 3004//3706 3005//3707 3006//3708 
f 3006//3708 3007//3709 3004//3706 
f 3006//3708 3008//3710 3007//3709 
f 3008//3710 3001//3703 3007//3709 
f 3009//3711 3010//3712 3011//3713 
f 3011//3713 3012//3714 3009//3711 
f 3011//3713 3005//3707 3012//3714 
f 3013//3715 3014//3716 3015//3717 
f 3015//3717 3016//3718 3013//3715 
f 3015//3717 3010//3712 3016//3718 
f 3017//3719 3018//3720 3019//3721 
f 3018//3720 3017//3719 3020//3722 
f 3020//3722 3021//3723 3018//3720 
f 3020//3722 3014//3716 3021//3723 
f 3022//3724 3023//3725 3024//3726 
f 3024//3726 3025//3727 3022//3724 
f 3024//3726 3017//3719 3025//3727 
f 3026//3728 3027//3729 3028//3730 
f 3028//3730 3029//3731 3026//3728 
f 3028//3730 3023//3725 3029//3731 
f 3030//3732 3031//3733 3032//3734 
f 3032//3734 3033//3735 3030//3732 
f 3034//3736 3035//3737 3036//3738 
f 3036//3738 3030//3732 3034//3736 
f 3036//3738 3031//3733 3030//3732 
f 3037//3739 3038//3740 3039//3741 
f 3039//3741 3040//3742 3037//3739 
f 3037//3739 3041//3743 3038//3740 
f 3042//3744 3043//3745 3044//3746 
f 3044//3746 3041//3743 3042//3744 
f 3044//3746 3038//3740 3041//3743 
f 3045//3747 3046//3748 3047//3749 
f 3047//3749 3048//3750 3045//3747 
f 3047//3749 3043//3745 3048//3750 
f 3049//3751 3050//3752 3046//3748 
f 3049//3751 3051//3753 3050//3752 
f 3046//3748 3052//3754 3049//3751 
f 3049//3751 3053//3755 3051//3753 
f 2988//3756 3054//3757 3055//3758 
f 2988//3756 2986//3759 3054//3757 
f 3055//3758 3056//3760 3057//3761 
f 3058//3762 3059//3763 3060//3764 
f 3056//3760 3055//3758 3058//3762 
f 3060//3764 3056//3760 3058//3762 
f 3061//3765 3062//3766 3063//3767 
f 3061//3765 3064//3768 3062//3766 
f 3061//3765 3059//3763 3064//3768 
f 3063//3767 3065//3769 3061//3765 
f 3063//3767 3066//3770 3067//3771 
f 3068//3772 3069//3773 3070//3774 
f 3066//3770 3063//3767 3068//3772 
f 3070//3774 3066//3770 3068//3772 
f 3071//3775 3072//3776 3073//3777 
f 3074//3778 3069//3773 3071//3775 
f 3073//3777 3074//3778 3071//3775 
f 3075//3779 3076//3780 3077//3781 
f 3078//3782 3072//3776 3075//3779 
f 3077//3781 3078//3782 3075//3779 
f 3079//3783 3080//3784 3081//3785 
f 3079//3783 3076//3780 3082//3786 
f 3082//3786 3080//3784 3079//3783 
f 3081//3785 3083//3787 3079//3783 
f 3084//3788 3085//3789 3086//3790 
f 3084//3788 3081//3785 3085//3789 
f 3086//3790 3087//3791 3084//3788 
f 3088//3792 3089//3793 3090//3794 
f 3088//3792 3086//3790 3089//3793 
f 3090//3794 3091//3795 3088//3792 
f 3090//3794 3092//3796 3093//3797 
f 3093//3797 3094//3798 3090//3794 
f 3095//3799 3096//3800 3097//3801 
f 3098//3802 3092//3796 3095//3799 
f 3097//3801 3098//3802 3095//3799 
f 3099//3803 3100//3804 3101//3805 
f 3101//3805 3102//3806 3099//3803 
f 3097//3801 3096//3800 3099//3803 
f 3103//3807 3104//3808 3105//3809 
f 3106//3810 3100//3804 3103//3807 
f 3105//3809 3106//3810 3103//3807 
f 3107//3811 3108//3812 3109//3813 
f 3110//3814 3104//3808 3107//3811 
f 3109//3813 3110//3814 3107//3811 
f 3111//3815 3108//3812 3112//3816 
f 3112//3816 3113//3817 3111//3815 
f 3111//3815 3109//3813 3108//3812 
f 3112//3816 3051//3753 3113//3817 
f 3110//3814 3105//3809 3104//3808 
f 3106//3810 3101//3805 3100//3804 
f 3102//3806 3097//3801 3099//3803 
f 3098//3802 3093//3797 3092//3796 
f 3094//3798 3091//3795 3090//3794 
f 3088//3792 3087//3791 3086//3790 
f 3084//3788 3083//3787 3081//3785 
f 3079//3783 3077//3781 3076//3780 
f 3078//3782 3073//3777 3072//3776 
f 3074//3778 3070//3774 3069//3773 
f 3067//3771 3065//3769 3063//3767 
f 3061//3765 3060//3764 3059//3763 
f 3057//3761 3114//3818 3055//3758 
f 3055//3758 3114//3818 2988//3756 
f 3053//3755 3113//3817 3051//3753 
f 3045//3747 3052//3754 3046//3748 
f 3042//3744 3048//3750 3043//3745 
f 3039//3741 3035//3737 3040//3742 
f 3034//3736 3040//3742 3035//3737 
f 3032//3734 3027//3729 3033//3735 
f 3026//3728 3033//3735 3027//3729 
f 3022//3724 3029//3731 3023//3725 
f 3019//3721 3025//3727 3017//3719 
f 3013//3715 3021//3723 3014//3716 
f 3009//3711 3016//3718 3010//3712 
f 3004//3706 3012//3714 3005//3707 
f 3003//3705 3007//3709 3001//3703 
f 2998//3700 2991//3694 2997//3699 
f 2990//3693 2997//3699 2991//3694 
o mesh21
f 2993//3819 2992//3819 3115//3819 
f 3115//3819 3116//3819 2993//3819 
o mesh22
f 3117//3820 3118//3821 3116//3822 
f 3117//3820 3119//3823 3120//3824 
f 3121//3825 3122//3826 3123//3827 
f 3122//3826 3121//3825 3119//3823 
f 3119//3823 3117//3820 3122//3826 
f 3123//3827 3124//3828 3121//3825 
f 3120//3824 3118//3821 3117//3820 
f 3125//3829 3126//3830 3127//3831 
f 3128//3832 3129//3833 3126//3830 
f 3126//3830 3125//3829 3128//3832 
f 3128//3832 3130//3834 3129//3833 
f 3127//3831 3131//3835 3125//3829 
f 3131//3835 3121//3825 3125//3829 
f 3132//3836 3133//3837 3134//3838 
f 3134//3838 3135//3839 3132//3836 
f 3136//3840 3137//3841 3138//3842 
f 3133//3837 3132//3836 3137//3841 
f 3137//3841 3136//3840 3133//3837 
f 3138//3842 3129//3833 3136//3840 
f 3139//3843 3140//3844 3141//3845 
f 3142//3846 3143//3847 3140//3844 
f 3140//3844 3139//3843 3142//3846 
f 3142//3846 3144//3848 3143//3847 
f 3144//3848 3145//3849 3143//3847 
f 3141//3845 3146//3850 3139//3843 
f 3145//3849 3147//3851 3148//3852 
f 3149//3853 3150//3854 3147//3851 
f 3147//3851 3145//3849 3149//3853 
f 3149//3853 3151//3855 3150//3854 
f 3151//3855 3152//3856 3150//3854 
f 3152//3856 3153//3857 3154//3858 
f 3155//3859 3156//3860 3153//3857 
f 3153//3857 3152//3856 3155//3859 
f 3155//3859 3157//3861 3156//3860 
f 3154//3858 3150//3854 3152//3856 
f 3158//3862 3159//3863 3160//3864 
f 3161//3865 3162//3866 3163//3867 
f 3159//3863 3158//3862 3162//3866 
f 3162//3866 3161//3865 3159//3863 
f 3163//3867 3156//3860 3161//3865 
f 3164//3868 3165//3869 3166//3870 
f 3167//3871 3168//3872 3169//3873 
f 3165//3869 3164//3868 3168//3872 
f 3168//3872 3167//3871 3165//3869 
f 3169//3873 3158//3862 3167//3871 
f 3170//3874 3171//3875 3172//3876 
f 3173//3877 3174//3878 3175//3879 
f 3171//3875 3170//3874 3174//3878 
f 3174//3878 3173//3877 3171//3875 
f 3175//3879 3164//3868 3173//3877 
f 3176//3880 3177//3881 3178//3882 
f 3179//3883 3180//3884 3177//3881 
f 3177//3881 3176//3880 3179//3883 
f 3179//3883 3181//3885 3180//3884 
f 3178//3882 3170//3874 3176//3880 
f 3182//3886 3183//3887 3184//3888 
f 3185//3889 3186//3890 3183//3887 
f 3183//3887 3182//3886 3185//3889 
f 3185//3889 3187//3891 3186//3890 
f 3187//3891 3188//3892 3186//3890 
f 3188//3892 3189//3893 3190//3894 
f 3191//3895 3192//3896 3189//3893 
f 3189//3893 3188//3892 3191//3895 
f 3191//3895 3193//3897 3192//3896 
f 3190//3894 3186//3890 3188//3892 
f 3194//3898 3195//3899 3196//3900 
f 3196//3900 3197//3901 3194//3898 
f 3194//3898 3198//3902 3195//3899 
f 3199//3903 3200//3904 3201//3905 
f 3200//3904 3199//3903 3202//3906 
f 3202//3906 3198//3902 3200//3904 
f 3202//3906 3203//3907 3198//3902 
f 3203//3907 3195//3899 3198//3902 
f 3204//3908 3205//3908 3199//3903 
f 3199//3903 3206//3909 3204//3908 
f 3201//3905 3206//3909 3199//3903 
f 3196//3900 3192//3896 3197//3901 
f 3193//3897 3197//3901 3192//3896 
f 3184//3888 3180//3884 3182//3886 
f 3181//3885 3182//3886 3180//3884 
f 3172//3876 3176//3880 3170//3874 
f 3166//3870 3173//3877 3164//3868 
f 3160//3864 3167//3871 3158//3862 
f 3157//3861 3161//3865 3156//3860 
f 3148//3852 3143//3847 3145//3849 
f 3146//3850 3132//3836 3139//3843 
f 3135//3839 3139//3843 3132//3836 
f 3130//3834 3136//3840 3129//3833 
f 3124//3828 3125//3829 3121//3825 
f 3116//3822 3115//3910 3117//3820 
o mesh23
f 3118//3911 2997//3912 2990//3913 
f 2990//3913 3116//3914 3118//3911 
f 3118//3911 3120//3915 2997//3912 
f 2999//3916 3119//3917 3121//3918 
f 3121//3918 3131//3919 2999//3916 
f 3119//3917 2999//3916 2994//3920 
f 2994//3920 3120//3915 3119//3917 
f 2994//3920 2997//3912 3120//3915 
f 3127//3921 3003//3922 3000//3923 
f 3007//3924 3126//3925 3129//3926 
f 3126//3925 3007//3924 3003//3922 
f 3003//3922 3127//3921 3126//3925 
f 3129//3926 3138//3927 3007//3924 
f 3012//3928 3137//3929 3132//3930 
f 3132//3930 3146//3931 3012//3928 
f 3137//3929 3012//3928 3004//3932 
f 3004//3932 3138//3927 3137//3929 
f 3146//3931 3141//3933 3012//3928 
f 3016//3934 3140//3935 3143//3936 
f 3140//3935 3016//3934 3009//3937 
f 3009//3937 3141//3933 3140//3935 
f 3143//3936 3148//3938 3016//3934 
f 3021//3939 3147//3940 3150//3941 
f 3147//3940 3021//3939 3013//3942 
f 3013//3942 3148//3938 3147//3940 
f 3150//3941 3154//3943 3021//3939 
f 3025//3944 3153//3945 3156//3946 
f 3153//3945 3025//3944 3019//3947 
f 3019//3947 3154//3943 3153//3945 
f 3156//3946 3163//3948 3025//3944 
f 3019//3947 3018//3949 3154//3943 
f 3029//3950 3162//3951 3158//3952 
f 3162//3951 3029//3950 3022//3953 
f 3022//3953 3163//3948 3162//3951 
f 3158//3952 3169//3954 3029//3950 
f 3033//3955 3168//3956 3164//3957 
f 3168//3956 3033//3955 3026//3958 
f 3026//3958 3169//3954 3168//3956 
f 3164//3957 3175//3959 3033//3955 
f 3030//3960 3174//3961 3170//3962 
f 3174//3961 3030//3960 3033//3955 
f 3033//3955 3175//3959 3174//3961 
f 3040//3963 3177//3964 3180//3965 
f 3177//3964 3040//3963 3034//3966 
f 3034//3966 3178//3967 3177//3964 
f 3180//3965 3184//3968 3040//3963 
f 3041//3969 3183//3970 3186//3971 
f 3183//3970 3041//3969 3037//3972 
f 3037//3972 3184//3968 3183//3970 
f 3037//3972 3040//3963 3184//3968 
f 3048//3973 3189//3974 3192//3975 
f 3189//3974 3048//3973 3042//3976 
f 3042//3976 3190//3977 3189//3974 
f 3192//3975 3196//3978 3048//3973 
f 3195//3979 3052//3980 3045//3981 
f 3195//3979 3049//3982 3052//3980 
f 3045//3981 3196//3978 3195//3979 
f 3195//3979 3203//3983 3049//3982 
f 3203//3983 3202//3984 3049//3982 
f 3199//3985 3113//3986 3053//3987 
f 3053//3987 3202//3984 3199//3985 
f 3199//3985 3205//3988 3113//3986 
f 3205//3988 3207//3989 3208//3990 
f 3205//3988 3209//3991 3207//3989 
f 3111//3992 3113//3986 3205//3988 
f 3205//3988 3210//3993 3111//3992 
f 3105//3994 3211//3995 3212//3996 
f 3211//3995 3110//3997 3109//3998 
f 3211//3995 3105//3994 3110//3997 
f 3109//3998 3210//3993 3211//3995 
f 3212//3996 3213//3999 3105//3994 
f 3214//4000 3106//4001 3105//3994 
f 3214//4000 3101//4002 3106//4001 
f 3105//3994 3213//3999 3214//4000 
f 3215//4003 3102//4004 3101//4002 
f 3215//4003 3097//4005 3102//4004 
f 3101//4002 3216//4006 3215//4003 
f 3217//4007 3098//4008 3097//4005 
f 3217//4007 3093//4009 3098//4008 
f 3097//4005 3218//4010 3217//4007 
f 3217//4007 3219//4011 3093//4009 
f 3220//4012 3094//4013 3093//4009 
f 3220//4012 3091//4014 3094//4013 
f 3093//4009 3221//4015 3220//4012 
f 3087//4016 3222//4017 3223//4018 
f 3222//4017 3088//4019 3091//4014 
f 3222//4017 3087//4016 3088//4019 
f 3091//4014 3224//4020 3222//4017 
f 3225//4021 3084//4022 3087//4016 
f 3225//4021 3083//4023 3084//4022 
f 3087//4016 3226//4024 3225//4021 
f 3077//4025 3227//4026 3228//4027 
f 3227//4026 3079//4028 3083//4023 
f 3227//4026 3077//4025 3079//4028 
f 3083//4023 3229//4029 3227//4026 
f 3073//4030 3230//4031 3231//4032 
f 3232//4033 3078//4034 3077//4025 
f 3232//4033 3073//4030 3078//4034 
f 3077//4025 3233//4035 3232//4033 
f 3232//4033 3230//4031 3073//4030 
f 3070//4036 3234//4037 3235//4038 
f 3234//4037 3074//4039 3073//4030 
f 3234//4037 3070//4036 3074//4039 
f 3073//4030 3236//4040 3234//4037 
f 3237//4041 3066//4042 3070//4036 
f 3237//4041 3065//4043 3067//4044 
f 3067//4044 3066//4042 3237//4041 
f 3070//4036 3238//4045 3237//4041 
f 3060//4046 3239//4047 3240//4048 
f 3239//4047 3061//4049 3065//4043 
f 3239//4047 3060//4046 3061//4049 
f 3065//4043 3241//4050 3239//4047 
f 3114//4051 3242//4052 3243//4053 
f 3244//4054 3056//4055 3060//4046 
f 3244//4054 3114//4051 3057//4056 
f 3057//4056 3056//4055 3244//4054 
f 3060//4046 3245//4057 3244//4054 
f 3244//4054 3242//4052 3114//4051 
f 3246//4058 2988//4059 3114//4051 
f 3114//4051 3247//4060 3246//4058 
f 3246//4058 2989//4061 2988//4059 
f 3243//4053 3247//4060 3114//4051 
f 3240//4048 3245//4057 3060//4046 
f 3237//4041 3241//4050 3065//4043 
f 3235//4038 3238//4045 3070//4036 
f 3231//4032 3236//4040 3073//4030 
f 3228//4027 3233//4035 3077//4025 
f 3225//4021 3229//4029 3083//4023 
f 3223//4018 3226//4024 3087//4016 
f 3220//4012 3224//4020 3091//4014 
f 3219//4011 3221//4015 3093//4009 
f 3215//4003 3218//4010 3097//4005 
f 3214//4000 3216//4006 3101//4002 
f 3109//3998 3111//3992 3210//3993 
f 3208//3990 3210//3993 3205//3988 
f 3053//3987 3049//3982 3202//3984 
f 3045//3981 3048//3973 3196//3978 
f 3042//3976 3041//3969 3190//3977 
f 3186//3971 3190//3977 3041//3969 
f 3034//3966 3030//3960 3178//3967 
f 3170//3962 3178//3967 3030//3960 
f 3026//3958 3029//3950 3169//3954 
f 3022//3953 3025//3944 3163//3948 
f 3018//3949 3021//3939 3154//3943 
f 3013//3942 3016//3934 3148//3938 
f 3009//3937 3012//3928 3141//3933 
f 3004//3932 3007//3924 3138//3927 
f 3000//3923 2999//3916 3127//3921 
f 3131//3919 3127//3921 2999//3916 
f 2990//3913 2993//4062 3116//3914 
o mesh24
f 2992//4063 3122//4064 3117//4065 
f 2991//4066 3123//4067 3122//4064 
f 3122//4064 2992//4063 2991//4066 
f 3128//4068 2998//4069 2996//4070 
f 2998//4069 3128//4068 3125//4071 
f 3125//4071 2991//4066 2998//4069 
f 3125//4071 3124//4072 2991//4066 
f 2996//4070 2995//4073 3128//4068 
f 2995//4073 3133//4074 3136//4075 
f 3136//4075 3130//4076 2995//4073 
f 3002//4077 3134//4078 3133//4074 
f 3133//4074 2995//4073 3002//4077 
f 3002//4077 3001//4079 3134//4078 
f 3142//4080 3008//4081 3006//4082 
f 3008//4081 3142//4080 3139//4083 
f 3139//4083 3001//4079 3008//4081 
f 3139//4083 3135//4084 3001//4079 
f 3006//4082 3005//4085 3142//4080 
f 3011//4086 3149//4087 3145//4088 
f 3145//4088 3005//4085 3011//4086 
f 3145//4088 3144//4089 3005//4085 
f 3144//4089 3142//4080 3005//4085 
f 3015//4090 3155//4091 3152//4092 
f 3152//4092 3010//4093 3015//4090 
f 3152//4092 3151//4094 3010//4093 
f 3151//4094 3149//4087 3010//4093 
f 3014//4095 3159//4096 3161//4097 
f 3020//4098 3160//4099 3159//4096 
f 3159//4096 3014//4095 3020//4098 
f 3020//4098 3017//4100 3160//4099 
f 3161//4097 3157//4101 3014//4095 
f 3017//4100 3165//4102 3167//4103 
f 3024//4104 3166//4105 3165//4102 
f 3165//4102 3017//4100 3024//4104 
f 3024//4104 3023//4106 3166//4105 
f 3023//4106 3171//4107 3173//4108 
f 3028//4109 3172//4110 3171//4107 
f 3171//4107 3023//4106 3028//4109 
f 3028//4109 3027//4111 3172//4110 
f 3032//4112 3179//4113 3176//4114 
f 3176//4114 3027//4111 3032//4112 
f 3176//4114 3172//4110 3027//4111 
f 3036//4115 3185//4116 3182//4117 
f 3182//4117 3031//4118 3036//4115 
f 3182//4117 3181//4119 3031//4118 
f 3036//4115 3035//4120 3185//4116 
f 3039//4121 3191//4122 3188//4123 
f 3188//4123 3035//4120 3039//4121 
f 3188//4123 3187//4124 3035//4120 
f 3187//4124 3185//4116 3035//4120 
f 3044//4125 3194//4126 3197//4127 
f 3197//4127 3038//4128 3044//4125 
f 3197//4127 3193//4129 3038//4128 
f 3044//4125 3043//4130 3194//4126 
f 3043//4130 3200//4131 3198//4132 
f 3201//4133 3047//4134 3046//4135 
f 3047//4134 3201//4133 3200//4131 
f 3200//4131 3043//4130 3047//4134 
f 3046//4135 3050//4136 3201//4133 
f 3051//4137 3204//4138 3206//4139 
f 3206//4139 3050//4136 3051//4137 
f 3248//4140 3249//4141 3055//4142 
f 3055//4142 3054//4143 3248//4140 
f 2986//4144 2987//4145 3248//4140 
f 3054//4143 2986//4144 3248//4140 
f 3250//4146 3251//4147 3059//4148 
f 3059//4148 3058//4149 3250//4146 
f 3055//4142 3252//4150 3250//4146 
f 3058//4149 3055//4142 3250//4146 
f 3253//4151 3254//4152 3063//4153 
f 3063//4153 3062//4154 3253//4151 
f 3062//4154 3064//4155 3253//4151 
f 3059//4148 3255//4156 3253//4151 
f 3059//4148 3256//4157 3255//4156 
f 3069//4158 3257//4159 3258//4160 
f 3254//4152 3257//4159 3069//4158 
f 3069//4158 3068//4161 3254//4152 
f 3068//4161 3063//4153 3254//4152 
f 3259//4162 3260//4163 3072//4164 
f 3072//4164 3071//4165 3259//4162 
f 3069//4158 3261//4166 3259//4162 
f 3071//4165 3069//4158 3259//4162 
f 3262//4167 3263//4168 3076//4169 
f 3076//4169 3075//4170 3262//4167 
f 3072//4164 3264//4171 3262//4167 
f 3265//4172 3080//4173 3082//4174 
f 3265//4172 3266//4175 3081//4176 
f 3081//4176 3080//4173 3265//4172 
f 3076//4169 3263//4168 3265//4172 
f 3082//4174 3076//4169 3265//4172 
f 3267//4177 3268//4178 3086//4179 
f 3086//4179 3085//4180 3267//4177 
f 3081//4176 3269//4181 3267//4177 
f 3270//4182 3271//4183 3090//4184 
f 3090//4184 3089//4185 3270//4182 
f 3086//4179 3268//4178 3270//4182 
f 3089//4185 3086//4179 3270//4182 
f 3272//4186 3273//4187 3092//4188 
f 3090//4184 3274//4189 3272//4186 
f 3275//4190 3276//4191 3096//4192 
f 3096//4192 3095//4193 3275//4190 
f 3092//4188 3273//4187 3275//4190 
f 3095//4193 3092//4188 3275//4190 
f 3277//4194 3278//4195 3100//4196 
f 3100//4196 3099//4197 3277//4194 
f 3096//4192 3279//4198 3277//4194 
f 3104//4199 3280//4200 3281//4201 
f 3278//4195 3280//4200 3104//4199 
f 3104//4199 3103//4202 3278//4195 
f 3103//4202 3100//4196 3278//4195 
f 3282//4203 3108//4204 3107//4205 
f 3283//4206 3284//4207 3112//4208 
f 3108//4204 3282//4203 3283//4206 
f 3112//4208 3108//4204 3283//4206 
f 3112//4208 3284//4207 3204//4138 
f 3284//4207 3285//4209 3204//4138 
f 3204//4138 3051//4137 3112//4208 
f 3285//4209 3286//4210 3204//4138 
f 3107//4205 3104//4199 3282//4203 
f 3281//4201 3282//4203 3104//4199 
f 3099//4197 3096//4192 3277//4194 
f 3276//4191 3279//4198 3096//4192 
f 3092//4188 3090//4184 3272//4186 
f 3271//4183 3274//4189 3090//4184 
f 3085//4180 3081//4176 3267//4177 
f 3266//4175 3269//4181 3081//4176 
f 3075//4170 3072//4164 3262//4167 
f 3260//4163 3264//4171 3072//4164 
f 3258//4160 3261//4166 3069//4158 
f 3064//4155 3059//4148 3253//4151 
f 3251//4147 3256//4157 3059//4148 
f 3249//4141 3252//4150 3055//4142 
f 3206//4139 3201//4133 3050//4136 
f 3198//4132 3194//4126 3043//4130 
f 3193//4129 3191//4122 3038//4128 
f 3039//4121 3038//4128 3191//4122 
f 3181//4119 3179//4113 3031//4118 
f 3032//4112 3031//4118 3179//4113 
f 3173//4108 3166//4105 3023//4106 
f 3167//4103 3160//4099 3017//4100 
f 3157//4101 3155//4091 3014//4095 
f 3015//4090 3014//4095 3155//4091 
f 3011//4086 3010//4093 3149//4087 
f 3135//4084 3134//4078 3001//4079 
f 3130//4076 3128//4068 2995//4073 
f 3124//4072 3123//4067 2991//4066 
f 3117//4065 3115//4211 2992//4063 
o mesh25
f 3205//4212 3287//4212 3288//4212 
f 3288//4212 3287//4212 3289//4212 
f 3289//4212 3290//4212 3288//4212 
f 3204//4212 3286//4212 3287//4212 
f 3287//4212 3205//4212 3204//4212 
f 3288//4212 3209//4212 3205//4212 
o mesh26
f 3298//4213 3299//4214 3300//4215 
f 3301//4216 3300//4215 3302//4217 
f 3303//4218 3302//4217 3304//4219 
f 3305//4220 3298//4213 3301//4216 
f 3306//4221 3301//4216 3303//4218 
f 3307//4222 3303//4218 3308//4223 
f 3309//4224 3305//4220 3306//4221 
f 3310//4225 3306//4221 3307//4222 
f 3311//4226 3307//4222 3312//4227 
f 3313//4228 3309//4224 3310//4225 
f 3314//4229 3310//4225 3311//4226 
f 3315//4230 3311//4226 3316//4231 
f 3317//4232 3313//4228 3314//4229 
f 3318//4233 3314//4229 3315//4230 
f 3319//4234 3315//4230 3320//4235 
f 3321//4236 3317//4232 3318//4233 
f 3322//4237 3318//4233 3319//4234 
f 3323//4238 3319//4234 3324//4239 
f 3325//4240 3321//4236 3322//4237 
f 3326//4241 3322//4237 3323//4238 
f 3327//4242 3323//4238 3328//4243 
f 3329//4244 3325//4240 3326//4241 
f 3330//4245 3326//4241 3327//4242 
f 3331//4246 3327//4242 3332//4247 
f 3333//4248 3329//4244 3330//4245 
f 3334//4249 3330//4245 3331//4246 
f 3335//4250 3331//4246 3336//4251 
f 3337//4252 3333//4248 3334//4249 
f 3338//4253 3334//4249 3335//4250 
f 3339//4254 3335//4250 3340//4255 
f 3341//4256 3337//4252 3338//4253 
f 3342//4257 3338//4253 3339//4254 
f 3343//4258 3339//4254 3344//4259 
f 3345//4260 3341//4256 3342//4257 
f 3346//4261 3342//4257 3343//4258 
f 3347//4262 3343//4258 3348//4263 
f 3349//4264 3345//4260 3346//4261 
f 3350//4265 3346//4261 3347//4262 
f 3351//4266 3347//4262 3352//4267 
f 3353//4268 3349//4264 3350//4265 
f 3354//4269 3350//4265 3351//4266 
f 3355//4270 3351//4266 3356//4271 
f 3353//4268 3246//4272 3247//4273 
f 3247//4273 3349//4264 3353//4268 
f 3247//4273 3243//4274 3349//4264 
f 3345//4260 3245//4275 3240//4276 
f 3349//4264 3244//4277 3245//4275 
f 3349//4264 3242//4278 3244//4277 
f 3245//4275 3345//4260 3349//4264 
f 3345//4260 3239//4279 3241//4280 
f 3241//4280 3341//4256 3345//4260 
f 3337//4252 3238//4281 3235//4282 
f 3341//4256 3237//4283 3238//4281 
f 3238//4281 3337//4252 3341//4256 
f 3333//4248 3236//4284 3231//4285 
f 3337//4252 3234//4286 3236//4284 
f 3236//4284 3333//4248 3337//4252 
f 3329//4244 3233//4287 3228//4288 
f 3333//4248 3232//4289 3233//4287 
f 3333//4248 3230//4290 3232//4289 
f 3233//4287 3329//4244 3333//4248 
f 3329//4244 3227//4291 3229//4292 
f 3229//4292 3325//4240 3329//4244 
f 3321//4236 3226//4293 3223//4294 
f 3325//4240 3225//4295 3226//4293 
f 3226//4293 3321//4236 3325//4240 
f 3321//4236 3222//4296 3224//4297 
f 3224//4297 3317//4232 3321//4236 
f 3317//4232 3220//4298 3221//4299 
f 3221//4299 3313//4228 3317//4232 
f 3313//4228 3217//4300 3218//4301 
f 3313//4228 3219//4302 3217//4300 
f 3218//4301 3309//4224 3313//4228 
f 3309//4224 3215//4303 3216//4304 
f 3216//4304 3305//4220 3309//4224 
f 3298//4213 3213//4305 3212//4306 
f 3305//4220 3214//4307 3213//4305 
f 3213//4305 3298//4213 3305//4220 
f 3299//4214 3210//4308 3208//4309 
f 3298//4213 3211//4310 3210//4308 
f 3210//4308 3299//4214 3298//4213 
f 3299//4214 3207//4311 3209//4312 
f 3299//4214 3288//4313 3290//4314 
f 3300//4215 3290//4314 3289//4315 
f 3302//4217 3289//4315 3287//4316 
f 3304//4219 3287//4316 3286//4317 
f 3308//4223 3304//4219 3285//4318 
f 3285//4318 3284//4319 3308//4223 
f 3312//4227 3282//4320 3281//4321 
f 3312//4227 3308//4223 3283//4322 
f 3283//4322 3282//4320 3312//4227 
f 3316//4231 3312//4227 3280//4323 
f 3280//4323 3278//4324 3316//4231 
f 3320//4235 3316//4231 3277//4325 
f 3277//4325 3279//4326 3320//4235 
f 3324//4239 3320//4235 3276//4327 
f 3276//4327 3275//4328 3324//4239 
f 3275//4328 3273//4329 3324//4239 
f 3328//4243 3324//4239 3272//4330 
f 3272//4330 3274//4331 3328//4243 
f 3332//4247 3328//4243 3271//4332 
f 3271//4332 3270//4333 3332//4247 
f 3270//4333 3268//4334 3332//4247 
f 3336//4251 3332//4247 3267//4335 
f 3267//4335 3269//4336 3336//4251 
f 3340//4255 3336//4251 3266//4337 
f 3266//4337 3265//4338 3340//4255 
f 3265//4338 3263//4339 3340//4255 
f 3344//4259 3340//4255 3262//4340 
f 3262//4340 3264//4341 3344//4259 
f 3348//4263 3261//4342 3258//4343 
f 3348//4263 3344//4259 3260//4344 
f 3260//4344 3259//4345 3348//4263 
f 3259//4345 3261//4342 3348//4263 
f 3352//4267 3348//4263 3257//4346 
f 3257//4346 3254//4347 3352//4267 
f 3356//4271 3352//4267 3253//4348 
f 3253//4348 3255//4349 3356//4271 
f 3255//4349 3256//4350 3356//4271 
f 3357//4351 3356//4271 3251//4352 
f 3251//4352 3250//4353 3357//4351 
f 3250//4353 3252//4354 3357//4351 
f 3291//4355 3357//4351 3248//4356 
f 3357//4351 3249//4357 3248//4356 
f 3355//4270 3357//4351 3292//4358 
f 3357//4351 3291//4355 3292//4358 
f 3355//4270 3293//4359 3294//4360 
f 3294//4360 3354//4269 3355//4270 
f 3354//4269 3295//4361 3296//4362 
f 3296//4362 3353//4268 3354//4269 
f 3297//4363 2989//4364 3246//4272 
f 3246//4272 3353//4268 3297//4363 
f 3296//4362 3297//4363 3353//4268 
f 3294//4360 3295//4361 3354//4269 
f 3292//4358 3293//4359 3355//4270 
f 3248//4356 2987//4365 3291//4355 
f 3252//4354 3249//4357 3357//4351 
f 3256//4350 3251//4352 3356//4271 
f 3254//4347 3253//4348 3352//4267 
f 3258//4343 3257//4346 3348//4263 
f 3264//4341 3260//4344 3344//4259 
f 3263//4339 3262//4340 3340//4255 
f 3269//4336 3266//4337 3336//4251 
f 3268//4334 3267//4335 3332//4247 
f 3274//4331 3271//4332 3328//4243 
f 3273//4329 3272//4330 3324//4239 
f 3279//4326 3276//4327 3320//4235 
f 3278//4324 3277//4325 3316//4231 
f 3281//4321 3280//4323 3312//4227 
f 3284//4319 3283//4322 3308//4223 
f 3286//4317 3285//4318 3304//4219 
f 3287//4316 3304//4219 3302//4217 
f 3289//4315 3302//4217 3300//4215 
f 3290//4314 3300//4215 3299//4214 
f 3209//4312 3288//4313 3299//4214 
f 3208//4309 3207//4311 3299//4214 
f 3212//4306 3211//4310 3298//4213 
f 3216//4304 3214//4307 3305//4220 
f 3218//4301 3215//4303 3309//4224 
f 3221//4299 3219//4302 3313//4228 
f 3224//4297 3220//4298 3317//4232 
f 3223//4294 3222//4296 3321//4236 
f 3229//4292 3225//4295 3325//4240 
f 3228//4288 3227//4291 3329//4244 
f 3231//4285 3230//4290 3333//4248 
f 3235//4282 3234//4286 3337//4252 
f 3241//4280 3237//4283 3341//4256 
f 3240//4276 3239//4279 3345//4260 
f 3243//4274 3242//4278 3349//4264 
f 3356//4271 3357//4351 3355//4270 
f 3351//4266 3355//4270 3354//4269 
f 3350//4265 3354//4269 3353//4268 
f 3352//4267 3356//4271 3351//4266 
f 3347//4262 3351//4266 3350//4265 
f 3346//4261 3350//4265 3349//4264 
f 3348//4263 3352//4267 3347//4262 
f 3343//4258 3347//4262 3346//4261 
f 3342//4257 3346//4261 3345//4260 
f 3344//4259 3348//4263 3343//4258 
f 3339//4254 3343//4258 3342//4257 
f 3338//4253 3342//4257 3341//4256 
f 3340//4255 3344//4259 3339//4254 
f 3335//4250 3339//4254 3338//4253 
f 3334//4249 3338//4253 3337//4252 
f 3336//4251 3340//4255 3335//4250 
f 3331//4246 3335//4250 3334//4249 
f 3330//4245 3334//4249 3333//4248 
f 3332//4247 3336//4251 3331//4246 
f 3327//4242 3331//4246 3330//4245 
f 3326//4241 3330//4245 3329//4244 
f 3328//4243 3332//4247 3327//4242 
f 3323//4238 3327//4242 3326//4241 
f 3322//4237 3326//4241 3325//4240 
f 3324//4239 3328//4243 3323//4238 
f 3319//4234 3323//4238 3322//4237 
f 3318//4233 3322//4237 3321//4236 
f 3320//4235 3324//4239 3319//4234 
f 3315//4230 3319//4234 3318//4233 
f 3314//4229 3318//4233 3317//4232 
f 3316//4231 3320//4235 3315//4230 
f 3311//4226 3315//4230 3314//4229 
f 3310//4225 3314//4229 3313//4228 
f 3312//4227 3316//4231 3311//4226 
f 3307//4222 3311//4226 3310//4225 
f 3306//4221 3310//4225 3309//4224 
f 3308//4223 3312//4227 3307//4222 
f 3303//4218 3307//4222 3306//4221 
f 3301//4216 3306//4221 3305//4220 
f 3304//4219 3308//4223 3303//4218 
f 3302//4217 3303//4218 3301//4216 
f 3300//4215 3301//4216 3298//4213 
o mesh27
f 3294//4366 2975//4366 2886//4367 
f 2974//4368 3296//4368 3295//4369 
f 3295//4369 2886//4367 2974//4368 
f 2976//4370 2975//4366 3293//4371 
f 2975//4366 3294//4366 3293//4371 
f 2981//4372 2989//4372 3297//4373 
f 3297//4373 2974//4368 2981//4372 
f 2978//4374 2976//4370 3291//4375 
f 2976//4370 3292//4376 3291//4375 
f 3291//4375 2987//4377 2978//4374 
f 3297//4373 3296//4368 2974//4368 
f 3293//4371 3292//4376 2976//4370 
f 2886//4367 3295//4369 3294//4366 
