# OBJ generated by ONSHAPE BY PTC INC, 1.207 Units = meters
mtllib desk.mtl
g desk
v 0.498 -0.0306594 0.706029 
v 0.498 -0.0301251 0.706117 
v 0.498 -0.0296035 0.706262 
v 0.498 -0.0291006 0.706462 
v 0.498 -0.0286222 0.706716 
v 0.498 -0.0281741 0.70702 
v 0.498 -0.0277615 0.70737 
v 0.498 -0.0273892 0.707763 
v 0.498 -0.0270616 0.708194 
v 0.498 -0.0267824 0.708658 
v 0.498 -0.0265551 0.709149 
v 0.498 -0.0263823 0.709662 
v 0.498 -0.0262659 0.710191 
v 0.498 -0.0262073 0.710729 
v 0.498 -0.0262073 0.711271 
v 0.498 -0.0262659 0.711809 
v 0.498 -0.0263823 0.712338 
v 0.498 -0.0265551 0.712851 
v 0.498 -0.0267824 0.713342 
v 0.498 -0.0270616 0.713806 
v 0.498 -0.0273892 0.714237 
v 0.498 -0.0277615 0.71463 
v 0.498 -0.0281741 0.71498 
v 0.498 -0.0286222 0.715284 
v 0.498 -0.0291006 0.715538 
v 0.498 -0.0296035 0.715738 
v 0.498 -0.0301251 0.715883 
v 0.498 -0.0306594 0.715971 
v 0.498 -0.0312 0.716 
v 0.498 -0.0317406 0.715971 
v 0.498 -0.0322749 0.715883 
v 0.498 -0.0327965 0.715738 
v 0.498 -0.0332994 0.715538 
v 0.498 -0.0337778 0.715284 
v 0.498 -0.0342259 0.71498 
v 0.498 -0.0346385 0.71463 
v 0.498 -0.0350108 0.714237 
v 0.498 -0.0353384 0.713806 
v 0.498 -0.0356176 0.713342 
v 0.498 -0.0358449 0.712851 
v 0.498 -0.0360177 0.712338 
v 0.498 -0.0361341 0.711809 
v 0.498 -0.0361927 0.711271 
v 0.498 -0.0361927 0.710729 
v 0.498 -0.0361341 0.710191 
v 0.498 -0.0360177 0.709662 
v 0.498 -0.0358449 0.709149 
v 0.498 -0.0356176 0.708658 
v 0.498 -0.0353384 0.708194 
v 0.498 -0.0350108 0.707763 
v 0.498 -0.0346385 0.70737 
v 0.498 -0.0342259 0.70702 
v 0.498 -0.0337778 0.706716 
v 0.498 -0.0332994 0.706462 
v 0.498 -0.0327965 0.706262 
v 0.498 -0.0322749 0.706117 
v 0.498 -0.0317406 0.706029 
v 0.498 -0.0312 0.706 
v 0.498 -0.0312 0.711 
v 0.492 -0.0312 0.716 
v 0.492 -0.0306594 0.715971 
v 0.492 -0.0301251 0.715883 
v 0.492 -0.0296035 0.715738 
v 0.492 -0.0291006 0.715538 
v 0.492 -0.0286222 0.715284 
v 0.492 -0.0281741 0.71498 
v 0.492 -0.0277615 0.71463 
v 0.492 -0.0273892 0.714237 
v 0.492 -0.0270616 0.713806 
v 0.492 -0.0267824 0.713342 
v 0.492 -0.0265551 0.712851 
v 0.492 -0.0263823 0.712338 
v 0.492 -0.0262659 0.711809 
v 0.492 -0.0262073 0.711271 
v 0.492 -0.0262073 0.710729 
v 0.492 -0.0262659 0.710191 
v 0.492 -0.0263823 0.709662 
v 0.492 -0.0265551 0.709149 
v 0.492 -0.0267824 0.708658 
v 0.492 -0.0270616 0.708194 
v 0.492 -0.0273892 0.707763 
v 0.492 -0.0277615 0.70737 
v 0.492 -0.0281741 0.70702 
v 0.492 -0.0286222 0.706716 
v 0.492 -0.0291006 0.706462 
v 0.492 -0.0296035 0.706262 
v 0.492 -0.0301251 0.706117 
v 0.492 -0.0306594 0.706029 
v 0.492 -0.0312 0.706 
v 0.492 -0.0317406 0.706029 
v 0.492 -0.0322749 0.706117 
v 0.492 -0.0327965 0.706262 
v 0.492 -0.0332994 0.706462 
v 0.492 -0.0337778 0.706716 
v 0.492 -0.0342259 0.70702 
v 0.492 -0.0346385 0.70737 
v 0.492 -0.0350108 0.707763 
v 0.492 -0.0353384 0.708194 
v 0.492 -0.0356176 0.708658 
v 0.492 -0.0358449 0.709149 
v 0.492 -0.0360177 0.709662 
v 0.492 -0.0361341 0.710191 
v 0.492 -0.0361927 0.710729 
v 0.492 -0.0361927 0.711271 
v 0.492 -0.0361341 0.711809 
v 0.492 -0.0360177 0.712338 
v 0.492 -0.0358449 0.712851 
v 0.492 -0.0356176 0.713342 
v 0.492 -0.0353384 0.713806 
v 0.492 -0.0350108 0.714237 
v 0.492 -0.0346385 0.71463 
v 0.492 -0.0342259 0.71498 
v 0.492 -0.0337778 0.715284 
v 0.492 -0.0332994 0.715538 
v 0.492 -0.0327965 0.715738 
v 0.492 -0.0322749 0.715883 
v 0.492 -0.0317406 0.715971 
v 0.492 0.0262073 0.710729 
v 0.492 0.0262073 0.711271 
v 0.492 0.0262659 0.711809 
v 0.492 0.0265551 0.709149 
v 0.492 0.0263823 0.709662 
v 0.492 0.0267824 0.708658 
v 0.492 0.0262659 0.710191 
v 0.492 0.0263823 0.712338 
v 0.492 0.0265551 0.712851 
v 0.492 0.0277615 0.70737 
v 0.492 0.0273892 0.707763 
v 0.492 0.0267824 0.713342 
v 0.492 0.0270616 0.708194 
v 0.492 0.0281741 0.70702 
v 0.492 0.0270616 0.713806 
v 0.492 0.0273892 0.714237 
v 0.492 -0.24 0.727 
v 0.492 0.0277615 0.71463 
v 0.492 0.0281741 0.71498 
v 0.492 -0.24 0.71 
v 0.492 0.0286222 0.715284 
v 0.492 -0.0405 0.676 
v 0.492 0.24 0.71 
v 0.492 0.0361927 0.710729 
v 0.492 0.0361341 0.710191 
v 0.492 0.0361341 0.711809 
v 0.492 0.0361927 0.711271 
v 0.492 0.0405 0.676 
v 0.492 0.0286222 0.706716 
v 0.492 0.0296035 0.706262 
v 0.492 0.0291006 0.706462 
v 0.492 0.0360177 0.709662 
v 0.492 0.0358449 0.709149 
v 0.492 0.0356176 0.713342 
v 0.492 0.0358449 0.712851 
v 0.492 0.0301251 0.706117 
v 0.492 0.0353384 0.708194 
v 0.492 0.0350108 0.707763 
v 0.492 0.0356176 0.708658 
v 0.492 0.0360177 0.712338 
v 0.492 0.0291006 0.715538 
v 0.492 0.0346385 0.71463 
v 0.492 0.0350108 0.714237 
v 0.492 0.0296035 0.715738 
v 0.492 0.0301251 0.715883 
v 0.492 0.0353384 0.713806 
v 0.492 0.0327965 0.715738 
v 0.492 0.0332994 0.715538 
v 0.492 0.0306594 0.715971 
v 0.492 0.0312 0.716 
v 0.492 0.0346385 0.70737 
v 0.492 0.0342259 0.70702 
v 0.492 0.0337778 0.715284 
v 0.492 0.0342259 0.71498 
v 0.492 0.0322749 0.715883 
v 0.492 0.0337778 0.706716 
v 0.492 0.0332994 0.706462 
v 0.492 0.24 0.727 
v 0.492 0.0327965 0.706262 
v 0.492 0.0317406 0.715971 
v 0.492 0.0312 0.706 
v 0.492 0.0306594 0.706029 
v 0.492 0.0322749 0.706117 
v 0.492 0.0317406 0.706029 
v 0.49 -0.24 0.71 
v 0.49 -0.0405 0.676 
v 0.49 0.0405 0.676 
v 0.49 0.24 0.71 
v 0.49 -0.04 0.676 
v 0.49 0.04 0.676 
v 0.498 0.0312 0.716 
v 0.498 0.0317406 0.715971 
v 0.498 0.0322749 0.715883 
v 0.498 0.0327965 0.715738 
v 0.498 0.0332994 0.715538 
v 0.498 0.0337778 0.715284 
v 0.498 0.0342259 0.71498 
v 0.498 0.0346385 0.71463 
v 0.498 0.0350108 0.714237 
v 0.498 0.0353384 0.713806 
v 0.498 0.0356176 0.713342 
v 0.498 0.0358449 0.712851 
v 0.498 0.0360177 0.712338 
v 0.498 0.0361341 0.711809 
v 0.498 0.0361927 0.711271 
v 0.498 0.0361927 0.710729 
v 0.498 0.0361341 0.710191 
v 0.498 0.0360177 0.709662 
v 0.498 0.0358449 0.709149 
v 0.498 0.0356176 0.708658 
v 0.498 0.0353384 0.708194 
v 0.498 0.0350108 0.707763 
v 0.498 0.0346385 0.70737 
v 0.498 0.0342259 0.70702 
v 0.498 0.0337778 0.706716 
v 0.498 0.0332994 0.706462 
v 0.498 0.0327965 0.706262 
v 0.498 0.0322749 0.706117 
v 0.498 0.0317406 0.706029 
v 0.498 0.0312 0.706 
v 0.498 0.0306594 0.706029 
v 0.498 0.0301251 0.706117 
v 0.498 0.0296035 0.706262 
v 0.498 0.0291006 0.706462 
v 0.498 0.0286222 0.706716 
v 0.498 0.0281741 0.70702 
v 0.498 0.0277615 0.70737 
v 0.498 0.0273892 0.707763 
v 0.498 0.0270616 0.708194 
v 0.498 0.0267824 0.708658 
v 0.498 0.0265551 0.709149 
v 0.498 0.0263823 0.709662 
v 0.498 0.0262659 0.710191 
v 0.498 0.0262073 0.710729 
v 0.498 0.0262073 0.711271 
v 0.498 0.0262659 0.711809 
v 0.498 0.0263823 0.712338 
v 0.498 0.0265551 0.712851 
v 0.498 0.0267824 0.713342 
v 0.498 0.0270616 0.713806 
v 0.498 0.0273892 0.714237 
v 0.498 0.0277615 0.71463 
v 0.498 0.0281741 0.71498 
v 0.498 0.0286222 0.715284 
v 0.498 0.0291006 0.715538 
v 0.498 0.0296035 0.715738 
v 0.498 0.0301251 0.715883 
v 0.498 0.0306594 0.715971 
v 0.498 0.0312 0.711 
v 0.456 0.24 0.727 
v 0.49 0.24 0.725 
v 0.456 0.24 0.725 
v 0.49 -0.24 0.725 
v 0.456 -0.24 0.727 
v 0.456 -0.24 0.725 
v 0.456 0.04 0.725 
v 0.456 -0.064 0.725 
v 0.49 0.04 0.725 
v 0.44 0.04 0.025 
v 0.44 0.04 0.725 
v 0.49 0.04 0.025 
v 0.49 -0.04 0.025 
v 0.44 -0.04 0.025 
v 0.44 -0.04 0.695 
v 0.49 -0.04 0.695 
v 0.49 -0.064 0.695 
v 0.49 -0.064 0.725 
v 0.44 0.00998533 0.690541 
v 0.44 0.00986827 0.691618 
v 0.44 -0.00928977 0.693701 
v 0.44 -0.0096355 0.692675 
v 0.44 0.0096355 0.692675 
v 0.44 0.0096355 0.687325 
v 0.44 0.00986827 0.688382 
v 0.44 -0.00986827 0.688382 
v 0.44 -0.0096355 0.687325 
v 0.44 -0.00986827 0.691618 
v 0.44 -0.00827689 0.695612 
v 0.44 -0.00883512 0.694684 
v 0.44 0.00928977 0.693701 
v 0.44 0.00883512 0.694684 
v 0.44 0.00998533 0.689459 
v 0.44 0.00928977 0.686299 
v 0.44 -0.00827689 0.684388 
v 0.44 -0.00998533 0.689459 
v 0.44 0.00827689 0.695612 
v 0.44 0.00827689 0.684388 
v 0.44 0.00883512 0.685316 
v 0.44 -0.00883512 0.685316 
v 0.44 -0.00998533 0.690541 
v 0.44 -0.00762162 0.696474 
v 0.44 0.00687699 0.69726 
v 0.44 0.00605174 0.697961 
v 0.44 0.00762162 0.683526 
v 0.44 -0.00928977 0.686299 
v 0.44 -0.00515554 0.698569 
v 0.44 -0.00605174 0.697961 
v 0.44 0.00762162 0.696474 
v 0.44 0.00687699 0.68274 
v 0.44 0.00515554 0.681431 
v 0.44 0.00605174 0.682039 
v 0.44 -0.00687699 0.68274 
v 0.44 -0.00605174 0.682039 
v 0.44 -0.00687699 0.69726 
v 0.44 -0.00762162 0.683526 
v 0.44 0.00515554 0.698569 
v 0.44 0.00419889 0.699076 
v 0.44 -0.00515554 0.681431 
v 0.44 -0.00419889 0.680924 
v 0.44 -0.00319302 0.699477 
v 0.44 0.00319302 0.699477 
v 0.44 0.0021497 0.699766 
v 0.44 0.00319302 0.680523 
v 0.44 0.00419889 0.680924 
v 0.44 0.00108119 0.680059 
v 0.44 0.0021497 0.680234 
v 0.44 -0.00419889 0.699076 
v 0.44 -0.00108119 0.699941 
v 0.44 -0.0021497 0.699766 
v 0.44 -0.00108119 0.680059 
v 0.44 7.14339e-18 0.68 
v 0.44 -0.00319302 0.680523 
v 0.44 -0.0021497 0.680234 
v 0.44 0.00108119 0.699941 
v 0.44 1.02015e-18 0.7 
v 0.44 -0.044 0.725 
v 0.44 -0.044 0.695 
v 0.14 -0.064 0.725 
v 0.14 -0.044 0.725 
v 0.1 -0.064 0.695 
v 0.1 -0.044 0.695 
v 0.115 -0.044 0.725 
v 0.1 -0.044 0.725 
v 0.115 -0.064 0.725 
v 0.1 -0.064 0.725 
v 0.115 -0.064 0.727 
v 0.14 -0.064 0.727 
v 0.14 -0.0235 0.727 
v 0.14 -0.0235 0.725 
v 0.115 -0.0235 0.727 
v 0.115 -0.0235 0.725 
v 0.115073 -0.0221485 0.727 
v 0.115073 -0.0221485 0.725 
v 0.115292 -0.0208129 0.727 
v 0.115292 -0.0208129 0.725 
v 0.115654 -0.0195087 0.727 
v 0.115654 -0.0195087 0.725 
v 0.116155 -0.0182514 0.727 
v 0.116155 -0.0182514 0.725 
v 0.116789 -0.0170556 0.727 
v 0.116789 -0.0170556 0.725 
v 0.117549 -0.0159353 0.727 
v 0.117549 -0.0159353 0.725 
v 0.118425 -0.0149038 0.727 
v 0.118425 -0.0149038 0.725 
v 0.119408 -0.013973 0.727 
v 0.119408 -0.013973 0.725 
v 0.120485 -0.0131539 0.727 
v 0.120485 -0.0131539 0.725 
v 0.121645 -0.0124561 0.727 
v 0.121645 -0.0124561 0.725 
v 0.122873 -0.0118878 0.727 
v 0.122873 -0.0118878 0.725 
v 0.124156 -0.0114556 0.727 
v 0.124156 -0.0114556 0.725 
v 0.125478 -0.0111647 0.727 
v 0.125478 -0.0111647 0.725 
v 0.126823 -0.0110183 0.727 
v 0.126823 -0.0110183 0.725 
v 0.128177 -0.0110183 0.727 
v 0.128177 -0.0110183 0.725 
v 0.129522 -0.0111647 0.727 
v 0.129522 -0.0111647 0.725 
v 0.130844 -0.0114556 0.727 
v 0.130844 -0.0114556 0.725 
v 0.132127 -0.0118878 0.727 
v 0.132127 -0.0118878 0.725 
v 0.133355 -0.0124561 0.727 
v 0.133355 -0.0124561 0.725 
v 0.134515 -0.0131539 0.727 
v 0.134515 -0.0131539 0.725 
v 0.135592 -0.013973 0.727 
v 0.135592 -0.013973 0.725 
v 0.136575 -0.0149038 0.727 
v 0.136575 -0.0149038 0.725 
v 0.137451 -0.0159353 0.727 
v 0.137451 -0.0159353 0.725 
v 0.138211 -0.0170556 0.727 
v 0.138211 -0.0170556 0.725 
v 0.138845 -0.0182514 0.727 
v 0.138845 -0.0182514 0.725 
v 0.139346 -0.0195087 0.727 
v 0.139346 -0.0195087 0.725 
v 0.139708 -0.0208129 0.727 
v 0.139708 -0.0208129 0.725 
v 0.139927 -0.0221485 0.727 
v 0.139927 -0.0221485 0.725 
v 0.129774 -0.0153098 0.727 
v 0.130646 -0.0156037 0.727 
v 0.128875 -0.015112 0.727 
v 0.12796 -0.0150125 0.727 
v 0.12704 -0.0150125 0.727 
v 0.12796 -0.0319875 0.727 
v 0.126125 -0.015112 0.727 
v 0.125226 -0.0153098 0.727 
v 0.121329 -0.0176546 0.727 
v 0.120733 -0.018356 0.727 
v 0.125226 -0.0316902 0.727 
v 0.124354 -0.0313963 0.727 
v 0.128875 -0.031888 0.727 
v 0.131481 -0.0159901 0.727 
v 0.13227 -0.0164646 0.727 
v 0.124354 -0.0156037 0.727 
v 0.123519 -0.0159901 0.727 
v 0.121997 -0.0170216 0.727 
v 0.126125 -0.031888 0.727 
v 0.12704 -0.0319875 0.727 
v 0.133003 -0.0170216 0.727 
v 0.12273 -0.0164646 0.727 
v 0.119199 -0.0216728 0.727 
v 0.11905 -0.022581 0.727 
v 0.130646 -0.0313963 0.727 
v 0.129774 -0.0316902 0.727 
v 0.13227 -0.0305354 0.727 
v 0.131481 -0.0310099 0.727 
v 0.135214 -0.0199309 0.727 
v 0.135555 -0.0207859 0.727 
v 0.134783 -0.0191178 0.727 
v 0.133671 -0.0176546 0.727 
v 0.120217 -0.0191178 0.727 
v 0.119786 -0.0199309 0.727 
v 0.119445 -0.0207859 0.727 
v 0.123519 -0.0310099 0.727 
v 0.12273 -0.0305354 0.727 
v 0.133003 -0.0299784 0.727 
v 0.13595 -0.022581 0.727 
v 0.136 -0.0235 0.727 
v 0.135801 -0.0216728 0.727 
v 0.134267 -0.018356 0.727 
v 0.119 -0.0235 0.727 
v 0.119445 -0.0262141 0.727 
v 0.119199 -0.0253272 0.727 
v 0.119786 -0.0270691 0.727 
v 0.133671 -0.0293454 0.727 
v 0.135555 -0.0262141 0.727 
v 0.135214 -0.0270691 0.727 
v 0.11905 -0.024419 0.727 
v 0.120733 -0.028644 0.727 
v 0.120217 -0.0278822 0.727 
v 0.121997 -0.0299784 0.727 
v 0.121329 -0.0293454 0.727 
v 0.134783 -0.0278822 0.727 
v 0.134267 -0.028644 0.727 
v 0.135801 -0.0253272 0.727 
v 0.13595 -0.024419 0.727 
v 0.127176 -0.0215263 0.725 
v 0.126965 -0.0215729 0.725 
v 0.127392 -0.0215029 0.725 
v 0.127608 -0.0215029 0.725 
v 0.127824 -0.0215263 0.725 
v 0.128035 -0.0215729 0.725 
v 0.12824 -0.021642 0.725 
v 0.129315 -0.0226602 0.725 
v 0.129214 -0.0224689 0.725 
v 0.129395 -0.0228614 0.725 
v 0.127392 -0.0254971 0.725 
v 0.127608 -0.0254971 0.725 
v 0.126965 -0.0254271 0.725 
v 0.127176 -0.0254737 0.725 
v 0.126205 -0.0219757 0.725 
v 0.126048 -0.0221246 0.725 
v 0.126378 -0.0218446 0.725 
v 0.12676 -0.021642 0.725 
v 0.126563 -0.021733 0.725 
v 0.128795 -0.0219757 0.725 
v 0.128952 -0.0221246 0.725 
v 0.129092 -0.0222897 0.725 
v 0.129214 -0.0245311 0.725 
v 0.128437 -0.021733 0.725 
v 0.128622 -0.0218446 0.725 
v 0.129453 -0.0230701 0.725 
v 0.129315 -0.0243398 0.725 
v 0.127824 -0.0254737 0.725 
v 0.128035 -0.0254271 0.725 
v 0.125786 -0.0224689 0.725 
v 0.125685 -0.0226602 0.725 
v 0.125908 -0.0222897 0.725 
v 0.129092 -0.0247103 0.725 
v 0.128622 -0.0251554 0.725 
v 0.128795 -0.0250243 0.725 
v 0.126563 -0.025267 0.725 
v 0.12676 -0.025358 0.725 
v 0.126048 -0.0248754 0.725 
v 0.126205 -0.0250243 0.725 
v 0.129488 -0.0232838 0.725 
v 0.1295 -0.0235 0.725 
v 0.129395 -0.0241386 0.725 
v 0.128952 -0.0248754 0.725 
v 0.12824 -0.025358 0.725 
v 0.128437 -0.025267 0.725 
v 0.126378 -0.0251554 0.725 
v 0.125685 -0.0243398 0.725 
v 0.125786 -0.0245311 0.725 
v 0.129453 -0.0239299 0.725 
v 0.129488 -0.0237162 0.725 
v 0.125908 -0.0247103 0.725 
v 0.125605 -0.0228614 0.725 
v 0.125547 -0.0230701 0.725 
v 0.125547 -0.0239299 0.725 
v 0.125605 -0.0241386 0.725 
v 0.125512 -0.0232838 0.725 
v 0.125512 -0.0237162 0.725 
v 0.1255 -0.0235 0.725 
v 0.1255 -0.0235 0.7295 
v 0.125512 -0.0237162 0.7295 
v 0.125547 -0.0239299 0.7295 
v 0.125605 -0.0241386 0.7295 
v 0.125685 -0.0243398 0.7295 
v 0.125786 -0.0245311 0.7295 
v 0.125908 -0.0247103 0.7295 
v 0.126048 -0.0248754 0.7295 
v 0.126205 -0.0250243 0.7295 
v 0.126378 -0.0251554 0.7295 
v 0.126563 -0.025267 0.7295 
v 0.12676 -0.025358 0.7295 
v 0.126965 -0.0254271 0.7295 
v 0.127176 -0.0254737 0.7295 
v 0.127392 -0.0254971 0.7295 
v 0.127608 -0.0254971 0.7295 
v 0.127824 -0.0254737 0.7295 
v 0.128035 -0.0254271 0.7295 
v 0.12824 -0.025358 0.7295 
v 0.128437 -0.025267 0.7295 
v 0.128622 -0.0251554 0.7295 
v 0.128795 -0.0250243 0.7295 
v 0.128952 -0.0248754 0.7295 
v 0.129092 -0.0247103 0.7295 
v 0.129214 -0.0245311 0.7295 
v 0.129315 -0.0243398 0.7295 
v 0.129395 -0.0241386 0.7295 
v 0.129453 -0.0239299 0.7295 
v 0.129488 -0.0237162 0.7295 
v 0.1295 -0.0235 0.7295 
v 0.129488 -0.0232838 0.7295 
v 0.129453 -0.0230701 0.7295 
v 0.129395 -0.0228614 0.7295 
v 0.129315 -0.0226602 0.7295 
v 0.129214 -0.0224689 0.7295 
v 0.129092 -0.0222897 0.7295 
v 0.128952 -0.0221246 0.7295 
v 0.128795 -0.0219757 0.7295 
v 0.128622 -0.0218446 0.7295 
v 0.128437 -0.021733 0.7295 
v 0.12824 -0.021642 0.7295 
v 0.128035 -0.0215729 0.7295 
v 0.127824 -0.0215263 0.7295 
v 0.127608 -0.0215029 0.7295 
v 0.127392 -0.0215029 0.7295 
v 0.127176 -0.0215263 0.7295 
v 0.126965 -0.0215729 0.7295 
v 0.12676 -0.021642 0.7295 
v 0.126563 -0.021733 0.7295 
v 0.126378 -0.0218446 0.7295 
v 0.126205 -0.0219757 0.7295 
v 0.126048 -0.0221246 0.7295 
v 0.125908 -0.0222897 0.7295 
v 0.125786 -0.0224689 0.7295 
v 0.125685 -0.0226602 0.7295 
v 0.125605 -0.0228614 0.7295 
v 0.125547 -0.0230701 0.7295 
v 0.125512 -0.0232838 0.7295 
v 0.1275 -0.0235 0.7295 
v 0.119 -0.0235 0.7295 
v 0.11905 -0.022581 0.7295 
v 0.119199 -0.0216728 0.7295 
v 0.119445 -0.0207859 0.7295 
v 0.119786 -0.0199309 0.7295 
v 0.120217 -0.0191178 0.7295 
v 0.120733 -0.018356 0.7295 
v 0.121329 -0.0176546 0.7295 
v 0.121997 -0.0170216 0.7295 
v 0.12273 -0.0164646 0.7295 
v 0.123519 -0.0159901 0.7295 
v 0.124354 -0.0156037 0.7295 
v 0.125226 -0.0153098 0.7295 
v 0.126125 -0.015112 0.7295 
v 0.12704 -0.0150125 0.7295 
v 0.12796 -0.0150125 0.7295 
v 0.128875 -0.015112 0.7295 
v 0.129774 -0.0153098 0.7295 
v 0.130646 -0.0156037 0.7295 
v 0.131481 -0.0159901 0.7295 
v 0.13227 -0.0164646 0.7295 
v 0.133003 -0.0170216 0.7295 
v 0.133671 -0.0176546 0.7295 
v 0.134267 -0.018356 0.7295 
v 0.134783 -0.0191178 0.7295 
v 0.135214 -0.0199309 0.7295 
v 0.135555 -0.0207859 0.7295 
v 0.135801 -0.0216728 0.7295 
v 0.13595 -0.022581 0.7295 
v 0.136 -0.0235 0.7295 
v 0.13595 -0.024419 0.7295 
v 0.135801 -0.0253272 0.7295 
v 0.135555 -0.0262141 0.7295 
v 0.135214 -0.0270691 0.7295 
v 0.134783 -0.0278822 0.7295 
v 0.134267 -0.028644 0.7295 
v 0.133671 -0.0293454 0.7295 
v 0.133003 -0.0299784 0.7295 
v 0.13227 -0.0305354 0.7295 
v 0.131481 -0.0310099 0.7295 
v 0.130646 -0.0313963 0.7295 
v 0.129774 -0.0316902 0.7295 
v 0.128875 -0.031888 0.7295 
v 0.12796 -0.0319875 0.7295 
v 0.12704 -0.0319875 0.7295 
v 0.126125 -0.031888 0.7295 
v 0.125226 -0.0316902 0.7295 
v 0.124354 -0.0313963 0.7295 
v 0.123519 -0.0310099 0.7295 
v 0.12273 -0.0305354 0.7295 
v 0.121997 -0.0299784 0.7295 
v 0.121329 -0.0293454 0.7295 
v 0.120733 -0.028644 0.7295 
v 0.120217 -0.0278822 0.7295 
v 0.119786 -0.0270691 0.7295 
v 0.119445 -0.0262141 0.7295 
v 0.119199 -0.0253272 0.7295 
v 0.11905 -0.024419 0.7295 
v 0.471108 0.186997 0.725 
v 0.470892 0.186997 0.725 
v 0.470892 0.223003 0.725 
v 0.471108 0.223003 0.725 
v 0.470676 0.186974 0.725 
v 0.469705 0.223476 0.725 
v 0.469878 0.223345 0.725 
v 0.47026 0.186858 0.725 
v 0.470063 0.186767 0.725 
v 0.471324 0.186974 0.725 
v 0.47026 0.223142 0.725 
v 0.470465 0.223073 0.725 
v 0.470063 0.223233 0.725 
v 0.469878 0.186655 0.725 
v 0.470465 0.186927 0.725 
v 0.470676 0.223026 0.725 
v 0.472295 0.186524 0.725 
v 0.472122 0.186655 0.725 
v 0.47174 0.186858 0.725 
v 0.471535 0.186927 0.725 
v 0.471937 0.186767 0.725 
v 0.471324 0.223026 0.725 
v 0.469705 0.186524 0.725 
v 0.469286 0.223969 0.725 
v 0.469408 0.22379 0.725 
v 0.472714 0.186031 0.725 
v 0.47174 0.223142 0.725 
v 0.471937 0.223233 0.725 
v 0.469548 0.186375 0.725 
v 0.469548 0.223625 0.725 
v 0.472295 0.223476 0.725 
v 0.472452 0.223625 0.725 
v 0.472122 0.223345 0.725 
v 0.469408 0.18621 0.725 
v 0.471535 0.223073 0.725 
v 0.472592 0.18621 0.725 
v 0.472592 0.22379 0.725 
v 0.472452 0.186375 0.725 
v 0.472714 0.223969 0.725 
v 0.472815 0.22416 0.725 
v 0.469286 0.186031 0.725 
v 0.469105 0.224361 0.725 
v 0.471324 0.183026 0.725 
v 0.471535 0.183073 0.725 
v 0.47026 0.226858 0.725 
v 0.470063 0.226767 0.725 
v 0.471108 0.226997 0.725 
v 0.469185 0.22416 0.725 
v 0.47174 0.183142 0.725 
v 0.469878 0.226655 0.725 
v 0.470676 0.226974 0.725 
v 0.470465 0.226927 0.725 
v 0.470892 0.226997 0.725 
v 0.472122 0.226655 0.725 
v 0.471937 0.226767 0.725 
v 0.472988 0.225216 0.725 
v 0.472953 0.22543 0.725 
v 0.472988 0.224784 0.725 
v 0.473 0.225 0.725 
v 0.469185 0.18584 0.725 
v 0.471937 0.183233 0.725 
v 0.472122 0.183345 0.725 
v 0.471108 0.183003 0.725 
v 0.470676 0.183026 0.725 
v 0.470892 0.183003 0.725 
v 0.47026 0.183142 0.725 
v 0.470465 0.183073 0.725 
v 0.471324 0.226974 0.725 
v 0.47174 0.226858 0.725 
v 0.471535 0.226927 0.725 
v 0.472295 0.226524 0.725 
v 0.472895 0.224361 0.725 
v 0.472953 0.22457 0.725 
v 0.472895 0.185639 0.725 
v 0.472815 0.18584 0.725 
v 0.472452 0.183625 0.725 
v 0.472592 0.18379 0.725 
v 0.469878 0.183345 0.725 
v 0.470063 0.183233 0.725 
v 0.469286 0.183969 0.725 
v 0.469408 0.18379 0.725 
v 0.469548 0.226375 0.725 
v 0.469408 0.22621 0.725 
v 0.469012 0.224784 0.725 
v 0.469047 0.22457 0.725 
v 0.472295 0.183476 0.725 
v 0.469705 0.183476 0.725 
v 0.469548 0.183625 0.725 
v 0.469705 0.226524 0.725 
v 0.472714 0.226031 0.725 
v 0.472592 0.22621 0.725 
v 0.469105 0.185639 0.725 
v 0.469047 0.18543 0.725 
v 0.469 0.225 0.725 
v 0.472988 0.185216 0.725 
v 0.472953 0.18543 0.725 
v 0.472988 0.184784 0.725 
v 0.473 0.185 0.725 
v 0.472895 0.184361 0.725 
v 0.472953 0.18457 0.725 
v 0.472452 0.226375 0.725 
v 0.469012 0.185216 0.725 
v 0.472714 0.183969 0.725 
v 0.472815 0.18416 0.725 
v 0.469105 0.184361 0.725 
v 0.469185 0.18416 0.725 
v 0.469286 0.226031 0.725 
v 0.469185 0.22584 0.725 
v 0.472895 0.225639 0.725 
v 0.469105 0.225639 0.725 
v 0.469047 0.22543 0.725 
v 0.472815 0.22584 0.725 
v 0.469012 0.184784 0.725 
v 0.469047 0.18457 0.725 
v 0.469 0.185 0.725 
v 0.469012 0.225216 0.725 
v 0.469 0.225 0.7295 
v 0.469012 0.224784 0.7295 
v 0.469047 0.22457 0.7295 
v 0.469105 0.224361 0.7295 
v 0.469185 0.22416 0.7295 
v 0.469286 0.223969 0.7295 
v 0.469408 0.22379 0.7295 
v 0.469548 0.223625 0.7295 
v 0.469705 0.223476 0.7295 
v 0.469878 0.223345 0.7295 
v 0.470063 0.223233 0.7295 
v 0.47026 0.223142 0.7295 
v 0.470465 0.223073 0.7295 
v 0.470676 0.223026 0.7295 
v 0.470892 0.223003 0.7295 
v 0.471108 0.223003 0.7295 
v 0.471324 0.223026 0.7295 
v 0.471535 0.223073 0.7295 
v 0.47174 0.223142 0.7295 
v 0.471937 0.223233 0.7295 
v 0.472122 0.223345 0.7295 
v 0.472295 0.223476 0.7295 
v 0.472452 0.223625 0.7295 
v 0.472592 0.22379 0.7295 
v 0.472714 0.223969 0.7295 
v 0.472815 0.22416 0.7295 
v 0.472895 0.224361 0.7295 
v 0.472953 0.22457 0.7295 
v 0.472988 0.224784 0.7295 
v 0.473 0.225 0.7295 
v 0.472988 0.225216 0.7295 
v 0.472953 0.22543 0.7295 
v 0.472895 0.225639 0.7295 
v 0.472815 0.22584 0.7295 
v 0.472714 0.226031 0.7295 
v 0.472592 0.22621 0.7295 
v 0.472452 0.226375 0.7295 
v 0.472295 0.226524 0.7295 
v 0.472122 0.226655 0.7295 
v 0.471937 0.226767 0.7295 
v 0.47174 0.226858 0.7295 
v 0.471535 0.226927 0.7295 
v 0.471324 0.226974 0.7295 
v 0.471108 0.226997 0.7295 
v 0.470892 0.226997 0.7295 
v 0.470676 0.226974 0.7295 
v 0.470465 0.226927 0.7295 
v 0.47026 0.226858 0.7295 
v 0.470063 0.226767 0.7295 
v 0.469878 0.226655 0.7295 
v 0.469705 0.226524 0.7295 
v 0.469548 0.226375 0.7295 
v 0.469408 0.22621 0.7295 
v 0.469286 0.226031 0.7295 
v 0.469185 0.22584 0.7295 
v 0.469105 0.225639 0.7295 
v 0.469047 0.22543 0.7295 
v 0.469012 0.225216 0.7295 
v 0.471 0.225 0.7295 
v 0.469 0.185 0.7295 
v 0.469012 0.184784 0.7295 
v 0.469047 0.18457 0.7295 
v 0.469105 0.184361 0.7295 
v 0.469185 0.18416 0.7295 
v 0.469286 0.183969 0.7295 
v 0.469408 0.18379 0.7295 
v 0.469548 0.183625 0.7295 
v 0.469705 0.183476 0.7295 
v 0.469878 0.183345 0.7295 
v 0.470063 0.183233 0.7295 
v 0.47026 0.183142 0.7295 
v 0.470465 0.183073 0.7295 
v 0.470676 0.183026 0.7295 
v 0.470892 0.183003 0.7295 
v 0.471108 0.183003 0.7295 
v 0.471324 0.183026 0.7295 
v 0.471535 0.183073 0.7295 
v 0.47174 0.183142 0.7295 
v 0.471937 0.183233 0.7295 
v 0.472122 0.183345 0.7295 
v 0.472295 0.183476 0.7295 
v 0.472452 0.183625 0.7295 
v 0.472592 0.18379 0.7295 
v 0.472714 0.183969 0.7295 
v 0.472815 0.18416 0.7295 
v 0.472895 0.184361 0.7295 
v 0.472953 0.18457 0.7295 
v 0.472988 0.184784 0.7295 
v 0.473 0.185 0.7295 
v 0.472988 0.185216 0.7295 
v 0.472953 0.18543 0.7295 
v 0.472895 0.185639 0.7295 
v 0.472815 0.18584 0.7295 
v 0.472714 0.186031 0.7295 
v 0.472592 0.18621 0.7295 
v 0.472452 0.186375 0.7295 
v 0.472295 0.186524 0.7295 
v 0.472122 0.186655 0.7295 
v 0.471937 0.186767 0.7295 
v 0.47174 0.186858 0.7295 
v 0.471535 0.186927 0.7295 
v 0.471324 0.186974 0.7295 
v 0.471108 0.186997 0.7295 
v 0.470892 0.186997 0.7295 
v 0.470676 0.186974 0.7295 
v 0.470465 0.186927 0.7295 
v 0.47026 0.186858 0.7295 
v 0.470063 0.186767 0.7295 
v 0.469878 0.186655 0.7295 
v 0.469705 0.186524 0.7295 
v 0.469548 0.186375 0.7295 
v 0.469408 0.18621 0.7295 
v 0.469286 0.186031 0.7295 
v 0.469185 0.18584 0.7295 
v 0.469105 0.185639 0.7295 
v 0.469047 0.18543 0.7295 
v 0.469012 0.185216 0.7295 
v 0.471 0.185 0.7295 
v 0.469012 -0.184784 0.725 
v 0.469 -0.185 0.725 
v 0.469105 -0.184361 0.725 
v 0.469047 -0.18457 0.725 
v 0.47026 -0.183142 0.725 
v 0.470063 -0.183233 0.725 
v 0.469705 -0.223476 0.725 
v 0.469548 -0.223625 0.725 
v 0.469408 -0.22379 0.725 
v 0.470465 -0.183073 0.725 
v 0.471108 -0.183003 0.725 
v 0.470892 -0.183003 0.725 
v 0.47174 -0.183142 0.725 
v 0.471535 -0.183073 0.725 
v 0.470063 -0.223233 0.725 
v 0.469878 -0.223345 0.725 
v 0.469286 -0.223969 0.725 
v 0.469878 -0.183345 0.725 
v 0.470676 -0.183026 0.725 
v 0.471937 -0.183233 0.725 
v 0.469878 -0.226655 0.725 
v 0.470063 -0.226767 0.725 
v 0.469548 -0.183625 0.725 
v 0.469408 -0.18379 0.725 
v 0.471324 -0.183026 0.725 
v 0.472714 -0.183969 0.725 
v 0.472592 -0.18379 0.725 
v 0.47174 -0.186858 0.725 
v 0.471937 -0.186767 0.725 
v 0.470892 -0.226997 0.725 
v 0.471108 -0.226997 0.725 
v 0.47026 -0.226858 0.725 
v 0.470465 -0.226927 0.725 
v 0.469705 -0.226524 0.725 
v 0.469705 -0.183476 0.725 
v 0.472295 -0.183476 0.725 
v 0.472122 -0.183345 0.725 
v 0.472452 -0.183625 0.725 
v 0.472122 -0.186655 0.725 
v 0.471324 -0.186974 0.725 
v 0.471535 -0.186927 0.725 
v 0.470676 -0.186974 0.725 
v 0.470892 -0.186997 0.725 
v 0.47174 -0.226858 0.725 
v 0.471937 -0.226767 0.725 
v 0.470676 -0.226974 0.725 
v 0.469105 -0.224361 0.725 
v 0.47026 -0.223142 0.725 
v 0.471108 -0.186997 0.725 
v 0.47026 -0.186858 0.725 
v 0.470465 -0.186927 0.725 
v 0.469878 -0.186655 0.725 
v 0.470063 -0.186767 0.725 
v 0.470676 -0.223026 0.725 
v 0.469012 -0.185216 0.725 
v 0.472295 -0.223476 0.725 
v 0.472122 -0.223345 0.725 
v 0.472452 -0.226375 0.725 
v 0.472592 -0.22621 0.725 
v 0.472122 -0.226655 0.725 
v 0.471324 -0.226974 0.725 
v 0.469286 -0.226031 0.725 
v 0.469408 -0.22621 0.725 
v 0.469047 -0.22457 0.725 
v 0.469185 -0.22416 0.725 
v 0.470465 -0.223073 0.725 
v 0.469286 -0.183969 0.725 
v 0.469185 -0.18416 0.725 
v 0.472895 -0.184361 0.725 
v 0.472815 -0.18416 0.725 
v 0.472295 -0.186524 0.725 
v 0.472452 -0.186375 0.725 
v 0.469286 -0.186031 0.725 
v 0.469408 -0.18621 0.725 
v 0.471108 -0.223003 0.725 
v 0.470892 -0.223003 0.725 
v 0.47174 -0.223142 0.725 
v 0.471535 -0.223073 0.725 
v 0.471937 -0.223233 0.725 
v 0.472295 -0.226524 0.725 
v 0.471535 -0.226927 0.725 
v 0.469548 -0.226375 0.725 
v 0.469012 -0.224784 0.725 
v 0.472988 -0.184784 0.725 
v 0.472953 -0.18457 0.725 
v 0.472988 -0.185216 0.725 
v 0.473 -0.185 0.725 
v 0.472953 -0.18543 0.725 
v 0.472592 -0.18621 0.725 
v 0.469548 -0.186375 0.725 
v 0.471324 -0.223026 0.725 
v 0.472714 -0.223969 0.725 
v 0.472592 -0.22379 0.725 
v 0.472895 -0.185639 0.725 
v 0.472714 -0.186031 0.725 
v 0.472815 -0.18584 0.725 
v 0.469705 -0.186524 0.725 
v 0.469105 -0.185639 0.725 
v 0.469185 -0.18584 0.725 
v 0.472452 -0.223625 0.725 
v 0.472988 -0.224784 0.725 
v 0.472953 -0.22457 0.725 
v 0.472988 -0.225216 0.725 
v 0.473 -0.225 0.725 
v 0.472714 -0.226031 0.725 
v 0.472815 -0.22584 0.725 
v 0.469047 -0.18543 0.725 
v 0.472895 -0.224361 0.725 
v 0.472815 -0.22416 0.725 
v 0.472895 -0.225639 0.725 
v 0.472953 -0.22543 0.725 
v 0.469105 -0.225639 0.725 
v 0.469185 -0.22584 0.725 
v 0.469012 -0.225216 0.725 
v 0.469047 -0.22543 0.725 
v 0.469 -0.225 0.725 
v 0.469 -0.225 0.7295 
v 0.469012 -0.225216 0.7295 
v 0.469047 -0.22543 0.7295 
v 0.469105 -0.225639 0.7295 
v 0.469185 -0.22584 0.7295 
v 0.469286 -0.226031 0.7295 
v 0.469408 -0.22621 0.7295 
v 0.469548 -0.226375 0.7295 
v 0.469705 -0.226524 0.7295 
v 0.469878 -0.226655 0.7295 
v 0.470063 -0.226767 0.7295 
v 0.47026 -0.226858 0.7295 
v 0.470465 -0.226927 0.7295 
v 0.470676 -0.226974 0.7295 
v 0.470892 -0.226997 0.7295 
v 0.471108 -0.226997 0.7295 
v 0.471324 -0.226974 0.7295 
v 0.471535 -0.226927 0.7295 
v 0.47174 -0.226858 0.7295 
v 0.471937 -0.226767 0.7295 
v 0.472122 -0.226655 0.7295 
v 0.472295 -0.226524 0.7295 
v 0.472452 -0.226375 0.7295 
v 0.472592 -0.22621 0.7295 
v 0.472714 -0.226031 0.7295 
v 0.472815 -0.22584 0.7295 
v 0.472895 -0.225639 0.7295 
v 0.472953 -0.22543 0.7295 
v 0.472988 -0.225216 0.7295 
v 0.473 -0.225 0.7295 
v 0.472988 -0.224784 0.7295 
v 0.472953 -0.22457 0.7295 
v 0.472895 -0.224361 0.7295 
v 0.472815 -0.22416 0.7295 
v 0.472714 -0.223969 0.7295 
v 0.472592 -0.22379 0.7295 
v 0.472452 -0.223625 0.7295 
v 0.472295 -0.223476 0.7295 
v 0.472122 -0.223345 0.7295 
v 0.471937 -0.223233 0.7295 
v 0.47174 -0.223142 0.7295 
v 0.471535 -0.223073 0.7295 
v 0.471324 -0.223026 0.7295 
v 0.471108 -0.223003 0.7295 
v 0.470892 -0.223003 0.7295 
v 0.470676 -0.223026 0.7295 
v 0.470465 -0.223073 0.7295 
v 0.47026 -0.223142 0.7295 
v 0.470063 -0.223233 0.7295 
v 0.469878 -0.223345 0.7295 
v 0.469705 -0.223476 0.7295 
v 0.469548 -0.223625 0.7295 
v 0.469408 -0.22379 0.7295 
v 0.469286 -0.223969 0.7295 
v 0.469185 -0.22416 0.7295 
v 0.469105 -0.224361 0.7295 
v 0.469047 -0.22457 0.7295 
v 0.469012 -0.224784 0.7295 
v 0.471 -0.225 0.7295 
v 0.469 -0.185 0.7295 
v 0.469012 -0.185216 0.7295 
v 0.469047 -0.18543 0.7295 
v 0.469105 -0.185639 0.7295 
v 0.469185 -0.18584 0.7295 
v 0.469286 -0.186031 0.7295 
v 0.469408 -0.18621 0.7295 
v 0.469548 -0.186375 0.7295 
v 0.469705 -0.186524 0.7295 
v 0.469878 -0.186655 0.7295 
v 0.470063 -0.186767 0.7295 
v 0.47026 -0.186858 0.7295 
v 0.470465 -0.186927 0.7295 
v 0.470676 -0.186974 0.7295 
v 0.470892 -0.186997 0.7295 
v 0.471108 -0.186997 0.7295 
v 0.471324 -0.186974 0.7295 
v 0.471535 -0.186927 0.7295 
v 0.47174 -0.186858 0.7295 
v 0.471937 -0.186767 0.7295 
v 0.472122 -0.186655 0.7295 
v 0.472295 -0.186524 0.7295 
v 0.472452 -0.186375 0.7295 
v 0.472592 -0.18621 0.7295 
v 0.472714 -0.186031 0.7295 
v 0.472815 -0.18584 0.7295 
v 0.472895 -0.185639 0.7295 
v 0.472953 -0.18543 0.7295 
v 0.472988 -0.185216 0.7295 
v 0.473 -0.185 0.7295 
v 0.472988 -0.184784 0.7295 
v 0.472953 -0.18457 0.7295 
v 0.472895 -0.184361 0.7295 
v 0.472815 -0.18416 0.7295 
v 0.472714 -0.183969 0.7295 
v 0.472592 -0.18379 0.7295 
v 0.472452 -0.183625 0.7295 
v 0.472295 -0.183476 0.7295 
v 0.472122 -0.183345 0.7295 
v 0.471937 -0.183233 0.7295 
v 0.47174 -0.183142 0.7295 
v 0.471535 -0.183073 0.7295 
v 0.471324 -0.183026 0.7295 
v 0.471108 -0.183003 0.7295 
v 0.470892 -0.183003 0.7295 
v 0.470676 -0.183026 0.7295 
v 0.470465 -0.183073 0.7295 
v 0.47026 -0.183142 0.7295 
v 0.470063 -0.183233 0.7295 
v 0.469878 -0.183345 0.7295 
v 0.469705 -0.183476 0.7295 
v 0.469548 -0.183625 0.7295 
v 0.469408 -0.18379 0.7295 
v 0.469286 -0.183969 0.7295 
v 0.469185 -0.18416 0.7295 
v 0.469105 -0.184361 0.7295 
v 0.469047 -0.18457 0.7295 
v 0.469012 -0.184784 0.7295 
v 0.471 -0.185 0.7295 
v -0.44 -0.00928977 0.686299 
v -0.44 -0.0096355 0.687325 
v -0.44 -0.00986827 0.688382 
v -0.44 -0.00998533 0.689459 
v -0.44 -0.00998533 0.690541 
v -0.44 -0.00986827 0.691618 
v -0.44 -0.0096355 0.692675 
v -0.378576 3.46945e-18 0.7 
v -0.379692 -0.00108119 0.699941 
v -0.380584 -0.00185826 0.699814 
v -0.380919 -0.0021497 0.699766 
v -0.38226 -0.00319302 0.699477 
v -0.383171 -0.00382054 0.699227 
v -0.383721 -0.00419889 0.699076 
v -0.385333 -0.0051445 0.698549 
v -0.385948 -0.00550536 0.698348 
v -0.387031 -0.00605174 0.697961 
v -0.388896 -0.00686865 0.697267 
v -0.388915 -0.00687699 0.69726 
v -0.391073 -0.00760333 0.696458 
v -0.391974 -0.0079065 0.696123 
v -0.393453 -0.00827689 0.695612 
v -0.395147 -0.0086048 0.695095 
v -0.44 -0.00928977 0.693701 
v -0.401624 -0.008956 0.694449 
v -0.403141 -0.00883512 0.694684 
v -0.400005 -0.009 0.694359 
v -0.400816 -0.0089889 0.694382 
v -0.399192 -0.00898912 0.694381 
v -0.398376 -0.008956 0.694449 
v -0.396859 -0.00883512 0.694684 
v -0.44 -0.00883512 0.694684 
v -0.404853 -0.0086048 0.695095 
v -0.406547 -0.00827689 0.695612 
v -0.44 -0.00827689 0.695612 
v -0.408019 -0.00788185 0.696132 
v -0.408989 -0.00762162 0.696474 
v -0.44 -0.00762162 0.696474 
v -0.411084 -0.00687658 0.69726 
v -0.44 -0.00687699 0.69726 
v -0.411104 -0.0068693 0.697267 
v -0.44 -0.00605174 0.697961 
v -0.414045 -0.00549227 0.69834 
v -0.414693 -0.00515554 0.698569 
v -0.412969 -0.00605174 0.697961 
v -0.44 -0.00515554 0.698569 
v -0.416256 -0.00418923 0.699056 
v -0.44 -0.00419889 0.699076 
v -0.416836 -0.00383067 0.699237 
v -0.41774 -0.00319302 0.699477 
v -0.44 -0.00319302 0.699477 
v -0.419066 -0.00214583 0.699751 
v -0.44 -0.0021497 0.699766 
v -0.419422 -0.00186486 0.699825 
v -0.420308 -0.00108119 0.699941 
v -0.44 -0.00108119 0.699941 
v -0.421424 3.11717e-17 0.7 
v -0.44 3.46945e-18 0.7 
v -0.421774 0.000374647 0.69998 
v -0.422433 0.00108119 0.699941 
v -0.44 0.00108119 0.699941 
v -0.423338 0.0021497 0.699766 
v -0.44 0.0021497 0.699766 
v -0.423878 0.00284869 0.699572 
v -0.424144 0.00319302 0.699477 
v -0.44 0.00319302 0.699477 
v -0.424854 0.00419889 0.699076 
v -0.44 0.00419889 0.699076 
v -0.425173 0.00468141 0.698837 
v -0.425466 0.00514931 0.698558 
v -0.44 0.00515554 0.698569 
v -0.425706 0.00553338 0.69833 
v -0.426011 0.00605174 0.697961 
v -0.44 0.00605174 0.697961 
v -0.426247 0.00646999 0.697625 
v -0.426468 0.00687699 0.69726 
v -0.44 0.00687699 0.69726 
v -0.426668 0.00725946 0.696878 
v -0.426852 0.00762162 0.696474 
v -0.44 0.00762162 0.696474 
v -0.427018 0.00795973 0.696053 
v -0.427165 0.00827179 0.695608 
v -0.44 0.00827689 0.695612 
v -0.427227 0.00840333 0.695421 
v -0.427423 0.00883512 0.694684 
v -0.44 0.00883512 0.694684 
v -0.427528 0.009076 0.694198 
v -0.42762 0.00928977 0.693701 
v -0.44 0.00928977 0.693701 
v -0.427698 0.00947636 0.693194 
v -0.427764 0.0096355 0.692675 
v -0.44 0.0096355 0.692675 
v -0.427817 0.00976576 0.692152 
v -0.427858 0.00986827 0.691618 
v -0.44 0.00986827 0.691618 
v -0.427887 0.00994155 0.69108 
v -0.427905 0.00998533 0.690541 
v -0.44 0.00998533 0.690541 
v -0.427911 0.01 0.69 
v -0.44 0.00998533 0.689459 
v -0.44 0.00986827 0.688382 
v -0.427905 0.00998533 0.689459 
v -0.427887 0.00994153 0.68892 
v -0.44 0.0096355 0.687325 
v -0.427858 0.00986827 0.688382 
v -0.427817 0.0097657 0.687848 
v -0.44 0.00928977 0.686299 
v -0.427764 0.0096355 0.687325 
v -0.427698 0.00947626 0.686806 
v -0.44 0.00883512 0.685316 
v -0.42762 0.00928977 0.686299 
v -0.427529 0.00907601 0.685802 
v -0.44 0.00827689 0.684388 
v -0.427423 0.00883512 0.685316 
v -0.427227 0.00840333 0.684579 
v -0.44 0.00762162 0.683526 
v -0.427168 0.00827689 0.684388 
v -0.427018 0.00795979 0.683947 
v -0.44 0.00687699 0.68274 
v -0.426852 0.00762162 0.683526 
v -0.426668 0.00725902 0.683122 
v -0.44 0.00605174 0.682039 
v -0.426468 0.00687699 0.68274 
v -0.426247 0.00647045 0.682375 
v -0.44 0.00515554 0.681431 
v -0.426011 0.00605174 0.682039 
v -0.425706 0.00553338 0.68167 
v -0.44 0.00419889 0.680924 
v -0.425475 0.00515554 0.681431 
v -0.425172 0.00467951 0.681162 
v -0.44 0.00319302 0.680523 
v -0.424854 0.00419889 0.680924 
v -0.44 0.0021497 0.680234 
v -0.424144 0.00319302 0.680523 
v -0.423878 0.00284869 0.680428 
v -0.44 0.00108119 0.680059 
v -0.423338 0.0021497 0.680234 
v -0.44 4.69409e-18 0.68 
v -0.422433 0.00108119 0.680059 
v -0.421774 0.000374647 0.68002 
v -0.44 -0.00108119 0.680059 
v -0.421424 -1.30695e-17 0.68 
v -0.44 -0.0021497 0.680234 
v -0.420308 -0.00108119 0.680059 
v -0.419416 -0.00185826 0.680186 
v -0.44 -0.00319302 0.680523 
v -0.419081 -0.0021497 0.680234 
v -0.44 -0.00419889 0.680924 
v -0.41774 -0.00319302 0.680523 
v -0.416829 -0.00382054 0.680773 
v -0.44 -0.00515554 0.681431 
v -0.416279 -0.00419889 0.680924 
v -0.44 -0.00605174 0.682039 
v -0.414667 -0.0051445 0.681451 
v -0.414052 -0.00550536 0.681652 
v -0.44 -0.00687699 0.68274 
v -0.412969 -0.00605174 0.682039 
v -0.411104 -0.00686865 0.682733 
v -0.44 -0.00762162 0.683526 
v -0.411085 -0.00687699 0.68274 
v -0.44 -0.00827689 0.684388 
v -0.408927 -0.00760333 0.683542 
v -0.408026 -0.0079065 0.683877 
v -0.44 -0.00883512 0.685316 
v -0.406547 -0.00827689 0.684388 
v -0.404853 -0.0086048 0.684905 
v -0.400007 -0.009 0.685641 
v -0.399193 -0.00898914 0.685619 
v -0.400817 -0.00898887 0.685618 
v -0.401624 -0.008956 0.685551 
v -0.403141 -0.00883512 0.685316 
v -0.398376 -0.008956 0.685551 
v -0.396859 -0.00883512 0.685316 
v -0.395147 -0.0086048 0.684905 
v -0.393453 -0.00827689 0.684388 
v -0.391981 -0.00788185 0.683868 
v -0.391011 -0.00762162 0.683526 
v -0.388916 -0.00687658 0.68274 
v -0.388896 -0.0068693 0.682733 
v -0.387031 -0.00605174 0.682039 
v -0.385955 -0.00549227 0.68166 
v -0.385307 -0.00515554 0.681431 
v -0.383744 -0.00418923 0.680944 
v -0.383164 -0.00383067 0.680763 
v -0.38226 -0.00319302 0.680523 
v -0.380934 -0.00214583 0.680249 
v -0.380578 -0.00186486 0.680175 
v -0.379692 -0.00108119 0.680059 
v -0.378576 4.02212e-17 0.68 
v -0.378226 0.000374647 0.68002 
v -0.377567 0.00108119 0.680059 
v -0.376662 0.0021497 0.680234 
v -0.376122 0.00284869 0.680428 
v -0.375856 0.00319302 0.680523 
v -0.375146 0.00419889 0.680924 
v -0.374827 0.0046801 0.681163 
v -0.374534 0.00514929 0.681442 
v -0.374294 0.00553338 0.68167 
v -0.373989 0.00605174 0.682039 
v -0.373752 0.00647287 0.682378 
v -0.373532 0.00687699 0.68274 
v -0.373332 0.00725832 0.683121 
v -0.373148 0.00762162 0.683526 
v -0.372983 0.00795872 0.683945 
v -0.372835 0.00827177 0.684392 
v -0.372773 0.00840333 0.684579 
v -0.372577 0.00883512 0.685316 
v -0.372472 0.00907551 0.685801 
v -0.37238 0.00928977 0.686299 
v -0.372302 0.00947587 0.686805 
v -0.372236 0.0096355 0.687325 
v -0.372183 0.00976632 0.687851 
v -0.372142 0.00986827 0.688382 
v -0.372113 0.00994141 0.688919 
v -0.372095 0.00998533 0.689459 
v -0.372089 0.01 0.689999 
v -0.372095 0.00998533 0.690541 
v -0.372113 0.00994119 0.691083 
v -0.372142 0.00986827 0.691618 
v -0.372183 0.00976601 0.692151 
v -0.372236 0.0096355 0.692675 
v -0.372301 0.00947673 0.693192 
v -0.37238 0.00928977 0.693701 
v -0.372472 0.00907451 0.694202 
v -0.372577 0.00883512 0.694684 
v -0.372773 0.00840333 0.695421 
v -0.372832 0.00827689 0.695612 
v -0.372982 0.00796066 0.696052 
v -0.373148 0.00762162 0.696474 
v -0.373333 0.00725697 0.69688 
v -0.373532 0.00687699 0.69726 
v -0.373753 0.00647148 0.697624 
v -0.373989 0.00605174 0.697961 
v -0.374294 0.00553338 0.69833 
v -0.374525 0.00515554 0.698569 
v -0.374828 0.00467912 0.698838 
v -0.375146 0.00419889 0.699076 
v -0.375856 0.00319302 0.699477 
v -0.376122 0.00284869 0.699572 
v -0.376662 0.0021497 0.699766 
v -0.377567 0.00108119 0.699941 
v -0.378226 0.000374647 0.69998 
v -0.37 0.021 0.725 
v -0.37 0.021 0.585 
v -0.370176 0.0242436 0.585 
v -0.370176 0.0242436 0.725 
v -0.370701 0.0274491 0.585 
v -0.370701 0.0274491 0.725 
v -0.37157 0.030579 0.585 
v -0.37157 0.030579 0.725 
v -0.372773 0.0335967 0.585 
v -0.372773 0.0335967 0.725 
v -0.374294 0.0364666 0.585 
v -0.374294 0.0364666 0.725 
v -0.376117 0.0391552 0.585 
v -0.376117 0.0391552 0.725 
v -0.37822 0.041631 0.585 
v -0.37822 0.041631 0.725 
v -0.380578 0.0438649 0.585 
v -0.380578 0.0438649 0.725 
v -0.383164 0.0458307 0.585 
v -0.383164 0.0458307 0.725 
v -0.385948 0.0475054 0.585 
v -0.385948 0.0475054 0.725 
v -0.388896 0.0488693 0.585 
v -0.388896 0.0488693 0.725 
v -0.391974 0.0499065 0.585 
v -0.391974 0.0499065 0.725 
v -0.395147 0.0506048 0.585 
v -0.395147 0.0506048 0.725 
v -0.398376 0.050956 0.585 
v -0.398376 0.050956 0.725 
v -0.401624 0.050956 0.585 
v -0.401624 0.050956 0.725 
v -0.404853 0.0506048 0.585 
v -0.404853 0.0506048 0.725 
v -0.408026 0.0499065 0.585 
v -0.408026 0.0499065 0.725 
v -0.411104 0.0488693 0.585 
v -0.411104 0.0488693 0.725 
v -0.414052 0.0475054 0.585 
v -0.414052 0.0475054 0.725 
v -0.416836 0.0458307 0.585 
v -0.416836 0.0458307 0.725 
v -0.419422 0.0438649 0.585 
v -0.419422 0.0438649 0.725 
v -0.42178 0.041631 0.585 
v -0.42178 0.041631 0.725 
v -0.423883 0.0391552 0.585 
v -0.423883 0.0391552 0.725 
v -0.425706 0.0364666 0.585 
v -0.425706 0.0364666 0.725 
v -0.427227 0.0335967 0.585 
v -0.427227 0.0335967 0.725 
v -0.42843 0.030579 0.585 
v -0.42843 0.030579 0.725 
v -0.429299 0.0274491 0.585 
v -0.429299 0.0274491 0.725 
v -0.429824 0.0242436 0.585 
v -0.429824 0.0242436 0.725 
v -0.43 0.021 0.585 
v -0.43 0.021 0.725 
v -0.429824 0.0177564 0.585 
v -0.429824 0.0177564 0.725 
v -0.429299 0.0145509 0.585 
v -0.429299 0.0145509 0.725 
v -0.42843 0.011421 0.585 
v -0.37157 0.011421 0.725 
v -0.37157 0.011421 0.585 
v -0.370701 0.0145509 0.585 
v -0.370701 0.0145509 0.725 
v -0.370176 0.0177564 0.585 
v -0.370176 0.0177564 0.725 
v -0.37822 0.000369016 0.725 
v -0.376117 0.00284477 0.725 
v -0.374294 0.00553338 0.725 
v -0.372773 0.00840333 0.725 
v -0.374294 0.00553338 0.585 
v -0.372773 0.00840333 0.585 
v -0.376117 0.00284477 0.585 
v -0.380578 -0.00186486 0.585 
v -0.37822 0.000369016 0.585 
v -0.383164 -0.00383067 0.585 
v -0.385948 -0.00550536 0.585 
v -0.388896 -0.0068693 0.585 
v -0.391974 -0.0079065 0.585 
v -0.395147 -0.0086048 0.585 
v -0.398376 -0.008956 0.585 
v -0.401624 -0.008956 0.585 
v -0.404853 -0.0086048 0.585 
v -0.408026 -0.0079065 0.585 
v -0.411104 -0.0068693 0.585 
v -0.414052 -0.00550536 0.585 
v -0.416836 -0.00383067 0.585 
v -0.419422 -0.00186486 0.585 
v -0.42178 0.000369016 0.585 
v -0.423883 0.00284477 0.585 
v -0.425706 0.00553338 0.585 
v -0.427227 0.00840333 0.585 
v -0.42843 0.011421 0.725 
v -0.427227 0.00840333 0.725 
v -0.425706 0.00553338 0.725 
v -0.42178 0.000369016 0.725 
v -0.423883 0.00284477 0.725 
v -0.419422 -0.00186486 0.725 
v -0.416836 -0.00383067 0.725 
v -0.414052 -0.00550536 0.725 
v -0.411104 -0.0068693 0.725 
v -0.408026 -0.0079065 0.725 
v -0.404853 -0.0086048 0.725 
v -0.401624 -0.008956 0.725 
v -0.398376 -0.008956 0.725 
v -0.395147 -0.0086048 0.725 
v -0.391974 -0.0079065 0.725 
v -0.388896 -0.0068693 0.725 
v -0.385948 -0.00550536 0.725 
v -0.383164 -0.00383067 0.725 
v -0.380578 -0.00186486 0.725 
v -0.4 0.021 0.585 
v -0.4 0.021 0.725 
v 0.5 -0.3 0.025 
v 0.5 0.3 0.025 
v 0.43 0.3 0.025 
v 0.43 -0.3 0.025 
v 0.43 0.3 0 
v 0.5 0.3 0 
v 0.43 -0.3 0 
v 0.5 -0.3 0 
v 0.1 -0.048 0.721 
v 0.1 -0.048 0.699 
v 0.1 -0.06 0.699 
v 0.1 -0.06 0.721 
v -0.1 -0.06 0.721 
v -0.1 -0.06 0.699 
v -0.1 -0.048 0.721 
v -0.1 -0.048 0.699 
v -0.1 -0.044 0.695 
v -0.1 -0.044 0.725 
v -0.1 -0.064 0.725 
v -0.1 -0.064 0.695 
v -0.115 -0.064 0.725 
v -0.115 -0.044 0.725 
v -0.14 -0.044 0.725 
v -0.44 -0.044 0.695 
v -0.44 -0.044 0.725 
v -0.49 -0.064 0.695 
v -0.49 -0.04 0.695 
v -0.44 -0.04 0.695 
v -0.44 0.04 0.025 
v -0.44 0.04 0.725 
v -0.44 -0.04 0.025 
v -0.49 -0.04 0.676 
v -0.49 -0.04 0.025 
v -0.49 0.04 0.025 
v -0.49 0.04 0.676 
v -0.456 0.04 0.725 
v -0.456 -0.064 0.725 
v -0.14 -0.064 0.725 
v -0.14 -0.064 0.727 
v -0.115 -0.064 0.727 
v -0.49 -0.064 0.725 
v -0.14 -0.0235 0.727 
v -0.14 -0.0235 0.725 
v -0.115 -0.0235 0.727 
v -0.115 -0.0235 0.725 
v -0.139927 -0.0221485 0.727 
v -0.139927 -0.0221485 0.725 
v -0.139708 -0.0208129 0.727 
v -0.139708 -0.0208129 0.725 
v -0.139346 -0.0195087 0.727 
v -0.139346 -0.0195087 0.725 
v -0.138845 -0.0182514 0.727 
v -0.138845 -0.0182514 0.725 
v -0.138211 -0.0170556 0.727 
v -0.138211 -0.0170556 0.725 
v -0.137451 -0.0159353 0.727 
v -0.137451 -0.0159353 0.725 
v -0.136575 -0.0149038 0.727 
v -0.136575 -0.0149038 0.725 
v -0.135592 -0.013973 0.727 
v -0.135592 -0.013973 0.725 
v -0.134515 -0.0131539 0.727 
v -0.134515 -0.0131539 0.725 
v -0.133355 -0.0124561 0.727 
v -0.133355 -0.0124561 0.725 
v -0.132127 -0.0118878 0.727 
v -0.132127 -0.0118878 0.725 
v -0.130844 -0.0114556 0.727 
v -0.130844 -0.0114556 0.725 
v -0.129522 -0.0111647 0.727 
v -0.129522 -0.0111647 0.725 
v -0.128177 -0.0110183 0.727 
v -0.128177 -0.0110183 0.725 
v -0.126823 -0.0110183 0.727 
v -0.126823 -0.0110183 0.725 
v -0.125478 -0.0111647 0.727 
v -0.125478 -0.0111647 0.725 
v -0.124156 -0.0114556 0.727 
v -0.124156 -0.0114556 0.725 
v -0.122873 -0.0118878 0.727 
v -0.122873 -0.0118878 0.725 
v -0.121645 -0.0124561 0.727 
v -0.121645 -0.0124561 0.725 
v -0.120485 -0.0131539 0.727 
v -0.120485 -0.0131539 0.725 
v -0.119408 -0.013973 0.727 
v -0.119408 -0.013973 0.725 
v -0.118425 -0.0149038 0.727 
v -0.118425 -0.0149038 0.725 
v -0.117549 -0.0159353 0.727 
v -0.117549 -0.0159353 0.725 
v -0.116789 -0.0170556 0.727 
v -0.116789 -0.0170556 0.725 
v -0.116155 -0.0182514 0.727 
v -0.116155 -0.0182514 0.725 
v -0.115654 -0.0195087 0.727 
v -0.115654 -0.0195087 0.725 
v -0.115292 -0.0208129 0.727 
v -0.115292 -0.0208129 0.725 
v -0.115073 -0.0221485 0.727 
v -0.115073 -0.0221485 0.725 
v -0.126125 -0.015112 0.727 
v -0.125226 -0.0153098 0.727 
v -0.12704 -0.0150125 0.727 
v -0.128875 -0.031888 0.727 
v -0.129774 -0.0316902 0.727 
v -0.123519 -0.0159901 0.727 
v -0.12273 -0.0164646 0.727 
v -0.124354 -0.0156037 0.727 
v -0.12796 -0.0150125 0.727 
v -0.128875 -0.015112 0.727 
v -0.129774 -0.0153098 0.727 
v -0.131481 -0.0159901 0.727 
v -0.13227 -0.0164646 0.727 
v -0.13227 -0.0305354 0.727 
v -0.133003 -0.0299784 0.727 
v -0.12796 -0.0319875 0.727 
v -0.130646 -0.0156037 0.727 
v -0.133003 -0.0170216 0.727 
v -0.133671 -0.0176546 0.727 
v -0.131481 -0.0310099 0.727 
v -0.130646 -0.0313963 0.727 
v -0.12704 -0.0319875 0.727 
v -0.119445 -0.0207859 0.727 
v -0.119199 -0.0216728 0.727 
v -0.119786 -0.0199309 0.727 
v -0.120217 -0.0191178 0.727 
v -0.120733 -0.018356 0.727 
v -0.126125 -0.031888 0.727 
v -0.120733 -0.028644 0.727 
v -0.121329 -0.0293454 0.727 
v -0.121997 -0.0170216 0.727 
v -0.121329 -0.0176546 0.727 
v -0.134783 -0.0191178 0.727 
v -0.134267 -0.018356 0.727 
v -0.135214 -0.0199309 0.727 
v -0.124354 -0.0313963 0.727 
v -0.125226 -0.0316902 0.727 
v -0.12273 -0.0305354 0.727 
v -0.123519 -0.0310099 0.727 
v -0.121997 -0.0299784 0.727 
v -0.119445 -0.0262141 0.727 
v -0.119786 -0.0270691 0.727 
v -0.11905 -0.022581 0.727 
v -0.119 -0.0235 0.727 
v -0.13595 -0.022581 0.727 
v -0.135801 -0.0216728 0.727 
v -0.136 -0.0235 0.727 
v -0.134267 -0.028644 0.727 
v -0.134783 -0.0278822 0.727 
v -0.120217 -0.0278822 0.727 
v -0.119199 -0.0253272 0.727 
v -0.135555 -0.0207859 0.727 
v -0.135801 -0.0253272 0.727 
v -0.13595 -0.024419 0.727 
v -0.133671 -0.0293454 0.727 
v -0.11905 -0.024419 0.727 
v -0.135555 -0.0262141 0.727 
v -0.135214 -0.0270691 0.727 
v -0.136 -0.0235 0.7295 
v -0.13595 -0.022581 0.7295 
v -0.135801 -0.0216728 0.7295 
v -0.135555 -0.0207859 0.7295 
v -0.135214 -0.0199309 0.7295 
v -0.134783 -0.0191178 0.7295 
v -0.134267 -0.018356 0.7295 
v -0.133671 -0.0176546 0.7295 
v -0.133003 -0.0170216 0.7295 
v -0.13227 -0.0164646 0.7295 
v -0.131481 -0.0159901 0.7295 
v -0.130646 -0.0156037 0.7295 
v -0.129774 -0.0153098 0.7295 
v -0.128875 -0.015112 0.7295 
v -0.12796 -0.0150125 0.7295 
v -0.12704 -0.0150125 0.7295 
v -0.126125 -0.015112 0.7295 
v -0.125226 -0.0153098 0.7295 
v -0.124354 -0.0156037 0.7295 
v -0.123519 -0.0159901 0.7295 
v -0.12273 -0.0164646 0.7295 
v -0.121997 -0.0170216 0.7295 
v -0.121329 -0.0176546 0.7295 
v -0.120733 -0.018356 0.7295 
v -0.120217 -0.0191178 0.7295 
v -0.119786 -0.0199309 0.7295 
v -0.119445 -0.0207859 0.7295 
v -0.119199 -0.0216728 0.7295 
v -0.11905 -0.022581 0.7295 
v -0.119 -0.0235 0.7295 
v -0.11905 -0.024419 0.7295 
v -0.119199 -0.0253272 0.7295 
v -0.119445 -0.0262141 0.7295 
v -0.119786 -0.0270691 0.7295 
v -0.120217 -0.0278822 0.7295 
v -0.120733 -0.028644 0.7295 
v -0.121329 -0.0293454 0.7295 
v -0.121997 -0.0299784 0.7295 
v -0.12273 -0.0305354 0.7295 
v -0.123519 -0.0310099 0.7295 
v -0.124354 -0.0313963 0.7295 
v -0.125226 -0.0316902 0.7295 
v -0.126125 -0.031888 0.7295 
v -0.12704 -0.0319875 0.7295 
v -0.12796 -0.0319875 0.7295 
v -0.128875 -0.031888 0.7295 
v -0.129774 -0.0316902 0.7295 
v -0.130646 -0.0313963 0.7295 
v -0.131481 -0.0310099 0.7295 
v -0.13227 -0.0305354 0.7295 
v -0.133003 -0.0299784 0.7295 
v -0.133671 -0.0293454 0.7295 
v -0.134267 -0.028644 0.7295 
v -0.134783 -0.0278822 0.7295 
v -0.135214 -0.0270691 0.7295 
v -0.135555 -0.0262141 0.7295 
v -0.135801 -0.0253272 0.7295 
v -0.13595 -0.024419 0.7295 
v -0.128437 -0.021733 0.725 
v -0.128622 -0.0218446 0.725 
v -0.12824 -0.021642 0.725 
v -0.12676 -0.025358 0.725 
v -0.126563 -0.025267 0.725 
v -0.128622 -0.0251554 0.725 
v -0.128437 -0.025267 0.725 
v -0.128035 -0.0215729 0.725 
v -0.127608 -0.0215029 0.725 
v -0.127392 -0.0215029 0.725 
v -0.126563 -0.021733 0.725 
v -0.126378 -0.0218446 0.725 
v -0.126965 -0.0254271 0.725 
v -0.127608 -0.0254971 0.725 
v -0.127392 -0.0254971 0.725 
v -0.12824 -0.025358 0.725 
v -0.127824 -0.0215263 0.725 
v -0.127176 -0.0215263 0.725 
v -0.12676 -0.021642 0.725 
v -0.126965 -0.0215729 0.725 
v -0.127176 -0.0254737 0.725 
v -0.127824 -0.0254737 0.725 
v -0.128035 -0.0254271 0.725 
v -0.128795 -0.0219757 0.725 
v -0.128952 -0.0221246 0.725 
v -0.126378 -0.0251554 0.725 
v -0.126205 -0.0250243 0.725 
v -0.126205 -0.0219757 0.725 
v -0.126048 -0.0221246 0.725 
v -0.125605 -0.0228614 0.725 
v -0.125685 -0.0226602 0.725 
v -0.125547 -0.0230701 0.725 
v -0.126048 -0.0248754 0.725 
v -0.128952 -0.0248754 0.725 
v -0.128795 -0.0250243 0.725 
v -0.125908 -0.0222897 0.725 
v -0.125512 -0.0232838 0.725 
v -0.1255 -0.0235 0.725 
v -0.129092 -0.0247103 0.725 
v -0.129315 -0.0243398 0.725 
v -0.129214 -0.0245311 0.725 
v -0.129395 -0.0228614 0.725 
v -0.129453 -0.0230701 0.725 
v -0.129315 -0.0226602 0.725 
v -0.129214 -0.0224689 0.725 
v -0.129092 -0.0222897 0.725 
v -0.125512 -0.0237162 0.725 
v -0.125685 -0.0243398 0.725 
v -0.125605 -0.0241386 0.725 
v -0.125786 -0.0245311 0.725 
v -0.129488 -0.0232838 0.725 
v -0.125786 -0.0224689 0.725 
v -0.125547 -0.0239299 0.725 
v -0.125908 -0.0247103 0.725 
v -0.129453 -0.0239299 0.725 
v -0.129395 -0.0241386 0.725 
v -0.129488 -0.0237162 0.725 
v -0.1295 -0.0235 0.725 
v -0.1295 -0.0235 0.7295 
v -0.129488 -0.0237162 0.7295 
v -0.129453 -0.0239299 0.7295 
v -0.129395 -0.0241386 0.7295 
v -0.129315 -0.0243398 0.7295 
v -0.129214 -0.0245311 0.7295 
v -0.129092 -0.0247103 0.7295 
v -0.128952 -0.0248754 0.7295 
v -0.128795 -0.0250243 0.7295 
v -0.128622 -0.0251554 0.7295 
v -0.128437 -0.025267 0.7295 
v -0.12824 -0.025358 0.7295 
v -0.128035 -0.0254271 0.7295 
v -0.127824 -0.0254737 0.7295 
v -0.127608 -0.0254971 0.7295 
v -0.127392 -0.0254971 0.7295 
v -0.127176 -0.0254737 0.7295 
v -0.126965 -0.0254271 0.7295 
v -0.12676 -0.025358 0.7295 
v -0.126563 -0.025267 0.7295 
v -0.126378 -0.0251554 0.7295 
v -0.126205 -0.0250243 0.7295 
v -0.126048 -0.0248754 0.7295 
v -0.125908 -0.0247103 0.7295 
v -0.125786 -0.0245311 0.7295 
v -0.125685 -0.0243398 0.7295 
v -0.125605 -0.0241386 0.7295 
v -0.125547 -0.0239299 0.7295 
v -0.125512 -0.0237162 0.7295 
v -0.1255 -0.0235 0.7295 
v -0.125512 -0.0232838 0.7295 
v -0.125547 -0.0230701 0.7295 
v -0.125605 -0.0228614 0.7295 
v -0.125685 -0.0226602 0.7295 
v -0.125786 -0.0224689 0.7295 
v -0.125908 -0.0222897 0.7295 
v -0.126048 -0.0221246 0.7295 
v -0.126205 -0.0219757 0.7295 
v -0.126378 -0.0218446 0.7295 
v -0.126563 -0.021733 0.7295 
v -0.12676 -0.021642 0.7295 
v -0.126965 -0.0215729 0.7295 
v -0.127176 -0.0215263 0.7295 
v -0.127392 -0.0215029 0.7295 
v -0.127608 -0.0215029 0.7295 
v -0.127824 -0.0215263 0.7295 
v -0.128035 -0.0215729 0.7295 
v -0.12824 -0.021642 0.7295 
v -0.128437 -0.021733 0.7295 
v -0.128622 -0.0218446 0.7295 
v -0.128795 -0.0219757 0.7295 
v -0.128952 -0.0221246 0.7295 
v -0.129092 -0.0222897 0.7295 
v -0.129214 -0.0224689 0.7295 
v -0.129315 -0.0226602 0.7295 
v -0.129395 -0.0228614 0.7295 
v -0.129453 -0.0230701 0.7295 
v -0.129488 -0.0232838 0.7295 
v -0.1275 -0.0235 0.7295 
v -0.49 -0.0405 0.676 
v -0.49 -0.24 0.725 
v -0.49 -0.24 0.71 
v -0.492 -0.0405 0.676 
v -0.492 -0.24 0.71 
v -0.456 -0.24 0.727 
v -0.492 -0.24 0.727 
v -0.456 -0.24 0.725 
v -0.49 0.04 0.725 
v -0.492 0.0405 0.676 
v -0.49 0.0405 0.676 
v -0.456 0.24 0.727 
v -0.456 0.24 0.725 
v -0.492 0.24 0.71 
v -0.492 0.24 0.727 
v -0.49 0.24 0.725 
v -0.49 0.24 0.71 
v -0.492 0.0262073 0.711271 
v -0.492 0.0262073 0.710729 
v -0.492 -0.0262073 0.710729 
v -0.492 -0.0262073 0.711271 
v -0.492 0.0262659 0.711809 
v -0.492 -0.0262659 0.711809 
v -0.492 0.0262659 0.710191 
v -0.492 -0.0265551 0.709149 
v -0.492 -0.0263823 0.709662 
v -0.492 -0.0267824 0.708658 
v -0.492 0.0263823 0.709662 
v -0.492 -0.0262659 0.710191 
v -0.492 0.0265551 0.709149 
v -0.492 -0.0263823 0.712338 
v -0.492 0.0265551 0.712851 
v -0.492 0.0263823 0.712338 
v -0.492 0.0267824 0.713342 
v -0.492 -0.0265551 0.712851 
v -0.492 0.0267824 0.708658 
v -0.492 0.0270616 0.708194 
v -0.492 -0.0277615 0.70737 
v -0.492 -0.0273892 0.707763 
v -0.492 -0.0267824 0.713342 
v -0.492 -0.0270616 0.708194 
v -0.492 0.0270616 0.713806 
v -0.492 -0.0281741 0.70702 
v -0.492 0.0273892 0.707763 
v -0.492 0.0277615 0.71463 
v -0.492 -0.0270616 0.713806 
v -0.492 -0.0273892 0.714237 
v -0.492 0.0273892 0.714237 
v -0.492 0.0361927 0.710729 
v -0.492 0.0361927 0.711271 
v -0.492 -0.0277615 0.71463 
v -0.492 -0.0281741 0.71498 
v -0.492 0.0277615 0.70737 
v -0.492 0.0361341 0.711809 
v -0.492 0.0360177 0.709662 
v -0.492 0.0361341 0.710191 
v -0.492 0.0281741 0.70702 
v -0.492 0.0360177 0.712338 
v -0.492 0.0358449 0.712851 
v -0.492 0.0356176 0.708658 
v -0.492 0.0358449 0.709149 
v -0.492 -0.0286222 0.715284 
v -0.492 0.0286222 0.715284 
v -0.492 0.0281741 0.71498 
v -0.492 -0.0361927 0.710729 
v -0.492 -0.0361341 0.710191 
v -0.492 -0.0361341 0.711809 
v -0.492 -0.0361927 0.711271 
v -0.492 0.0353384 0.713806 
v -0.492 0.0350108 0.714237 
v -0.492 0.0350108 0.707763 
v -0.492 0.0291006 0.706462 
v -0.492 -0.0286222 0.706716 
v -0.492 -0.0296035 0.706262 
v -0.492 -0.0291006 0.706462 
v -0.492 -0.0360177 0.709662 
v -0.492 -0.0358449 0.709149 
v -0.492 -0.0356176 0.713342 
v -0.492 -0.0358449 0.712851 
v -0.492 0.0356176 0.713342 
v -0.492 0.0346385 0.70737 
v -0.492 0.0286222 0.706716 
v -0.492 -0.0301251 0.706117 
v -0.492 -0.0353384 0.708194 
v -0.492 -0.0350108 0.707763 
v -0.492 -0.0356176 0.708658 
v -0.492 -0.0360177 0.712338 
v -0.492 0.0353384 0.708194 
v -0.492 0.0296035 0.706262 
v -0.492 0.0301251 0.715883 
v -0.492 0.0296035 0.715738 
v -0.492 -0.0346385 0.71463 
v -0.492 -0.0350108 0.714237 
v -0.492 -0.0291006 0.715538 
v -0.492 0.0291006 0.715538 
v -0.492 -0.0353384 0.713806 
v -0.492 -0.0327965 0.715738 
v -0.492 -0.0332994 0.715538 
v -0.492 0.0342259 0.70702 
v -0.492 -0.0296035 0.715738 
v -0.492 -0.0346385 0.70737 
v -0.492 -0.0342259 0.70702 
v -0.492 -0.0337778 0.715284 
v -0.492 -0.0342259 0.71498 
v -0.492 -0.0322749 0.715883 
v -0.492 0.0346385 0.71463 
v -0.492 0.0342259 0.71498 
v -0.492 0.0337778 0.706716 
v -0.492 0.0327965 0.706262 
v -0.492 0.0332994 0.706462 
v -0.492 0.0301251 0.706117 
v -0.492 0.0306594 0.706029 
v -0.492 -0.0301251 0.715883 
v -0.492 0.0312 0.716 
v -0.492 -0.0337778 0.706716 
v -0.492 -0.0332994 0.706462 
v -0.492 0.0337778 0.715284 
v -0.492 0.0332994 0.715538 
v -0.492 0.0322749 0.706117 
v -0.492 -0.0306594 0.715971 
v -0.492 -0.0312 0.716 
v -0.492 0.0306594 0.715971 
v -0.492 -0.0327965 0.706262 
v -0.492 -0.0317406 0.715971 
v -0.492 0.0327965 0.715738 
v -0.492 0.0312 0.706 
v -0.492 0.0317406 0.706029 
v -0.492 -0.0312 0.706 
v -0.492 -0.0306594 0.706029 
v -0.492 -0.0322749 0.706117 
v -0.492 -0.0317406 0.706029 
v -0.492 0.0322749 0.715883 
v -0.492 0.0317406 0.715971 
v -0.498 -0.0312 0.716 
v -0.498 -0.0317406 0.715971 
v -0.498 -0.0322749 0.715883 
v -0.498 -0.0327965 0.715738 
v -0.498 -0.0332994 0.715538 
v -0.498 -0.0337778 0.715284 
v -0.498 -0.0342259 0.71498 
v -0.498 -0.0346385 0.71463 
v -0.498 -0.0350108 0.714237 
v -0.498 -0.0353384 0.713806 
v -0.498 -0.0356176 0.713342 
v -0.498 -0.0358449 0.712851 
v -0.498 -0.0360177 0.712338 
v -0.498 -0.0361341 0.711809 
v -0.498 -0.0361927 0.711271 
v -0.498 -0.0361927 0.710729 
v -0.498 -0.0361341 0.710191 
v -0.498 -0.0360177 0.709662 
v -0.498 -0.0358449 0.709149 
v -0.498 -0.0356176 0.708658 
v -0.498 -0.0353384 0.708194 
v -0.498 -0.0350108 0.707763 
v -0.498 -0.0346385 0.70737 
v -0.498 -0.0342259 0.70702 
v -0.498 -0.0337778 0.706716 
v -0.498 -0.0332994 0.706462 
v -0.498 -0.0327965 0.706262 
v -0.498 -0.0322749 0.706117 
v -0.498 -0.0317406 0.706029 
v -0.498 -0.0312 0.706 
v -0.498 -0.0306594 0.706029 
v -0.498 -0.0301251 0.706117 
v -0.498 -0.0296035 0.706262 
v -0.498 -0.0291006 0.706462 
v -0.498 -0.0286222 0.706716 
v -0.498 -0.0281741 0.70702 
v -0.498 -0.0277615 0.70737 
v -0.498 -0.0273892 0.707763 
v -0.498 -0.0270616 0.708194 
v -0.498 -0.0267824 0.708658 
v -0.498 -0.0265551 0.709149 
v -0.498 -0.0263823 0.709662 
v -0.498 -0.0262659 0.710191 
v -0.498 -0.0262073 0.710729 
v -0.498 -0.0262073 0.711271 
v -0.498 -0.0262659 0.711809 
v -0.498 -0.0263823 0.712338 
v -0.498 -0.0265551 0.712851 
v -0.498 -0.0267824 0.713342 
v -0.498 -0.0270616 0.713806 
v -0.498 -0.0273892 0.714237 
v -0.498 -0.0277615 0.71463 
v -0.498 -0.0281741 0.71498 
v -0.498 -0.0286222 0.715284 
v -0.498 -0.0291006 0.715538 
v -0.498 -0.0296035 0.715738 
v -0.498 -0.0301251 0.715883 
v -0.498 -0.0306594 0.715971 
v -0.498 -0.0312 0.711 
v -0.498 0.0312 0.716 
v -0.498 0.0306594 0.715971 
v -0.498 0.0301251 0.715883 
v -0.498 0.0296035 0.715738 
v -0.498 0.0291006 0.715538 
v -0.498 0.0286222 0.715284 
v -0.498 0.0281741 0.71498 
v -0.498 0.0277615 0.71463 
v -0.498 0.0273892 0.714237 
v -0.498 0.0270616 0.713806 
v -0.498 0.0267824 0.713342 
v -0.498 0.0265551 0.712851 
v -0.498 0.0263823 0.712338 
v -0.498 0.0262659 0.711809 
v -0.498 0.0262073 0.711271 
v -0.498 0.0262073 0.710729 
v -0.498 0.0262659 0.710191 
v -0.498 0.0263823 0.709662 
v -0.498 0.0265551 0.709149 
v -0.498 0.0267824 0.708658 
v -0.498 0.0270616 0.708194 
v -0.498 0.0273892 0.707763 
v -0.498 0.0277615 0.70737 
v -0.498 0.0281741 0.70702 
v -0.498 0.0286222 0.706716 
v -0.498 0.0291006 0.706462 
v -0.498 0.0296035 0.706262 
v -0.498 0.0301251 0.706117 
v -0.498 0.0306594 0.706029 
v -0.498 0.0312 0.706 
v -0.498 0.0317406 0.706029 
v -0.498 0.0322749 0.706117 
v -0.498 0.0327965 0.706262 
v -0.498 0.0332994 0.706462 
v -0.498 0.0337778 0.706716 
v -0.498 0.0342259 0.70702 
v -0.498 0.0346385 0.70737 
v -0.498 0.0350108 0.707763 
v -0.498 0.0353384 0.708194 
v -0.498 0.0356176 0.708658 
v -0.498 0.0358449 0.709149 
v -0.498 0.0360177 0.709662 
v -0.498 0.0361341 0.710191 
v -0.498 0.0361927 0.710729 
v -0.498 0.0361927 0.711271 
v -0.498 0.0361341 0.711809 
v -0.498 0.0360177 0.712338 
v -0.498 0.0358449 0.712851 
v -0.498 0.0356176 0.713342 
v -0.498 0.0353384 0.713806 
v -0.498 0.0350108 0.714237 
v -0.498 0.0346385 0.71463 
v -0.498 0.0342259 0.71498 
v -0.498 0.0337778 0.715284 
v -0.498 0.0332994 0.715538 
v -0.498 0.0327965 0.715738 
v -0.498 0.0322749 0.715883 
v -0.498 0.0317406 0.715971 
v -0.498 0.0312 0.711 
v -0.469878 0.226655 0.725 
v -0.470063 0.226767 0.725 
v -0.471535 0.186927 0.725 
v -0.473 0.225 0.725 
v -0.470892 0.226997 0.725 
v -0.471108 0.226997 0.725 
v -0.47026 0.226858 0.725 
v -0.470465 0.226927 0.725 
v -0.469705 0.226524 0.725 
v -0.47174 0.186858 0.725 
v -0.471937 0.186767 0.725 
v -0.472988 0.225216 0.725 
v -0.47174 0.226858 0.725 
v -0.471937 0.226767 0.725 
v -0.470676 0.226974 0.725 
v -0.469105 0.185639 0.725 
v -0.47026 0.223142 0.725 
v -0.470063 0.223233 0.725 
v -0.472295 0.186524 0.725 
v -0.472452 0.186375 0.725 
v -0.472122 0.186655 0.725 
v -0.471324 0.186974 0.725 
v -0.472452 0.226375 0.725 
v -0.472592 0.22621 0.725 
v -0.472122 0.226655 0.725 
v -0.471324 0.226974 0.725 
v -0.469286 0.226031 0.725 
v -0.469408 0.22621 0.725 
v -0.469878 0.223345 0.725 
v -0.470676 0.223026 0.725 
v -0.470465 0.223073 0.725 
v -0.471108 0.223003 0.725 
v -0.470892 0.223003 0.725 
v -0.472295 0.223476 0.725 
v -0.472122 0.223345 0.725 
v -0.472592 0.18621 0.725 
v -0.472295 0.226524 0.725 
v -0.471535 0.226927 0.725 
v -0.469548 0.226375 0.725 
v -0.471324 0.223026 0.725 
v -0.47174 0.223142 0.725 
v -0.471535 0.223073 0.725 
v -0.471937 0.223233 0.725 
v -0.472895 0.225639 0.725 
v -0.472953 0.22543 0.725 
v -0.469705 0.223476 0.725 
v -0.469548 0.223625 0.725 
v -0.470676 0.183026 0.725 
v -0.470465 0.183073 0.725 
v -0.472895 0.185639 0.725 
v -0.472953 0.18543 0.725 
v -0.472714 0.186031 0.725 
v -0.472815 0.18584 0.725 
v -0.472714 0.226031 0.725 
v -0.472815 0.22584 0.725 
v -0.469408 0.22379 0.725 
v -0.472988 0.224784 0.725 
v -0.469705 0.186524 0.725 
v -0.469878 0.186655 0.725 
v -0.47026 0.183142 0.725 
v -0.472988 0.185216 0.725 
v -0.469105 0.225639 0.725 
v -0.469185 0.22584 0.725 
v -0.469012 0.225216 0.725 
v -0.469047 0.22543 0.725 
v -0.469012 0.224784 0.725 
v -0.469 0.225 0.725 
v -0.469286 0.223969 0.725 
v -0.469185 0.22416 0.725 
v -0.472592 0.22379 0.725 
v -0.472452 0.223625 0.725 
v -0.470892 0.186997 0.725 
v -0.471108 0.186997 0.725 
v -0.47026 0.186858 0.725 
v -0.470465 0.186927 0.725 
v -0.470063 0.186767 0.725 
v -0.470063 0.183233 0.725 
v -0.469878 0.183345 0.725 
v -0.470892 0.183003 0.725 
v -0.471324 0.183026 0.725 
v -0.471108 0.183003 0.725 
v -0.47174 0.183142 0.725 
v -0.471535 0.183073 0.725 
v -0.469105 0.224361 0.725 
v -0.469047 0.22457 0.725 
v -0.472895 0.224361 0.725 
v -0.472815 0.22416 0.725 
v -0.470676 0.186974 0.725 
v -0.469286 0.186031 0.725 
v -0.469408 0.18621 0.725 
v -0.469185 0.18584 0.725 
v -0.472953 0.22457 0.725 
v -0.469548 0.183625 0.725 
v -0.469408 0.18379 0.725 
v -0.472122 0.183345 0.725 
v -0.471937 0.183233 0.725 
v -0.472714 0.183969 0.725 
v -0.472592 0.18379 0.725 
v -0.472714 0.223969 0.725 
v -0.469548 0.186375 0.725 
v -0.469705 0.183476 0.725 
v -0.472295 0.183476 0.725 
v -0.472452 0.183625 0.725 
v -0.469012 0.185216 0.725 
v -0.469047 0.18543 0.725 
v -0.469012 0.184784 0.725 
v -0.469 0.185 0.725 
v -0.469105 0.184361 0.725 
v -0.469047 0.18457 0.725 
v -0.469286 0.183969 0.725 
v -0.469185 0.18416 0.725 
v -0.472895 0.184361 0.725 
v -0.472815 0.18416 0.725 
v -0.472988 0.184784 0.725 
v -0.472953 0.18457 0.725 
v -0.473 0.185 0.725 
v -0.469 0.225 0.7295 
v -0.469012 0.225216 0.7295 
v -0.469047 0.22543 0.7295 
v -0.469105 0.225639 0.7295 
v -0.469185 0.22584 0.7295 
v -0.469286 0.226031 0.7295 
v -0.469408 0.22621 0.7295 
v -0.469548 0.226375 0.7295 
v -0.469705 0.226524 0.7295 
v -0.469878 0.226655 0.7295 
v -0.470063 0.226767 0.7295 
v -0.47026 0.226858 0.7295 
v -0.470465 0.226927 0.7295 
v -0.470676 0.226974 0.7295 
v -0.470892 0.226997 0.7295 
v -0.471108 0.226997 0.7295 
v -0.471324 0.226974 0.7295 
v -0.471535 0.226927 0.7295 
v -0.47174 0.226858 0.7295 
v -0.471937 0.226767 0.7295 
v -0.472122 0.226655 0.7295 
v -0.472295 0.226524 0.7295 
v -0.472452 0.226375 0.7295 
v -0.472592 0.22621 0.7295 
v -0.472714 0.226031 0.7295 
v -0.472815 0.22584 0.7295 
v -0.472895 0.225639 0.7295 
v -0.472953 0.22543 0.7295 
v -0.472988 0.225216 0.7295 
v -0.473 0.225 0.7295 
v -0.472988 0.224784 0.7295 
v -0.472953 0.22457 0.7295 
v -0.472895 0.224361 0.7295 
v -0.472815 0.22416 0.7295 
v -0.472714 0.223969 0.7295 
v -0.472592 0.22379 0.7295 
v -0.472452 0.223625 0.7295 
v -0.472295 0.223476 0.7295 
v -0.472122 0.223345 0.7295 
v -0.471937 0.223233 0.7295 
v -0.47174 0.223142 0.7295 
v -0.471535 0.223073 0.7295 
v -0.471324 0.223026 0.7295 
v -0.471108 0.223003 0.7295 
v -0.470892 0.223003 0.7295 
v -0.470676 0.223026 0.7295 
v -0.470465 0.223073 0.7295 
v -0.47026 0.223142 0.7295 
v -0.470063 0.223233 0.7295 
v -0.469878 0.223345 0.7295 
v -0.469705 0.223476 0.7295 
v -0.469548 0.223625 0.7295 
v -0.469408 0.22379 0.7295 
v -0.469286 0.223969 0.7295 
v -0.469185 0.22416 0.7295 
v -0.469105 0.224361 0.7295 
v -0.469047 0.22457 0.7295 
v -0.469012 0.224784 0.7295 
v -0.471 0.225 0.7295 
v -0.469 0.185 0.7295 
v -0.469012 0.185216 0.7295 
v -0.469047 0.18543 0.7295 
v -0.469105 0.185639 0.7295 
v -0.469185 0.18584 0.7295 
v -0.469286 0.186031 0.7295 
v -0.469408 0.18621 0.7295 
v -0.469548 0.186375 0.7295 
v -0.469705 0.186524 0.7295 
v -0.469878 0.186655 0.7295 
v -0.470063 0.186767 0.7295 
v -0.47026 0.186858 0.7295 
v -0.470465 0.186927 0.7295 
v -0.470676 0.186974 0.7295 
v -0.470892 0.186997 0.7295 
v -0.471108 0.186997 0.7295 
v -0.471324 0.186974 0.7295 
v -0.471535 0.186927 0.7295 
v -0.47174 0.186858 0.7295 
v -0.471937 0.186767 0.7295 
v -0.472122 0.186655 0.7295 
v -0.472295 0.186524 0.7295 
v -0.472452 0.186375 0.7295 
v -0.472592 0.18621 0.7295 
v -0.472714 0.186031 0.7295 
v -0.472815 0.18584 0.7295 
v -0.472895 0.185639 0.7295 
v -0.472953 0.18543 0.7295 
v -0.472988 0.185216 0.7295 
v -0.473 0.185 0.7295 
v -0.472988 0.184784 0.7295 
v -0.472953 0.18457 0.7295 
v -0.472895 0.184361 0.7295 
v -0.472815 0.18416 0.7295 
v -0.472714 0.183969 0.7295 
v -0.472592 0.18379 0.7295 
v -0.472452 0.183625 0.7295 
v -0.472295 0.183476 0.7295 
v -0.472122 0.183345 0.7295 
v -0.471937 0.183233 0.7295 
v -0.47174 0.183142 0.7295 
v -0.471535 0.183073 0.7295 
v -0.471324 0.183026 0.7295 
v -0.471108 0.183003 0.7295 
v -0.470892 0.183003 0.7295 
v -0.470676 0.183026 0.7295 
v -0.470465 0.183073 0.7295 
v -0.47026 0.183142 0.7295 
v -0.470063 0.183233 0.7295 
v -0.469878 0.183345 0.7295 
v -0.469705 0.183476 0.7295 
v -0.469548 0.183625 0.7295 
v -0.469408 0.18379 0.7295 
v -0.469286 0.183969 0.7295 
v -0.469185 0.18416 0.7295 
v -0.469105 0.184361 0.7295 
v -0.469047 0.18457 0.7295 
v -0.469012 0.184784 0.7295 
v -0.471 0.185 0.7295 
v -0.472988 -0.184784 0.725 
v -0.473 -0.185 0.725 
v -0.472895 -0.184361 0.725 
v -0.472953 -0.18457 0.725 
v -0.47174 -0.183142 0.725 
v -0.471937 -0.183233 0.725 
v -0.472295 -0.223476 0.725 
v -0.472452 -0.223625 0.725 
v -0.472592 -0.22379 0.725 
v -0.471535 -0.183073 0.725 
v -0.470892 -0.183003 0.725 
v -0.471108 -0.183003 0.725 
v -0.47026 -0.183142 0.725 
v -0.470465 -0.183073 0.725 
v -0.471937 -0.223233 0.725 
v -0.472122 -0.223345 0.725 
v -0.472714 -0.223969 0.725 
v -0.472122 -0.183345 0.725 
v -0.471324 -0.183026 0.725 
v -0.470063 -0.183233 0.725 
v -0.469105 -0.224361 0.725 
v -0.47026 -0.186858 0.725 
v -0.470063 -0.186767 0.725 
v -0.472452 -0.183625 0.725 
v -0.472592 -0.18379 0.725 
v -0.470676 -0.183026 0.725 
v -0.469286 -0.183969 0.725 
v -0.469408 -0.18379 0.725 
v -0.469878 -0.186655 0.725 
v -0.470676 -0.186974 0.725 
v -0.470465 -0.186927 0.725 
v -0.471108 -0.186997 0.725 
v -0.470892 -0.186997 0.725 
v -0.472295 -0.186524 0.725 
v -0.472122 -0.186655 0.725 
v -0.472295 -0.183476 0.725 
v -0.469705 -0.183476 0.725 
v -0.469878 -0.183345 0.725 
v -0.469548 -0.183625 0.725 
v -0.471324 -0.186974 0.725 
v -0.47174 -0.186858 0.725 
v -0.471535 -0.186927 0.725 
v -0.471937 -0.186767 0.725 
v -0.472815 -0.22416 0.725 
v -0.47174 -0.223142 0.725 
v -0.469705 -0.186524 0.725 
v -0.469548 -0.186375 0.725 
v -0.472988 -0.185216 0.725 
v -0.469705 -0.223476 0.725 
v -0.469878 -0.223345 0.725 
v -0.47026 -0.226858 0.725 
v -0.470063 -0.226767 0.725 
v -0.471108 -0.226997 0.725 
v -0.472895 -0.224361 0.725 
v -0.472953 -0.22457 0.725 
v -0.471535 -0.223073 0.725 
v -0.472714 -0.183969 0.725 
v -0.472815 -0.18416 0.725 
v -0.469105 -0.184361 0.725 
v -0.469185 -0.18416 0.725 
v -0.469408 -0.18621 0.725 
v -0.47026 -0.223142 0.725 
v -0.470465 -0.223073 0.725 
v -0.470063 -0.223233 0.725 
v -0.469878 -0.226655 0.725 
v -0.470676 -0.226974 0.725 
v -0.470465 -0.226927 0.725 
v -0.470892 -0.226997 0.725 
v -0.472122 -0.226655 0.725 
v -0.471937 -0.226767 0.725 
v -0.472988 -0.224784 0.725 
v -0.471324 -0.223026 0.725 
v -0.469012 -0.184784 0.725 
v -0.469047 -0.18457 0.725 
v -0.469012 -0.185216 0.725 
v -0.469 -0.185 0.725 
v -0.469047 -0.18543 0.725 
v -0.472592 -0.18621 0.725 
v -0.472452 -0.186375 0.725 
v -0.470676 -0.223026 0.725 
v -0.470892 -0.223003 0.725 
v -0.471324 -0.226974 0.725 
v -0.47174 -0.226858 0.725 
v -0.471535 -0.226927 0.725 
v -0.472295 -0.226524 0.725 
v -0.469105 -0.185639 0.725 
v -0.469286 -0.186031 0.725 
v -0.469185 -0.18584 0.725 
v -0.472895 -0.185639 0.725 
v -0.472815 -0.18584 0.725 
v -0.469286 -0.223969 0.725 
v -0.469408 -0.22379 0.725 
v -0.469185 -0.22416 0.725 
v -0.472953 -0.18543 0.725 
v -0.469548 -0.226375 0.725 
v -0.469408 -0.22621 0.725 
v -0.472714 -0.186031 0.725 
v -0.471108 -0.223003 0.725 
v -0.469548 -0.223625 0.725 
v -0.469047 -0.22457 0.725 
v -0.469705 -0.226524 0.725 
v -0.472714 -0.226031 0.725 
v -0.472592 -0.22621 0.725 
v -0.469012 -0.224784 0.725 
v -0.469012 -0.225216 0.725 
v -0.469 -0.225 0.725 
v -0.472452 -0.226375 0.725 
v -0.469105 -0.225639 0.725 
v -0.469047 -0.22543 0.725 
v -0.469286 -0.226031 0.725 
v -0.469185 -0.22584 0.725 
v -0.472895 -0.225639 0.725 
v -0.472815 -0.22584 0.725 
v -0.472988 -0.225216 0.725 
v -0.472953 -0.22543 0.725 
v -0.473 -0.225 0.725 
v -0.469 -0.225 0.7295 
v -0.469012 -0.224784 0.7295 
v -0.469047 -0.22457 0.7295 
v -0.469105 -0.224361 0.7295 
v -0.469185 -0.22416 0.7295 
v -0.469286 -0.223969 0.7295 
v -0.469408 -0.22379 0.7295 
v -0.469548 -0.223625 0.7295 
v -0.469705 -0.223476 0.7295 
v -0.469878 -0.223345 0.7295 
v -0.470063 -0.223233 0.7295 
v -0.47026 -0.223142 0.7295 
v -0.470465 -0.223073 0.7295 
v -0.470676 -0.223026 0.7295 
v -0.470892 -0.223003 0.7295 
v -0.471108 -0.223003 0.7295 
v -0.471324 -0.223026 0.7295 
v -0.471535 -0.223073 0.7295 
v -0.47174 -0.223142 0.7295 
v -0.471937 -0.223233 0.7295 
v -0.472122 -0.223345 0.7295 
v -0.472295 -0.223476 0.7295 
v -0.472452 -0.223625 0.7295 
v -0.472592 -0.22379 0.7295 
v -0.472714 -0.223969 0.7295 
v -0.472815 -0.22416 0.7295 
v -0.472895 -0.224361 0.7295 
v -0.472953 -0.22457 0.7295 
v -0.472988 -0.224784 0.7295 
v -0.473 -0.225 0.7295 
v -0.472988 -0.225216 0.7295 
v -0.472953 -0.22543 0.7295 
v -0.472895 -0.225639 0.7295 
v -0.472815 -0.22584 0.7295 
v -0.472714 -0.226031 0.7295 
v -0.472592 -0.22621 0.7295 
v -0.472452 -0.226375 0.7295 
v -0.472295 -0.226524 0.7295 
v -0.472122 -0.226655 0.7295 
v -0.471937 -0.226767 0.7295 
v -0.47174 -0.226858 0.7295 
v -0.471535 -0.226927 0.7295 
v -0.471324 -0.226974 0.7295 
v -0.471108 -0.226997 0.7295 
v -0.470892 -0.226997 0.7295 
v -0.470676 -0.226974 0.7295 
v -0.470465 -0.226927 0.7295 
v -0.47026 -0.226858 0.7295 
v -0.470063 -0.226767 0.7295 
v -0.469878 -0.226655 0.7295 
v -0.469705 -0.226524 0.7295 
v -0.469548 -0.226375 0.7295 
v -0.469408 -0.22621 0.7295 
v -0.469286 -0.226031 0.7295 
v -0.469185 -0.22584 0.7295 
v -0.469105 -0.225639 0.7295 
v -0.469047 -0.22543 0.7295 
v -0.469012 -0.225216 0.7295 
v -0.471 -0.225 0.7295 
v -0.469 -0.185 0.7295 
v -0.469012 -0.184784 0.7295 
v -0.469047 -0.18457 0.7295 
v -0.469105 -0.184361 0.7295 
v -0.469185 -0.18416 0.7295 
v -0.469286 -0.183969 0.7295 
v -0.469408 -0.18379 0.7295 
v -0.469548 -0.183625 0.7295 
v -0.469705 -0.183476 0.7295 
v -0.469878 -0.183345 0.7295 
v -0.470063 -0.183233 0.7295 
v -0.47026 -0.183142 0.7295 
v -0.470465 -0.183073 0.7295 
v -0.470676 -0.183026 0.7295 
v -0.470892 -0.183003 0.7295 
v -0.471108 -0.183003 0.7295 
v -0.471324 -0.183026 0.7295 
v -0.471535 -0.183073 0.7295 
v -0.47174 -0.183142 0.7295 
v -0.471937 -0.183233 0.7295 
v -0.472122 -0.183345 0.7295 
v -0.472295 -0.183476 0.7295 
v -0.472452 -0.183625 0.7295 
v -0.472592 -0.18379 0.7295 
v -0.472714 -0.183969 0.7295 
v -0.472815 -0.18416 0.7295 
v -0.472895 -0.184361 0.7295 
v -0.472953 -0.18457 0.7295 
v -0.472988 -0.184784 0.7295 
v -0.473 -0.185 0.7295 
v -0.472988 -0.185216 0.7295 
v -0.472953 -0.18543 0.7295 
v -0.472895 -0.185639 0.7295 
v -0.472815 -0.18584 0.7295 
v -0.472714 -0.186031 0.7295 
v -0.472592 -0.18621 0.7295 
v -0.472452 -0.186375 0.7295 
v -0.472295 -0.186524 0.7295 
v -0.472122 -0.186655 0.7295 
v -0.471937 -0.186767 0.7295 
v -0.47174 -0.186858 0.7295 
v -0.471535 -0.186927 0.7295 
v -0.471324 -0.186974 0.7295 
v -0.471108 -0.186997 0.7295 
v -0.470892 -0.186997 0.7295 
v -0.470676 -0.186974 0.7295 
v -0.470465 -0.186927 0.7295 
v -0.47026 -0.186858 0.7295 
v -0.470063 -0.186767 0.7295 
v -0.469878 -0.186655 0.7295 
v -0.469705 -0.186524 0.7295 
v -0.469548 -0.186375 0.7295 
v -0.469408 -0.18621 0.7295 
v -0.469286 -0.186031 0.7295 
v -0.469185 -0.18584 0.7295 
v -0.469105 -0.185639 0.7295 
v -0.469047 -0.18543 0.7295 
v -0.469012 -0.185216 0.7295 
v -0.471 -0.185 0.7295 
v -0.5 0.3 0.025 
v -0.5 -0.3 0.025 
v -0.43 -0.3 0.025 
v -0.43 0.3 0.025 
v -0.5 0.3 0 
v -0.43 0.3 0 
v -0.5 -0.3 0 
v -0.43 -0.3 0 
v 0.469625 0.216612 0.727 
v 0.467019 0.19251 0.727 
v 0.467854 0.192896 0.727 
v 0.47054 0.216512 0.727 
v 0.464829 0.190845 0.727 
v 0.463717 0.220618 0.727 
v 0.463286 0.221431 0.727 
v 0.46623 0.217965 0.727 
v 0.465497 0.218522 0.727 
v 0.468726 0.21681 0.727 
v 0.46623 0.192035 0.727 
v 0.478283 0.229382 0.727 
v 0.478714 0.228569 0.727 
v 0.47577 0.232035 0.727 
v 0.476503 0.231478 0.727 
v 0.464233 0.219856 0.727 
v 0.464829 0.219155 0.727 
v 0.467854 0.217104 0.727 
v 0.47146 0.216512 0.727 
v 0.473274 0.21681 0.727 
v 0.472375 0.216612 0.727 
v 0.4795 0.225 0.727 
v 0.478283 0.189382 0.727 
v 0.477767 0.230144 0.727 
v 0.477171 0.230845 0.727 
v 0.473274 0.23319 0.727 
v 0.474146 0.232896 0.727 
v 0.47146 0.233488 0.727 
v 0.472375 0.233388 0.727 
v 0.47054 0.233488 0.727 
v 0.464829 0.230845 0.727 
v 0.465497 0.231478 0.727 
v 0.462945 0.227714 0.727 
v 0.463286 0.228569 0.727 
v 0.467019 0.21749 0.727 
v 0.465497 0.191478 0.727 
v 0.474981 0.21749 0.727 
v 0.474146 0.217104 0.727 
v 0.462945 -0.182286 0.727 
v 0.463717 0.180618 0.727 
v 0.463286 0.181431 0.727 
v 0.46623 0.177965 0.727 
v 0.465497 0.178522 0.727 
v 0.469625 -0.193388 0.727 
v 0.467019 -0.21749 0.727 
v 0.467854 -0.217104 0.727 
v 0.47945 0.225919 0.727 
v 0.474981 0.23251 0.727 
v 0.468726 0.23319 0.727 
v 0.469625 0.233388 0.727 
v 0.467019 0.23251 0.727 
v 0.467854 0.232896 0.727 
v 0.464233 0.230144 0.727 
v 0.463717 0.229382 0.727 
v 0.4625 0.225 0.727 
v 0.46255 0.225919 0.727 
v 0.462699 0.223173 0.727 
v 0.46255 0.224081 0.727 
v 0.462945 0.222286 0.727 
v 0.47577 0.217965 0.727 
v 0.477171 0.219155 0.727 
v 0.476503 0.218522 0.727 
v 0.464233 0.179856 0.727 
v 0.464829 0.179155 0.727 
v 0.468726 0.17681 0.727 
v 0.467854 0.177104 0.727 
v 0.47146 0.176512 0.727 
v 0.47054 0.176512 0.727 
v 0.47054 -0.193488 0.727 
v 0.478714 0.188569 0.727 
v 0.46623 0.232035 0.727 
v 0.462699 0.226827 0.727 
v 0.479055 0.222286 0.727 
v 0.478714 0.221431 0.727 
v 0.47945 0.224081 0.727 
v 0.47577 0.192035 0.727 
v 0.476503 0.191478 0.727 
v 0.474981 0.19251 0.727 
v 0.479301 0.223173 0.727 
v 0.473274 0.19319 0.727 
v 0.479055 0.182286 0.727 
v 0.478283 -0.180618 0.727 
v 0.478714 -0.181431 0.727 
v 0.47577 -0.177965 0.727 
v 0.476503 -0.178522 0.727 
v 0.462699 0.183173 0.727 
v 0.46255 0.184081 0.727 
v 0.467019 0.17749 0.727 
v 0.469625 0.176612 0.727 
v 0.473274 0.17681 0.727 
v 0.472375 0.176612 0.727 
v 0.477171 0.179155 0.727 
v 0.476503 0.178522 0.727 
v 0.478714 0.181431 0.727 
v 0.463286 -0.181431 0.727 
v 0.462945 -0.222286 0.727 
v 0.463717 -0.189382 0.727 
v 0.463286 -0.188569 0.727 
v 0.46623 -0.192035 0.727 
v 0.465497 -0.191478 0.727 
v 0.468726 -0.19319 0.727 
v 0.46623 -0.217965 0.727 
v 0.464829 -0.219155 0.727 
v 0.465497 -0.218522 0.727 
v 0.463286 -0.221431 0.727 
v 0.463717 -0.229382 0.727 
v 0.463286 -0.228569 0.727 
v 0.46623 -0.232035 0.727 
v 0.465497 -0.231478 0.727 
v 0.479301 0.226827 0.727 
v 0.478283 0.220618 0.727 
v 0.477171 0.190845 0.727 
v 0.474146 0.192896 0.727 
v 0.47146 0.193488 0.727 
v 0.472375 0.193388 0.727 
v 0.477767 -0.179856 0.727 
v 0.477171 -0.179155 0.727 
v 0.473274 -0.17681 0.727 
v 0.474146 -0.177104 0.727 
v 0.47054 -0.176512 0.727 
v 0.47146 -0.176512 0.727 
v 0.4625 0.185 0.727 
v 0.46255 0.185919 0.727 
v 0.462945 0.182286 0.727 
v 0.474981 0.17749 0.727 
v 0.474146 0.177104 0.727 
v 0.47577 0.177965 0.727 
v 0.464233 -0.190144 0.727 
v 0.464829 -0.190845 0.727 
v 0.467854 -0.192896 0.727 
v 0.47146 -0.193488 0.727 
v 0.473274 -0.19319 0.727 
v 0.472375 -0.193388 0.727 
v 0.464233 -0.219856 0.727 
v 0.463717 -0.220618 0.727 
v 0.464233 -0.230144 0.727 
v 0.464829 -0.230845 0.727 
v 0.468726 -0.23319 0.727 
v 0.467854 -0.232896 0.727 
v 0.47054 -0.233488 0.727 
v 0.469625 -0.233388 0.727 
v 0.47146 -0.233488 0.727 
v 0.479301 0.186827 0.727 
v 0.47945 0.185919 0.727 
v 0.479055 0.227714 0.727 
v 0.477767 0.219856 0.727 
v 0.463717 0.189382 0.727 
v 0.464233 0.190144 0.727 
v 0.462945 0.187714 0.727 
v 0.463286 0.188569 0.727 
v 0.477767 0.190144 0.727 
v 0.47054 0.193488 0.727 
v 0.468726 0.19319 0.727 
v 0.469625 0.193388 0.727 
v 0.474981 -0.17749 0.727 
v 0.472375 -0.176612 0.727 
v 0.468726 -0.17681 0.727 
v 0.469625 -0.176612 0.727 
v 0.464829 -0.179155 0.727 
v 0.465497 -0.178522 0.727 
v 0.462699 0.186827 0.727 
v 0.478283 0.180618 0.727 
v 0.477767 0.179856 0.727 
v 0.4625 -0.185 0.727 
v 0.467019 -0.19251 0.727 
v 0.474981 -0.19251 0.727 
v 0.474146 -0.192896 0.727 
v 0.46255 -0.224081 0.727 
v 0.462699 -0.223173 0.727 
v 0.467019 -0.23251 0.727 
v 0.473274 -0.23319 0.727 
v 0.472375 -0.233388 0.727 
v 0.474981 -0.23251 0.727 
v 0.474146 -0.232896 0.727 
v 0.479055 0.187714 0.727 
v 0.467019 -0.17749 0.727 
v 0.467854 -0.177104 0.727 
v 0.46623 -0.177965 0.727 
v 0.463717 -0.180618 0.727 
v 0.464233 -0.179856 0.727 
v 0.46255 -0.184081 0.727 
v 0.462699 -0.186827 0.727 
v 0.46255 -0.185919 0.727 
v 0.47577 -0.192035 0.727 
v 0.477171 -0.190845 0.727 
v 0.476503 -0.191478 0.727 
v 0.4625 -0.225 0.727 
v 0.462699 -0.226827 0.727 
v 0.46255 -0.225919 0.727 
v 0.47577 -0.232035 0.727 
v 0.477171 -0.230845 0.727 
v 0.476503 -0.231478 0.727 
v 0.462699 -0.183173 0.727 
v 0.462945 -0.187714 0.727 
v 0.479055 -0.187714 0.727 
v 0.478714 -0.188569 0.727 
v 0.462945 -0.227714 0.727 
v 0.4795 -0.185 0.727 
v 0.478283 -0.220618 0.727 
v 0.478714 -0.221431 0.727 
v 0.47945 -0.185919 0.727 
v 0.47577 -0.217965 0.727 
v 0.476503 -0.218522 0.727 
v 0.474981 -0.21749 0.727 
v 0.479301 -0.186827 0.727 
v 0.473274 -0.21681 0.727 
v 0.4795 0.185 0.727 
v 0.47945 0.184081 0.727 
v 0.478283 -0.189382 0.727 
v 0.478283 -0.229382 0.727 
v 0.477767 -0.230144 0.727 
v 0.479055 -0.227714 0.727 
v 0.478714 -0.228569 0.727 
v 0.477767 -0.219856 0.727 
v 0.477171 -0.219155 0.727 
v 0.474146 -0.217104 0.727 
v 0.47146 -0.216512 0.727 
v 0.472375 -0.216612 0.727 
v 0.479055 -0.182286 0.727 
v 0.477767 -0.190144 0.727 
v 0.47054 -0.216512 0.727 
v 0.468726 -0.21681 0.727 
v 0.469625 -0.216612 0.727 
v 0.479301 -0.183173 0.727 
v 0.47945 -0.184081 0.727 
v 0.479301 0.183173 0.727 
v 0.4795 -0.225 0.727 
v 0.47945 -0.225919 0.727 
v 0.479301 -0.226827 0.727 
v 0.479301 -0.223173 0.727 
v 0.47945 -0.224081 0.727 
v 0.479055 -0.222286 0.727 
v 0.4625 0.185 0.7295 
v 0.46255 0.185919 0.7295 
v 0.462699 0.186827 0.7295 
v 0.462945 0.187714 0.7295 
v 0.463286 0.188569 0.7295 
v 0.463717 0.189382 0.7295 
v 0.464233 0.190144 0.7295 
v 0.464829 0.190845 0.7295 
v 0.465497 0.191478 0.7295 
v 0.46623 0.192035 0.7295 
v 0.467019 0.19251 0.7295 
v 0.467854 0.192896 0.7295 
v 0.468726 0.19319 0.7295 
v 0.469625 0.193388 0.7295 
v 0.47054 0.193488 0.7295 
v 0.47146 0.193488 0.7295 
v 0.472375 0.193388 0.7295 
v 0.473274 0.19319 0.7295 
v 0.474146 0.192896 0.7295 
v 0.474981 0.19251 0.7295 
v 0.47577 0.192035 0.7295 
v 0.476503 0.191478 0.7295 
v 0.477171 0.190845 0.7295 
v 0.477767 0.190144 0.7295 
v 0.478283 0.189382 0.7295 
v 0.478714 0.188569 0.7295 
v 0.479055 0.187714 0.7295 
v 0.479301 0.186827 0.7295 
v 0.47945 0.185919 0.7295 
v 0.4795 0.185 0.7295 
v 0.47945 0.184081 0.7295 
v 0.479301 0.183173 0.7295 
v 0.479055 0.182286 0.7295 
v 0.478714 0.181431 0.7295 
v 0.478283 0.180618 0.7295 
v 0.477767 0.179856 0.7295 
v 0.477171 0.179155 0.7295 
v 0.476503 0.178522 0.7295 
v 0.47577 0.177965 0.7295 
v 0.474981 0.17749 0.7295 
v 0.474146 0.177104 0.7295 
v 0.473274 0.17681 0.7295 
v 0.472375 0.176612 0.7295 
v 0.47146 0.176512 0.7295 
v 0.47054 0.176512 0.7295 
v 0.469625 0.176612 0.7295 
v 0.468726 0.17681 0.7295 
v 0.467854 0.177104 0.7295 
v 0.467019 0.17749 0.7295 
v 0.46623 0.177965 0.7295 
v 0.465497 0.178522 0.7295 
v 0.464829 0.179155 0.7295 
v 0.464233 0.179856 0.7295 
v 0.463717 0.180618 0.7295 
v 0.463286 0.181431 0.7295 
v 0.462945 0.182286 0.7295 
v 0.462699 0.183173 0.7295 
v 0.46255 0.184081 0.7295 
v 0.4625 0.225 0.7295 
v 0.46255 0.225919 0.7295 
v 0.462699 0.226827 0.7295 
v 0.462945 0.227714 0.7295 
v 0.463286 0.228569 0.7295 
v 0.463717 0.229382 0.7295 
v 0.464233 0.230144 0.7295 
v 0.464829 0.230845 0.7295 
v 0.465497 0.231478 0.7295 
v 0.46623 0.232035 0.7295 
v 0.467019 0.23251 0.7295 
v 0.467854 0.232896 0.7295 
v 0.468726 0.23319 0.7295 
v 0.469625 0.233388 0.7295 
v 0.47054 0.233488 0.7295 
v 0.47146 0.233488 0.7295 
v 0.472375 0.233388 0.7295 
v 0.473274 0.23319 0.7295 
v 0.474146 0.232896 0.7295 
v 0.474981 0.23251 0.7295 
v 0.47577 0.232035 0.7295 
v 0.476503 0.231478 0.7295 
v 0.477171 0.230845 0.7295 
v 0.477767 0.230144 0.7295 
v 0.478283 0.229382 0.7295 
v 0.478714 0.228569 0.7295 
v 0.479055 0.227714 0.7295 
v 0.479301 0.226827 0.7295 
v 0.47945 0.225919 0.7295 
v 0.4795 0.225 0.7295 
v 0.47945 0.224081 0.7295 
v 0.479301 0.223173 0.7295 
v 0.479055 0.222286 0.7295 
v 0.478714 0.221431 0.7295 
v 0.478283 0.220618 0.7295 
v 0.477767 0.219856 0.7295 
v 0.477171 0.219155 0.7295 
v 0.476503 0.218522 0.7295 
v 0.47577 0.217965 0.7295 
v 0.474981 0.21749 0.7295 
v 0.474146 0.217104 0.7295 
v 0.473274 0.21681 0.7295 
v 0.472375 0.216612 0.7295 
v 0.47146 0.216512 0.7295 
v 0.47054 0.216512 0.7295 
v 0.469625 0.216612 0.7295 
v 0.468726 0.21681 0.7295 
v 0.467854 0.217104 0.7295 
v 0.467019 0.21749 0.7295 
v 0.46623 0.217965 0.7295 
v 0.465497 0.218522 0.7295 
v 0.464829 0.219155 0.7295 
v 0.464233 0.219856 0.7295 
v 0.463717 0.220618 0.7295 
v 0.463286 0.221431 0.7295 
v 0.462945 0.222286 0.7295 
v 0.462699 0.223173 0.7295 
v 0.46255 0.224081 0.7295 
v 0.4625 -0.225 0.7295 
v 0.46255 -0.224081 0.7295 
v 0.462699 -0.223173 0.7295 
v 0.462945 -0.222286 0.7295 
v 0.463286 -0.221431 0.7295 
v 0.463717 -0.220618 0.7295 
v 0.464233 -0.219856 0.7295 
v 0.464829 -0.219155 0.7295 
v 0.465497 -0.218522 0.7295 
v 0.46623 -0.217965 0.7295 
v 0.467019 -0.21749 0.7295 
v 0.467854 -0.217104 0.7295 
v 0.468726 -0.21681 0.7295 
v 0.469625 -0.216612 0.7295 
v 0.47054 -0.216512 0.7295 
v 0.47146 -0.216512 0.7295 
v 0.472375 -0.216612 0.7295 
v 0.473274 -0.21681 0.7295 
v 0.474146 -0.217104 0.7295 
v 0.474981 -0.21749 0.7295 
v 0.47577 -0.217965 0.7295 
v 0.476503 -0.218522 0.7295 
v 0.477171 -0.219155 0.7295 
v 0.477767 -0.219856 0.7295 
v 0.478283 -0.220618 0.7295 
v 0.478714 -0.221431 0.7295 
v 0.479055 -0.222286 0.7295 
v 0.479301 -0.223173 0.7295 
v 0.47945 -0.224081 0.7295 
v 0.4795 -0.225 0.7295 
v 0.47945 -0.225919 0.7295 
v 0.479301 -0.226827 0.7295 
v 0.479055 -0.227714 0.7295 
v 0.478714 -0.228569 0.7295 
v 0.478283 -0.229382 0.7295 
v 0.477767 -0.230144 0.7295 
v 0.477171 -0.230845 0.7295 
v 0.476503 -0.231478 0.7295 
v 0.47577 -0.232035 0.7295 
v 0.474981 -0.23251 0.7295 
v 0.474146 -0.232896 0.7295 
v 0.473274 -0.23319 0.7295 
v 0.472375 -0.233388 0.7295 
v 0.47146 -0.233488 0.7295 
v 0.47054 -0.233488 0.7295 
v 0.469625 -0.233388 0.7295 
v 0.468726 -0.23319 0.7295 
v 0.467854 -0.232896 0.7295 
v 0.467019 -0.23251 0.7295 
v 0.46623 -0.232035 0.7295 
v 0.465497 -0.231478 0.7295 
v 0.464829 -0.230845 0.7295 
v 0.464233 -0.230144 0.7295 
v 0.463717 -0.229382 0.7295 
v 0.463286 -0.228569 0.7295 
v 0.462945 -0.227714 0.7295 
v 0.462699 -0.226827 0.7295 
v 0.46255 -0.225919 0.7295 
v 0.4625 -0.185 0.7295 
v 0.46255 -0.184081 0.7295 
v 0.462699 -0.183173 0.7295 
v 0.462945 -0.182286 0.7295 
v 0.463286 -0.181431 0.7295 
v 0.463717 -0.180618 0.7295 
v 0.464233 -0.179856 0.7295 
v 0.464829 -0.179155 0.7295 
v 0.465497 -0.178522 0.7295 
v 0.46623 -0.177965 0.7295 
v 0.467019 -0.17749 0.7295 
v 0.467854 -0.177104 0.7295 
v 0.468726 -0.17681 0.7295 
v 0.469625 -0.176612 0.7295 
v 0.47054 -0.176512 0.7295 
v 0.47146 -0.176512 0.7295 
v 0.472375 -0.176612 0.7295 
v 0.473274 -0.17681 0.7295 
v 0.474146 -0.177104 0.7295 
v 0.474981 -0.17749 0.7295 
v 0.47577 -0.177965 0.7295 
v 0.476503 -0.178522 0.7295 
v 0.477171 -0.179155 0.7295 
v 0.477767 -0.179856 0.7295 
v 0.478283 -0.180618 0.7295 
v 0.478714 -0.181431 0.7295 
v 0.479055 -0.182286 0.7295 
v 0.479301 -0.183173 0.7295 
v 0.47945 -0.184081 0.7295 
v 0.4795 -0.185 0.7295 
v 0.47945 -0.185919 0.7295 
v 0.479301 -0.186827 0.7295 
v 0.479055 -0.187714 0.7295 
v 0.478714 -0.188569 0.7295 
v 0.478283 -0.189382 0.7295 
v 0.477767 -0.190144 0.7295 
v 0.477171 -0.190845 0.7295 
v 0.476503 -0.191478 0.7295 
v 0.47577 -0.192035 0.7295 
v 0.474981 -0.19251 0.7295 
v 0.474146 -0.192896 0.7295 
v 0.473274 -0.19319 0.7295 
v 0.472375 -0.193388 0.7295 
v 0.47146 -0.193488 0.7295 
v 0.47054 -0.193488 0.7295 
v 0.469625 -0.193388 0.7295 
v 0.468726 -0.19319 0.7295 
v 0.467854 -0.192896 0.7295 
v 0.467019 -0.19251 0.7295 
v 0.46623 -0.192035 0.7295 
v 0.465497 -0.191478 0.7295 
v 0.464829 -0.190845 0.7295 
v 0.464233 -0.190144 0.7295 
v 0.463717 -0.189382 0.7295 
v 0.463286 -0.188569 0.7295 
v 0.462945 -0.187714 0.7295 
v 0.462699 -0.186827 0.7295 
v 0.46255 -0.185919 0.7295 
v -0.472375 0.216612 0.727 
v -0.474981 0.19251 0.727 
v -0.474146 0.192896 0.727 
v -0.47146 -0.216512 0.727 
v -0.47054 -0.216512 0.727 
v -0.47054 -0.193488 0.727 
v -0.477171 0.190845 0.727 
v -0.478714 0.221431 0.727 
v -0.479055 0.222286 0.727 
v -0.47146 0.216512 0.727 
v -0.468726 -0.19319 0.727 
v -0.463717 -0.220618 0.727 
v -0.463286 -0.221431 0.727 
v -0.46623 -0.217965 0.727 
v -0.465497 -0.218522 0.727 
v -0.472375 -0.193388 0.727 
v -0.473274 -0.21681 0.727 
v -0.472375 -0.216612 0.727 
v -0.47146 -0.193488 0.727 
v -0.463286 0.188569 0.727 
v -0.4625 0.225 0.727 
v -0.463717 0.229382 0.727 
v -0.463286 0.228569 0.727 
v -0.46623 0.232035 0.727 
v -0.465497 0.231478 0.727 
v -0.478283 0.220618 0.727 
v -0.47577 0.217965 0.727 
v -0.476503 0.218522 0.727 
v -0.473274 0.21681 0.727 
v -0.47577 0.192035 0.727 
v -0.47054 0.176512 0.727 
v -0.47054 -0.176512 0.727 
v -0.469625 -0.176612 0.727 
v -0.47146 -0.176512 0.727 
v -0.464233 -0.219856 0.727 
v -0.464829 -0.219155 0.727 
v -0.468726 -0.21681 0.727 
v -0.467854 -0.217104 0.727 
v -0.469625 -0.193388 0.727 
v -0.469625 -0.216612 0.727 
v -0.46255 0.225919 0.727 
v -0.464233 0.230144 0.727 
v -0.464829 0.230845 0.727 
v -0.468726 0.23319 0.727 
v -0.467854 0.232896 0.727 
v -0.47054 0.233488 0.727 
v -0.469625 0.233388 0.727 
v -0.47146 0.233488 0.727 
v -0.477767 0.219856 0.727 
v -0.477171 0.219155 0.727 
v -0.474146 0.217104 0.727 
v -0.47054 0.216512 0.727 
v -0.468726 0.21681 0.727 
v -0.469625 0.216612 0.727 
v -0.464829 0.219155 0.727 
v -0.465497 0.218522 0.727 
v -0.462945 0.222286 0.727 
v -0.463286 0.221431 0.727 
v -0.468726 0.17681 0.727 
v -0.463717 -0.180618 0.727 
v -0.463286 -0.181431 0.727 
v -0.46623 -0.177965 0.727 
v -0.465497 -0.178522 0.727 
v -0.47146 0.176512 0.727 
v -0.473274 -0.17681 0.727 
v -0.472375 -0.176612 0.727 
v -0.477171 -0.219155 0.727 
v -0.478283 -0.189382 0.727 
v -0.478714 -0.188569 0.727 
v -0.47577 -0.192035 0.727 
v -0.476503 -0.191478 0.727 
v -0.467019 -0.21749 0.727 
v -0.473274 -0.19319 0.727 
v -0.474981 -0.21749 0.727 
v -0.474146 -0.217104 0.727 
v -0.463717 0.189382 0.727 
v -0.467019 0.23251 0.727 
v -0.473274 0.23319 0.727 
v -0.472375 0.233388 0.727 
v -0.474981 0.23251 0.727 
v -0.474146 0.232896 0.727 
v -0.474981 0.21749 0.727 
v -0.476503 0.191478 0.727 
v -0.467019 0.21749 0.727 
v -0.467854 0.217104 0.727 
v -0.464233 0.219856 0.727 
v -0.463717 0.220618 0.727 
v -0.464233 -0.179856 0.727 
v -0.464829 -0.179155 0.727 
v -0.468726 -0.17681 0.727 
v -0.467854 -0.177104 0.727 
v -0.472375 0.176612 0.727 
v -0.477767 -0.190144 0.727 
v -0.477171 -0.190845 0.727 
v -0.474146 -0.192896 0.727 
v -0.47577 -0.217965 0.727 
v -0.476503 -0.218522 0.727 
v -0.462945 -0.222286 0.727 
v -0.464829 -0.190845 0.727 
v -0.465497 -0.191478 0.727 
v -0.462945 -0.187714 0.727 
v -0.463286 -0.188569 0.727 
v -0.462699 0.186827 0.727 
v -0.46255 0.185919 0.727 
v -0.462699 0.226827 0.727 
v -0.47577 0.232035 0.727 
v -0.477171 0.230845 0.727 
v -0.476503 0.231478 0.727 
v -0.4795 0.225 0.727 
v -0.47945 0.225919 0.727 
v -0.479301 0.223173 0.727 
v -0.47945 0.224081 0.727 
v -0.46623 0.217965 0.727 
v -0.46255 0.224081 0.727 
v -0.46623 0.192035 0.727 
v -0.465497 0.191478 0.727 
v -0.467019 0.19251 0.727 
v -0.462699 0.223173 0.727 
v -0.468726 0.19319 0.727 
v -0.477171 -0.179155 0.727 
v -0.478283 0.180618 0.727 
v -0.478714 0.181431 0.727 
v -0.47577 0.177965 0.727 
v -0.476503 0.178522 0.727 
v -0.467019 -0.17749 0.727 
v -0.469625 0.176612 0.727 
v -0.473274 0.17681 0.727 
v -0.476503 -0.178522 0.727 
v -0.462945 -0.182286 0.727 
v -0.462945 0.182286 0.727 
v -0.463286 0.181431 0.727 
v -0.474981 -0.19251 0.727 
v -0.467019 -0.19251 0.727 
v -0.467854 -0.192896 0.727 
v -0.464233 -0.190144 0.727 
v -0.463717 -0.189382 0.727 
v -0.462945 0.187714 0.727 
v -0.462945 0.227714 0.727 
v -0.479301 0.226827 0.727 
v -0.464829 0.190845 0.727 
v -0.467854 0.192896 0.727 
v -0.47054 0.193488 0.727 
v -0.469625 0.193388 0.727 
v -0.477767 0.179856 0.727 
v -0.477171 0.179155 0.727 
v -0.474146 0.177104 0.727 
v -0.474981 -0.17749 0.727 
v -0.474146 -0.177104 0.727 
v -0.47577 -0.177965 0.727 
v -0.463717 0.180618 0.727 
v -0.462699 -0.223173 0.727 
v -0.46623 -0.192035 0.727 
v -0.478283 -0.229382 0.727 
v -0.478714 -0.228569 0.727 
v -0.47577 -0.232035 0.727 
v -0.476503 -0.231478 0.727 
v -0.478283 0.229382 0.727 
v -0.477767 0.230144 0.727 
v -0.479055 0.227714 0.727 
v -0.478714 0.228569 0.727 
v -0.478283 0.189382 0.727 
v -0.477767 0.190144 0.727 
v -0.479055 0.187714 0.727 
v -0.478714 0.188569 0.727 
v -0.464233 0.190144 0.727 
v -0.47146 0.193488 0.727 
v -0.473274 0.19319 0.727 
v -0.472375 0.193388 0.727 
v -0.474981 0.17749 0.727 
v -0.467019 0.17749 0.727 
v -0.467854 0.177104 0.727 
v -0.464829 0.179155 0.727 
v -0.465497 0.178522 0.727 
v -0.464233 0.179856 0.727 
v -0.479055 -0.222286 0.727 
v -0.4795 -0.185 0.727 
v -0.46255 -0.224081 0.727 
v -0.477767 -0.230144 0.727 
v -0.477171 -0.230845 0.727 
v -0.473274 -0.23319 0.727 
v -0.474146 -0.232896 0.727 
v -0.47146 -0.233488 0.727 
v -0.472375 -0.233388 0.727 
v -0.47054 -0.233488 0.727 
v -0.464829 -0.230845 0.727 
v -0.465497 -0.231478 0.727 
v -0.462945 -0.227714 0.727 
v -0.463286 -0.228569 0.727 
v -0.462699 -0.183173 0.727 
v -0.46255 -0.184081 0.727 
v -0.46623 0.177965 0.727 
v -0.47945 -0.184081 0.727 
v -0.479301 -0.186827 0.727 
v -0.47945 -0.185919 0.727 
v -0.479055 -0.187714 0.727 
v -0.478283 -0.220618 0.727 
v -0.477767 -0.219856 0.727 
v -0.478714 -0.221431 0.727 
v -0.474981 -0.23251 0.727 
v -0.468726 -0.23319 0.727 
v -0.469625 -0.233388 0.727 
v -0.467019 -0.23251 0.727 
v -0.467854 -0.232896 0.727 
v -0.464233 -0.230144 0.727 
v -0.463717 -0.229382 0.727 
v -0.4795 0.185 0.727 
v -0.47945 0.185919 0.727 
v -0.479301 0.183173 0.727 
v -0.47945 0.184081 0.727 
v -0.479055 -0.182286 0.727 
v -0.479055 0.182286 0.727 
v -0.479301 -0.183173 0.727 
v -0.479301 -0.223173 0.727 
v -0.4795 -0.225 0.727 
v -0.47945 -0.224081 0.727 
v -0.479301 -0.226827 0.727 
v -0.47945 -0.225919 0.727 
v -0.46623 -0.232035 0.727 
v -0.479301 0.186827 0.727 
v -0.478283 -0.180618 0.727 
v -0.477767 -0.179856 0.727 
v -0.478714 -0.181431 0.727 
v -0.4625 -0.185 0.727 
v -0.46255 -0.185919 0.727 
v -0.479055 -0.227714 0.727 
v -0.4625 0.185 0.727 
v -0.4625 -0.225 0.727 
v -0.462699 -0.186827 0.727 
v -0.46255 0.184081 0.727 
v -0.46255 -0.225919 0.727 
v -0.462699 0.183173 0.727 
v -0.462699 -0.226827 0.727 
v -0.4625 0.185 0.7295 
v -0.46255 0.184081 0.7295 
v -0.462699 0.183173 0.7295 
v -0.462945 0.182286 0.7295 
v -0.463286 0.181431 0.7295 
v -0.463717 0.180618 0.7295 
v -0.464233 0.179856 0.7295 
v -0.464829 0.179155 0.7295 
v -0.465497 0.178522 0.7295 
v -0.46623 0.177965 0.7295 
v -0.467019 0.17749 0.7295 
v -0.467854 0.177104 0.7295 
v -0.468726 0.17681 0.7295 
v -0.469625 0.176612 0.7295 
v -0.47054 0.176512 0.7295 
v -0.47146 0.176512 0.7295 
v -0.472375 0.176612 0.7295 
v -0.473274 0.17681 0.7295 
v -0.474146 0.177104 0.7295 
v -0.474981 0.17749 0.7295 
v -0.47577 0.177965 0.7295 
v -0.476503 0.178522 0.7295 
v -0.477171 0.179155 0.7295 
v -0.477767 0.179856 0.7295 
v -0.478283 0.180618 0.7295 
v -0.478714 0.181431 0.7295 
v -0.479055 0.182286 0.7295 
v -0.479301 0.183173 0.7295 
v -0.47945 0.184081 0.7295 
v -0.4795 0.185 0.7295 
v -0.47945 0.185919 0.7295 
v -0.479301 0.186827 0.7295 
v -0.479055 0.187714 0.7295 
v -0.478714 0.188569 0.7295 
v -0.478283 0.189382 0.7295 
v -0.477767 0.190144 0.7295 
v -0.477171 0.190845 0.7295 
v -0.476503 0.191478 0.7295 
v -0.47577 0.192035 0.7295 
v -0.474981 0.19251 0.7295 
v -0.474146 0.192896 0.7295 
v -0.473274 0.19319 0.7295 
v -0.472375 0.193388 0.7295 
v -0.47146 0.193488 0.7295 
v -0.47054 0.193488 0.7295 
v -0.469625 0.193388 0.7295 
v -0.468726 0.19319 0.7295 
v -0.467854 0.192896 0.7295 
v -0.467019 0.19251 0.7295 
v -0.46623 0.192035 0.7295 
v -0.465497 0.191478 0.7295 
v -0.464829 0.190845 0.7295 
v -0.464233 0.190144 0.7295 
v -0.463717 0.189382 0.7295 
v -0.463286 0.188569 0.7295 
v -0.462945 0.187714 0.7295 
v -0.462699 0.186827 0.7295 
v -0.46255 0.185919 0.7295 
v -0.4625 0.225 0.7295 
v -0.46255 0.224081 0.7295 
v -0.462699 0.223173 0.7295 
v -0.462945 0.222286 0.7295 
v -0.463286 0.221431 0.7295 
v -0.463717 0.220618 0.7295 
v -0.464233 0.219856 0.7295 
v -0.464829 0.219155 0.7295 
v -0.465497 0.218522 0.7295 
v -0.46623 0.217965 0.7295 
v -0.467019 0.21749 0.7295 
v -0.467854 0.217104 0.7295 
v -0.468726 0.21681 0.7295 
v -0.469625 0.216612 0.7295 
v -0.47054 0.216512 0.7295 
v -0.47146 0.216512 0.7295 
v -0.472375 0.216612 0.7295 
v -0.473274 0.21681 0.7295 
v -0.474146 0.217104 0.7295 
v -0.474981 0.21749 0.7295 
v -0.47577 0.217965 0.7295 
v -0.476503 0.218522 0.7295 
v -0.477171 0.219155 0.7295 
v -0.477767 0.219856 0.7295 
v -0.478283 0.220618 0.7295 
v -0.478714 0.221431 0.7295 
v -0.479055 0.222286 0.7295 
v -0.479301 0.223173 0.7295 
v -0.47945 0.224081 0.7295 
v -0.4795 0.225 0.7295 
v -0.47945 0.225919 0.7295 
v -0.479301 0.226827 0.7295 
v -0.479055 0.227714 0.7295 
v -0.478714 0.228569 0.7295 
v -0.478283 0.229382 0.7295 
v -0.477767 0.230144 0.7295 
v -0.477171 0.230845 0.7295 
v -0.476503 0.231478 0.7295 
v -0.47577 0.232035 0.7295 
v -0.474981 0.23251 0.7295 
v -0.474146 0.232896 0.7295 
v -0.473274 0.23319 0.7295 
v -0.472375 0.233388 0.7295 
v -0.47146 0.233488 0.7295 
v -0.47054 0.233488 0.7295 
v -0.469625 0.233388 0.7295 
v -0.468726 0.23319 0.7295 
v -0.467854 0.232896 0.7295 
v -0.467019 0.23251 0.7295 
v -0.46623 0.232035 0.7295 
v -0.465497 0.231478 0.7295 
v -0.464829 0.230845 0.7295 
v -0.464233 0.230144 0.7295 
v -0.463717 0.229382 0.7295 
v -0.463286 0.228569 0.7295 
v -0.462945 0.227714 0.7295 
v -0.462699 0.226827 0.7295 
v -0.46255 0.225919 0.7295 
v -0.4625 -0.225 0.7295 
v -0.46255 -0.225919 0.7295 
v -0.462699 -0.226827 0.7295 
v -0.462945 -0.227714 0.7295 
v -0.463286 -0.228569 0.7295 
v -0.463717 -0.229382 0.7295 
v -0.464233 -0.230144 0.7295 
v -0.464829 -0.230845 0.7295 
v -0.465497 -0.231478 0.7295 
v -0.46623 -0.232035 0.7295 
v -0.467019 -0.23251 0.7295 
v -0.467854 -0.232896 0.7295 
v -0.468726 -0.23319 0.7295 
v -0.469625 -0.233388 0.7295 
v -0.47054 -0.233488 0.7295 
v -0.47146 -0.233488 0.7295 
v -0.472375 -0.233388 0.7295 
v -0.473274 -0.23319 0.7295 
v -0.474146 -0.232896 0.7295 
v -0.474981 -0.23251 0.7295 
v -0.47577 -0.232035 0.7295 
v -0.476503 -0.231478 0.7295 
v -0.477171 -0.230845 0.7295 
v -0.477767 -0.230144 0.7295 
v -0.478283 -0.229382 0.7295 
v -0.478714 -0.228569 0.7295 
v -0.479055 -0.227714 0.7295 
v -0.479301 -0.226827 0.7295 
v -0.47945 -0.225919 0.7295 
v -0.4795 -0.225 0.7295 
v -0.47945 -0.224081 0.7295 
v -0.479301 -0.223173 0.7295 
v -0.479055 -0.222286 0.7295 
v -0.478714 -0.221431 0.7295 
v -0.478283 -0.220618 0.7295 
v -0.477767 -0.219856 0.7295 
v -0.477171 -0.219155 0.7295 
v -0.476503 -0.218522 0.7295 
v -0.47577 -0.217965 0.7295 
v -0.474981 -0.21749 0.7295 
v -0.474146 -0.217104 0.7295 
v -0.473274 -0.21681 0.7295 
v -0.472375 -0.216612 0.7295 
v -0.47146 -0.216512 0.7295 
v -0.47054 -0.216512 0.7295 
v -0.469625 -0.216612 0.7295 
v -0.468726 -0.21681 0.7295 
v -0.467854 -0.217104 0.7295 
v -0.467019 -0.21749 0.7295 
v -0.46623 -0.217965 0.7295 
v -0.465497 -0.218522 0.7295 
v -0.464829 -0.219155 0.7295 
v -0.464233 -0.219856 0.7295 
v -0.463717 -0.220618 0.7295 
v -0.463286 -0.221431 0.7295 
v -0.462945 -0.222286 0.7295 
v -0.462699 -0.223173 0.7295 
v -0.46255 -0.224081 0.7295 
v -0.4625 -0.185 0.7295 
v -0.46255 -0.185919 0.7295 
v -0.462699 -0.186827 0.7295 
v -0.462945 -0.187714 0.7295 
v -0.463286 -0.188569 0.7295 
v -0.463717 -0.189382 0.7295 
v -0.464233 -0.190144 0.7295 
v -0.464829 -0.190845 0.7295 
v -0.465497 -0.191478 0.7295 
v -0.46623 -0.192035 0.7295 
v -0.467019 -0.19251 0.7295 
v -0.467854 -0.192896 0.7295 
v -0.468726 -0.19319 0.7295 
v -0.469625 -0.193388 0.7295 
v -0.47054 -0.193488 0.7295 
v -0.47146 -0.193488 0.7295 
v -0.472375 -0.193388 0.7295 
v -0.473274 -0.19319 0.7295 
v -0.474146 -0.192896 0.7295 
v -0.474981 -0.19251 0.7295 
v -0.47577 -0.192035 0.7295 
v -0.476503 -0.191478 0.7295 
v -0.477171 -0.190845 0.7295 
v -0.477767 -0.190144 0.7295 
v -0.478283 -0.189382 0.7295 
v -0.478714 -0.188569 0.7295 
v -0.479055 -0.187714 0.7295 
v -0.479301 -0.186827 0.7295 
v -0.47945 -0.185919 0.7295 
v -0.4795 -0.185 0.7295 
v -0.47945 -0.184081 0.7295 
v -0.479301 -0.183173 0.7295 
v -0.479055 -0.182286 0.7295 
v -0.478714 -0.181431 0.7295 
v -0.478283 -0.180618 0.7295 
v -0.477767 -0.179856 0.7295 
v -0.477171 -0.179155 0.7295 
v -0.476503 -0.178522 0.7295 
v -0.47577 -0.177965 0.7295 
v -0.474981 -0.17749 0.7295 
v -0.474146 -0.177104 0.7295 
v -0.473274 -0.17681 0.7295 
v -0.472375 -0.176612 0.7295 
v -0.47146 -0.176512 0.7295 
v -0.47054 -0.176512 0.7295 
v -0.469625 -0.176612 0.7295 
v -0.468726 -0.17681 0.7295 
v -0.467854 -0.177104 0.7295 
v -0.467019 -0.17749 0.7295 
v -0.46623 -0.177965 0.7295 
v -0.465497 -0.178522 0.7295 
v -0.464829 -0.179155 0.7295 
v -0.464233 -0.179856 0.7295 
v -0.463717 -0.180618 0.7295 
v -0.463286 -0.181431 0.7295 
v -0.462945 -0.182286 0.7295 
v -0.462699 -0.183173 0.7295 
v -0.46255 -0.184081 0.7295 
v -0.6444 0.307921 0.7295 
v -0.56195 0.307921 0.7295 
v 0 0.307921 0.7295 
v 0.29925 0.307921 0.7295 
v 0.5748 0.307921 0.7295 
v 0.5748 0.205 0.7295 
v -0.6444 0.205 0.7295 
v 0.5748 0.08075 0.7295 
v -0.6444 0.08075 0.7295 
v 0.5748 -0.10425 0.7295 
v -0.6444 -0.10425 0.7295 
v 0.5748 -0.205 0.7295 
v -0.6444 -0.205 0.7295 
v 0.5748 -0.26759 0.7295 
v -0.6444 -0.26759 0.7295 
v -0.56195 -0.301679 0.7295 
v 0 -0.301679 0.7295 
v 0.29925 -0.301679 0.7295 
v 0.5748 -0.301679 0.7295 
v -0.6444 -0.301679 0.7295 
v -0.56195 0.205 0.7295 
v 0 0.205 0.7295 
v 0.29925 0.205 0.7295 
v -0.56195 0.08075 0.7295 
v 0 0.08075 0.7295 
v 0.29925 0.08075 0.7295 
v -0.56195 -0.10425 0.7295 
v 0 -0.10425 0.7295 
v 0.29925 -0.10425 0.7295 
v -0.56195 -0.205 0.7295 
v 0 -0.205 0.7295 
v 0.29925 -0.205 0.7295 
v -0.56195 -0.26759 0.7295 
v 0 -0.26759 0.7295 
v 0.29925 -0.26759 0.7295 
v 0.5748 0.307921 0.7595 
v 0.5748 -0.301679 0.7595 
v -0.6444 0.307921 0.7595 
v -0.6444 -0.301679 0.7595 
vn 1 0 0 
vn 0 0 1 
vn 0 0.108119 0.994138 
vn 0 0.21497 0.976621 
vn 0 0.319302 0.947653 
vn 0 0.419889 0.907575 
vn 0 0.515554 0.856857 
vn 0 0.605174 0.796093 
vn 0 0.687699 0.725995 
vn 0 0.762162 0.647386 
vn 0 0.827689 0.561187 
vn 0 0.883512 0.468408 
vn 0 0.928977 0.370138 
vn 0 0.96355 0.267528 
vn 0 0.986827 0.161782 
vn 0 0.998533 0.0541389 
vn 0 0.998533 -0.0541389 
vn 0 0.986827 -0.161782 
vn 0 0.96355 -0.267528 
vn 0 0.928977 -0.370138 
vn 0 0.883512 -0.468408 
vn 0 0.827689 -0.561187 
vn 0 0.762162 -0.647386 
vn 0 0.687699 -0.725995 
vn 0 0.605174 -0.796093 
vn 0 0.515554 -0.856857 
vn 0 0.419889 -0.907575 
vn 0 0.319302 -0.947653 
vn 0 0.21497 -0.976621 
vn 0 0.108119 -0.994138 
vn 0 1.22465e-16 -1 
vn 0 -0.108119 -0.994138 
vn 0 -0.21497 -0.976621 
vn 0 -0.319302 -0.947653 
vn 0 -0.419889 -0.907575 
vn 0 -0.515554 -0.856857 
vn 0 -0.605174 -0.796093 
vn 0 -0.687699 -0.725995 
vn 0 -0.762162 -0.647386 
vn 0 -0.827689 -0.561187 
vn 0 -0.883512 -0.468408 
vn 0 -0.928977 -0.370138 
vn 0 -0.96355 -0.267528 
vn 0 -0.986827 -0.161782 
vn 0 -0.998533 -0.0541389 
vn 0 -0.998533 0.0541389 
vn 0 -0.986827 0.161782 
vn 0 -0.96355 0.267528 
vn 0 -0.928977 0.370138 
vn 0 -0.883512 0.468408 
vn 0 -0.827689 0.561187 
vn 0 -0.762162 0.647386 
vn 0 -0.687699 0.725995 
vn 0 -0.605174 0.796093 
vn 0 -0.515554 0.856857 
vn 0 -0.419889 0.907575 
vn 0 -0.319302 0.947653 
vn 0 -0.21497 0.976621 
vn 0 -0.108119 0.994138 
vn 1 0 0 
vn 0 -0.168004 -0.985786 
vn 0 0.168004 -0.985786 
vn 0 0 -1 
vn 0 0 1 
vn 0 0.108119 0.994138 
vn 0 0.21497 0.976621 
vn 0 0.319302 0.947653 
vn 0 0.419889 0.907575 
vn 0 0.515554 0.856857 
vn 0 0.605174 0.796093 
vn 0 0.687699 0.725995 
vn 0 0.762162 0.647386 
vn 0 0.827689 0.561187 
vn 0 0.883512 0.468408 
vn 0 0.928977 0.370138 
vn 0 0.96355 0.267528 
vn 0 0.986827 0.161782 
vn 0 0.998533 0.0541389 
vn 0 0.998533 -0.0541389 
vn 0 0.986827 -0.161782 
vn 0 0.96355 -0.267528 
vn 0 0.928977 -0.370138 
vn 0 0.883512 -0.468408 
vn 0 0.827689 -0.561187 
vn 0 0.762162 -0.647386 
vn 0 0.687699 -0.725995 
vn 0 0.605174 -0.796093 
vn 0 0.515554 -0.856857 
vn 0 0.419889 -0.907575 
vn 0 0.319302 -0.947653 
vn 0 0.21497 -0.976621 
vn 0 0.108119 -0.994138 
vn 0 1.22465e-16 -1 
vn 0 -0.108119 -0.994138 
vn 0 -0.21497 -0.976621 
vn 0 -0.319302 -0.947653 
vn 0 -0.419889 -0.907575 
vn 0 -0.515554 -0.856857 
vn 0 -0.605174 -0.796093 
vn 0 -0.687699 -0.725995 
vn 0 -0.762162 -0.647386 
vn 0 -0.827689 -0.561187 
vn 0 -0.883512 -0.468408 
vn 0 -0.928977 -0.370138 
vn 0 -0.96355 -0.267528 
vn 0 -0.986827 -0.161782 
vn 0 -0.998533 -0.0541389 
vn 0 -0.998533 0.0541389 
vn 0 -0.986827 0.161782 
vn 0 -0.96355 0.267528 
vn 0 -0.928977 0.370138 
vn 0 -0.883512 0.468408 
vn 0 -0.827689 0.561187 
vn 0 -0.762162 0.647386 
vn 0 -0.687699 0.725995 
vn 0 -0.605174 0.796093 
vn 0 -0.515554 0.856857 
vn 0 -0.419889 0.907575 
vn 0 -0.319302 0.947653 
vn 0 -0.21497 0.976621 
vn 0 -0.108119 0.994138 
vn 1 0 0 
vn 0 1 7.40149e-15 
vn 0 -1 0 
vn -1 -2.31296e-16 0 
vn 0 1 0 
vn 1 0 0 
vn 0 -1 0 
vn -1 0 0 
vn 0 0 1 
vn 0 0 -1 
vn 0 1 0 
vn 0 0 1 
vn 0 -1 0 
vn 1 0 0 
vn -1 0 0 
vn -0.994138 0.108119 0 
vn -0.976621 0.21497 0 
vn -0.947653 0.319302 0 
vn -0.907575 0.419889 0 
vn -0.856857 0.515554 0 
vn -0.796093 0.605174 0 
vn -0.725995 0.687699 0 
vn -0.647386 0.762162 0 
vn -0.561187 0.827689 0 
vn -0.468408 0.883512 0 
vn -0.370138 0.928977 0 
vn -0.267528 0.96355 0 
vn -0.161782 0.986827 0 
vn -0.0541389 0.998533 0 
vn 0.0541389 0.998533 0 
vn 0.161782 0.986827 0 
vn 0.267528 0.96355 0 
vn 0.370138 0.928977 0 
vn 0.468408 0.883512 0 
vn 0.561187 0.827689 0 
vn 0.647386 0.762162 0 
vn 0.725995 0.687699 0 
vn 0.796093 0.605174 0 
vn 0.856857 0.515554 0 
vn 0.907575 0.419889 0 
vn 0.947653 0.319302 0 
vn 0.976621 0.21497 0 
vn 0.994138 0.108119 0 
vn 1 1.22465e-16 0 
vn 0 0 1 
vn 0 0 -1 
vn 0.994138 0.108119 0 
vn 1 2.44929e-16 0 
vn 0.976621 0.21497 0 
vn 0.994138 0.108119 0 
vn 0.947653 0.319302 0 
vn 0.976621 0.21497 0 
vn 0.907575 0.419889 0 
vn 0.947653 0.319302 0 
vn 0.856857 0.515554 0 
vn 0.907575 0.419889 0 
vn 0.796093 0.605174 0 
vn 0.856857 0.515554 0 
vn 0.725995 0.687699 0 
vn 0.796093 0.605174 0 
vn 0.647386 0.762162 0 
vn 0.725995 0.687699 0 
vn 0.561187 0.827689 0 
vn 0.647386 0.762162 0 
vn 0.468408 0.883512 0 
vn 0.561187 0.827689 0 
vn 0.370138 0.928977 0 
vn 0.468408 0.883512 0 
vn 0.267528 0.96355 0 
vn 0.370138 0.928977 0 
vn 0.161782 0.986827 0 
vn 0.267528 0.96355 0 
vn 0.0541389 0.998533 0 
vn 0.161782 0.986827 0 
vn -0.0541389 0.998533 0 
vn 0.0541389 0.998533 0 
vn -0.161782 0.986827 0 
vn -0.0541389 0.998533 0 
vn -0.267528 0.96355 0 
vn -0.161782 0.986827 0 
vn -0.370138 0.928977 0 
vn -0.267528 0.96355 0 
vn -0.468408 0.883512 0 
vn -0.370138 0.928977 0 
vn -0.561187 0.827689 0 
vn -0.468408 0.883512 0 
vn -0.647386 0.762162 0 
vn -0.561187 0.827689 0 
vn -0.725995 0.687699 0 
vn -0.647386 0.762162 0 
vn -0.796093 0.605174 0 
vn -0.725995 0.687699 0 
vn -0.856857 0.515554 0 
vn -0.796093 0.605174 0 
vn -0.907575 0.419889 0 
vn -0.856857 0.515554 0 
vn -0.947653 0.319302 0 
vn -0.907575 0.419889 0 
vn -0.976621 0.21497 0 
vn -0.947653 0.319302 0 
vn -0.994138 0.108119 0 
vn -0.976621 0.21497 0 
vn -1 -1.22465e-16 0 
vn -0.994138 0.108119 0 
vn -0.994138 -0.108119 0 
vn -1 -1.22465e-16 0 
vn -0.976621 -0.21497 0 
vn -0.994138 -0.108119 0 
vn -0.947653 -0.319302 0 
vn -0.976621 -0.21497 0 
vn -0.907575 -0.419889 0 
vn -0.947653 -0.319302 0 
vn -0.856857 -0.515554 0 
vn -0.907575 -0.419889 0 
vn -0.796093 -0.605174 0 
vn -0.856857 -0.515554 0 
vn -0.725995 -0.687699 0 
vn -0.796093 -0.605174 0 
vn -0.647386 -0.762162 0 
vn -0.725995 -0.687699 0 
vn -0.561187 -0.827689 0 
vn -0.647386 -0.762162 0 
vn -0.468408 -0.883512 0 
vn -0.561187 -0.827689 0 
vn -0.370138 -0.928977 0 
vn -0.468408 -0.883512 0 
vn -0.267528 -0.96355 0 
vn -0.370138 -0.928977 0 
vn -0.161782 -0.986827 0 
vn -0.267528 -0.96355 0 
vn -0.0541389 -0.998533 0 
vn -0.161782 -0.986827 0 
vn 0.0541389 -0.998533 0 
vn -0.0541389 -0.998533 0 
vn 0.161782 -0.986827 0 
vn 0.0541389 -0.998533 0 
vn 0.267528 -0.96355 0 
vn 0.161782 -0.986827 0 
vn 0.370138 -0.928977 0 
vn 0.267528 -0.96355 0 
vn 0.468408 -0.883512 0 
vn 0.370138 -0.928977 0 
vn 0.561187 -0.827689 0 
vn 0.468408 -0.883512 0 
vn 0.647386 -0.762162 0 
vn 0.561187 -0.827689 0 
vn 0.725995 -0.687699 0 
vn 0.647386 -0.762162 0 
vn 0.796093 -0.605174 0 
vn 0.725995 -0.687699 0 
vn 0.856857 -0.515554 0 
vn 0.796093 -0.605174 0 
vn 0.907575 -0.419889 0 
vn 0.856857 -0.515554 0 
vn 0.947653 -0.319302 0 
vn 0.907575 -0.419889 0 
vn 0.976621 -0.21497 0 
vn 0.947653 -0.319302 0 
vn 0.994138 -0.108119 0 
vn 0.976621 -0.21497 0 
vn 0 0 -1 
vn -1 0 0 
vn -0.994138 0.108119 0 
vn -0.976621 0.21497 0 
vn -0.947653 0.319302 0 
vn -0.907575 0.419889 0 
vn -0.856857 0.515554 0 
vn -0.796093 0.605174 0 
vn -0.725995 0.687699 0 
vn -0.647386 0.762162 0 
vn -0.561187 0.827689 0 
vn -0.468408 0.883512 0 
vn -0.370138 0.928977 0 
vn -0.267528 0.96355 0 
vn -0.161782 0.986827 0 
vn -0.0541389 0.998533 0 
vn 0.0541389 0.998533 0 
vn 0.161782 0.986827 0 
vn 0.267528 0.96355 0 
vn 0.370138 0.928977 0 
vn 0.468408 0.883512 0 
vn 0.561187 0.827689 0 
vn 0.647386 0.762162 0 
vn 0.725995 0.687699 0 
vn 0.796093 0.605174 0 
vn 0.856857 0.515554 0 
vn 0.907575 0.419889 0 
vn 0.947653 0.319302 0 
vn 0.976621 0.21497 0 
vn 0.994138 0.108119 0 
vn 1 -3.21625e-16 0 
vn 0.994138 -0.108119 0 
vn 0.976621 -0.21497 0 
vn 0.947653 -0.319302 0 
vn 0.907575 -0.419889 0 
vn 0.856857 -0.515554 0 
vn 0.796093 -0.605174 0 
vn 0.725995 -0.687699 0 
vn 0.647386 -0.762162 0 
vn 0.561187 -0.827689 0 
vn 0.468408 -0.883512 0 
vn 0.370138 -0.928977 0 
vn 0.267528 -0.96355 0 
vn 0.161782 -0.986827 0 
vn 0.0541389 -0.998533 0 
vn -0.0541389 -0.998533 0 
vn -0.161782 -0.986827 0 
vn -0.267528 -0.96355 0 
vn -0.370138 -0.928977 0 
vn -0.468408 -0.883512 0 
vn -0.561187 -0.827689 0 
vn -0.647386 -0.762162 0 
vn -0.725995 -0.687699 0 
vn -0.796093 -0.605174 0 
vn -0.856857 -0.515554 0 
vn -0.907575 -0.419889 0 
vn -0.947653 -0.319302 0 
vn -0.976621 -0.21497 0 
vn -0.994138 -0.108119 0 
vn 0 0 -1 
vn 0.994138 0.108119 0 
vn 1 2.44929e-16 0 
vn 0.976621 0.21497 0 
vn 0.994138 0.108119 0 
vn 0.947653 0.319302 0 
vn 0.976621 0.21497 0 
vn 0.907575 0.419889 0 
vn 0.947653 0.319302 0 
vn 0.856857 0.515554 0 
vn 0.907575 0.419889 0 
vn 0.796093 0.605174 0 
vn 0.856857 0.515554 0 
vn 0.725995 0.687699 0 
vn 0.796093 0.605174 0 
vn 0.647386 0.762162 0 
vn 0.725995 0.687699 0 
vn 0.561187 0.827689 0 
vn 0.647386 0.762162 0 
vn 0.468408 0.883512 0 
vn 0.561187 0.827689 0 
vn 0.370138 0.928977 0 
vn 0.468408 0.883512 0 
vn 0.267528 0.96355 0 
vn 0.370138 0.928977 0 
vn 0.161782 0.986827 0 
vn 0.267528 0.96355 0 
vn 0.0541389 0.998533 0 
vn 0.161782 0.986827 0 
vn -0.0541389 0.998533 0 
vn 0.0541389 0.998533 0 
vn -0.161782 0.986827 0 
vn -0.0541389 0.998533 0 
vn -0.267528 0.96355 0 
vn -0.161782 0.986827 0 
vn -0.370138 0.928977 0 
vn -0.267528 0.96355 0 
vn -0.468408 0.883512 0 
vn -0.370138 0.928977 0 
vn -0.561187 0.827689 0 
vn -0.468408 0.883512 0 
vn -0.647386 0.762162 0 
vn -0.561187 0.827689 0 
vn -0.725995 0.687699 0 
vn -0.647386 0.762162 0 
vn -0.796093 0.605174 0 
vn -0.725995 0.687699 0 
vn -0.856857 0.515554 0 
vn -0.796093 0.605174 0 
vn -0.907575 0.419889 0 
vn -0.856857 0.515554 0 
vn -0.947653 0.319302 0 
vn -0.907575 0.419889 0 
vn -0.976621 0.21497 0 
vn -0.947653 0.319302 0 
vn -0.994138 0.108119 0 
vn -0.976621 0.21497 0 
vn -1 -1.22465e-16 0 
vn -0.994138 0.108119 0 
vn -0.994138 -0.108119 0 
vn -1 -1.22465e-16 0 
vn -0.976621 -0.21497 0 
vn -0.994138 -0.108119 0 
vn -0.947653 -0.319302 0 
vn -0.976621 -0.21497 0 
vn -0.907575 -0.419889 0 
vn -0.947653 -0.319302 0 
vn -0.856857 -0.515554 0 
vn -0.907575 -0.419889 0 
vn -0.796093 -0.605174 0 
vn -0.856857 -0.515554 0 
vn -0.725995 -0.687699 0 
vn -0.796093 -0.605174 0 
vn -0.647386 -0.762162 0 
vn -0.725995 -0.687699 0 
vn -0.561187 -0.827689 0 
vn -0.647386 -0.762162 0 
vn -0.468408 -0.883512 0 
vn -0.561187 -0.827689 0 
vn -0.370138 -0.928977 0 
vn -0.468408 -0.883512 0 
vn -0.267528 -0.96355 0 
vn -0.370138 -0.928977 0 
vn -0.161782 -0.986827 0 
vn -0.267528 -0.96355 0 
vn -0.0541389 -0.998533 0 
vn -0.161782 -0.986827 0 
vn 0.0541389 -0.998533 0 
vn -0.0541389 -0.998533 0 
vn 0.161782 -0.986827 0 
vn 0.0541389 -0.998533 0 
vn 0.267528 -0.96355 0 
vn 0.161782 -0.986827 0 
vn 0.370138 -0.928977 0 
vn 0.267528 -0.96355 0 
vn 0.468408 -0.883512 0 
vn 0.370138 -0.928977 0 
vn 0.561187 -0.827689 0 
vn 0.468408 -0.883512 0 
vn 0.647386 -0.762162 0 
vn 0.561187 -0.827689 0 
vn 0.725995 -0.687699 0 
vn 0.647386 -0.762162 0 
vn 0.796093 -0.605174 0 
vn 0.725995 -0.687699 0 
vn 0.856857 -0.515554 0 
vn 0.796093 -0.605174 0 
vn 0.907575 -0.419889 0 
vn 0.856857 -0.515554 0 
vn 0.947653 -0.319302 0 
vn 0.907575 -0.419889 0 
vn 0.976621 -0.21497 0 
vn 0.947653 -0.319302 0 
vn 0.994138 -0.108119 0 
vn 0.976621 -0.21497 0 
vn 0 0 -1 
vn 0.994138 0.108119 0 
vn 1 2.44929e-16 0 
vn 0.976621 0.21497 0 
vn 0.994138 0.108119 0 
vn 0.947653 0.319302 0 
vn 0.976621 0.21497 0 
vn 0.907575 0.419889 0 
vn 0.947653 0.319302 0 
vn 0.856857 0.515554 0 
vn 0.907575 0.419889 0 
vn 0.796093 0.605174 0 
vn 0.856857 0.515554 0 
vn 0.725995 0.687699 0 
vn 0.796093 0.605174 0 
vn 0.647386 0.762162 0 
vn 0.725995 0.687699 0 
vn 0.561187 0.827689 0 
vn 0.647386 0.762162 0 
vn 0.468408 0.883512 0 
vn 0.561187 0.827689 0 
vn 0.370138 0.928977 0 
vn 0.468408 0.883512 0 
vn 0.267528 0.96355 0 
vn 0.370138 0.928977 0 
vn 0.161782 0.986827 0 
vn 0.267528 0.96355 0 
vn 0.0541389 0.998533 0 
vn 0.161782 0.986827 0 
vn -0.0541389 0.998533 0 
vn 0.0541389 0.998533 0 
vn -0.161782 0.986827 0 
vn -0.0541389 0.998533 0 
vn -0.267528 0.96355 0 
vn -0.161782 0.986827 0 
vn -0.370138 0.928977 0 
vn -0.267528 0.96355 0 
vn -0.468408 0.883512 0 
vn -0.370138 0.928977 0 
vn -0.561187 0.827689 0 
vn -0.468408 0.883512 0 
vn -0.647386 0.762162 0 
vn -0.561187 0.827689 0 
vn -0.725995 0.687699 0 
vn -0.647386 0.762162 0 
vn -0.796093 0.605174 0 
vn -0.725995 0.687699 0 
vn -0.856857 0.515554 0 
vn -0.796093 0.605174 0 
vn -0.907575 0.419889 0 
vn -0.856857 0.515554 0 
vn -0.947653 0.319302 0 
vn -0.907575 0.419889 0 
vn -0.976621 0.21497 0 
vn -0.947653 0.319302 0 
vn -0.994138 0.108119 0 
vn -0.976621 0.21497 0 
vn -1 -1.22465e-16 0 
vn -0.994138 0.108119 0 
vn -0.994138 -0.108119 0 
vn -1 -1.22465e-16 0 
vn -0.976621 -0.21497 0 
vn -0.994138 -0.108119 0 
vn -0.947653 -0.319302 0 
vn -0.976621 -0.21497 0 
vn -0.907575 -0.419889 0 
vn -0.947653 -0.319302 0 
vn -0.856857 -0.515554 0 
vn -0.907575 -0.419889 0 
vn -0.796093 -0.605174 0 
vn -0.856857 -0.515554 0 
vn -0.725995 -0.687699 0 
vn -0.796093 -0.605174 0 
vn -0.647386 -0.762162 0 
vn -0.725995 -0.687699 0 
vn -0.561187 -0.827689 0 
vn -0.647386 -0.762162 0 
vn -0.468408 -0.883512 0 
vn -0.561187 -0.827689 0 
vn -0.370138 -0.928977 0 
vn -0.468408 -0.883512 0 
vn -0.267528 -0.96355 0 
vn -0.370138 -0.928977 0 
vn -0.161782 -0.986827 0 
vn -0.267528 -0.96355 0 
vn -0.0541389 -0.998533 0 
vn -0.161782 -0.986827 0 
vn 0.0541389 -0.998533 0 
vn -0.0541389 -0.998533 0 
vn 0.161782 -0.986827 0 
vn 0.0541389 -0.998533 0 
vn 0.267528 -0.96355 0 
vn 0.161782 -0.986827 0 
vn 0.370138 -0.928977 0 
vn 0.267528 -0.96355 0 
vn 0.468408 -0.883512 0 
vn 0.370138 -0.928977 0 
vn 0.561187 -0.827689 0 
vn 0.468408 -0.883512 0 
vn 0.647386 -0.762162 0 
vn 0.561187 -0.827689 0 
vn 0.725995 -0.687699 0 
vn 0.647386 -0.762162 0 
vn 0.796093 -0.605174 0 
vn 0.725995 -0.687699 0 
vn 0.856857 -0.515554 0 
vn 0.796093 -0.605174 0 
vn 0.907575 -0.419889 0 
vn 0.856857 -0.515554 0 
vn 0.947653 -0.319302 0 
vn 0.907575 -0.419889 0 
vn 0.976621 -0.21497 0 
vn 0.947653 -0.319302 0 
vn 0.994138 -0.108119 0 
vn 0.976621 -0.21497 0 
vn 0 0 -1 
vn 0.994138 0.108119 0 
vn 1 2.44929e-16 0 
vn 0.976621 0.21497 0 
vn 0.994138 0.108119 0 
vn 0.947653 0.319302 0 
vn 0.976621 0.21497 0 
vn 0.907575 0.419889 0 
vn 0.947653 0.319302 0 
vn 0.856857 0.515554 0 
vn 0.907575 0.419889 0 
vn 0.796093 0.605174 0 
vn 0.856857 0.515554 0 
vn 0.725995 0.687699 0 
vn 0.796093 0.605174 0 
vn 0.647386 0.762162 0 
vn 0.725995 0.687699 0 
vn 0.561187 0.827689 0 
vn 0.647386 0.762162 0 
vn 0.468408 0.883512 0 
vn 0.561187 0.827689 0 
vn 0.370138 0.928977 0 
vn 0.468408 0.883512 0 
vn 0.267528 0.96355 0 
vn 0.370138 0.928977 0 
vn 0.161782 0.986827 0 
vn 0.267528 0.96355 0 
vn 0.0541389 0.998533 0 
vn 0.161782 0.986827 0 
vn -0.0541389 0.998533 0 
vn 0.0541389 0.998533 0 
vn -0.161782 0.986827 0 
vn -0.0541389 0.998533 0 
vn -0.267528 0.96355 0 
vn -0.161782 0.986827 0 
vn -0.370138 0.928977 0 
vn -0.267528 0.96355 0 
vn -0.468408 0.883512 0 
vn -0.370138 0.928977 0 
vn -0.561187 0.827689 0 
vn -0.468408 0.883512 0 
vn -0.647386 0.762162 0 
vn -0.561187 0.827689 0 
vn -0.725995 0.687699 0 
vn -0.647386 0.762162 0 
vn -0.796093 0.605174 0 
vn -0.725995 0.687699 0 
vn -0.856857 0.515554 0 
vn -0.796093 0.605174 0 
vn -0.907575 0.419889 0 
vn -0.856857 0.515554 0 
vn -0.947653 0.319302 0 
vn -0.907575 0.419889 0 
vn -0.976621 0.21497 0 
vn -0.947653 0.319302 0 
vn -0.994138 0.108119 0 
vn -0.976621 0.21497 0 
vn -1 -1.22465e-16 0 
vn -0.994138 0.108119 0 
vn -0.994138 -0.108119 0 
vn -1 -1.22465e-16 0 
vn -0.976621 -0.21497 0 
vn -0.994138 -0.108119 0 
vn -0.947653 -0.319302 0 
vn -0.976621 -0.21497 0 
vn -0.907575 -0.419889 0 
vn -0.947653 -0.319302 0 
vn -0.856857 -0.515554 0 
vn -0.907575 -0.419889 0 
vn -0.796093 -0.605174 0 
vn -0.856857 -0.515554 0 
vn -0.725995 -0.687699 0 
vn -0.796093 -0.605174 0 
vn -0.647386 -0.762162 0 
vn -0.725995 -0.687699 0 
vn -0.561187 -0.827689 0 
vn -0.647386 -0.762162 0 
vn -0.468408 -0.883512 0 
vn -0.561187 -0.827689 0 
vn -0.370138 -0.928977 0 
vn -0.468408 -0.883512 0 
vn -0.267528 -0.96355 0 
vn -0.370138 -0.928977 0 
vn -0.161782 -0.986827 0 
vn -0.267528 -0.96355 0 
vn -0.0541389 -0.998533 0 
vn -0.161782 -0.986827 0 
vn 0.0541389 -0.998533 0 
vn -0.0541389 -0.998533 0 
vn 0.161782 -0.986827 0 
vn 0.0541389 -0.998533 0 
vn 0.267528 -0.96355 0 
vn 0.161782 -0.986827 0 
vn 0.370138 -0.928977 0 
vn 0.267528 -0.96355 0 
vn 0.468408 -0.883512 0 
vn 0.370138 -0.928977 0 
vn 0.561187 -0.827689 0 
vn 0.468408 -0.883512 0 
vn 0.647386 -0.762162 0 
vn 0.561187 -0.827689 0 
vn 0.725995 -0.687699 0 
vn 0.647386 -0.762162 0 
vn 0.796093 -0.605174 0 
vn 0.725995 -0.687699 0 
vn 0.856857 -0.515554 0 
vn 0.796093 -0.605174 0 
vn 0.907575 -0.419889 0 
vn 0.856857 -0.515554 0 
vn 0.947653 -0.319302 0 
vn 0.907575 -0.419889 0 
vn 0.976621 -0.21497 0 
vn 0.947653 -0.319302 0 
vn 0.994138 -0.108119 0 
vn 0.976621 -0.21497 0 
vn 0 0 -1 
vn 0.994138 0.108119 0 
vn 1 2.44929e-16 0 
vn 0.976621 0.21497 0 
vn 0.994138 0.108119 0 
vn 0.947653 0.319302 0 
vn 0.976621 0.21497 0 
vn 0.907575 0.419889 0 
vn 0.947653 0.319302 0 
vn 0.856857 0.515554 0 
vn 0.907575 0.419889 0 
vn 0.796093 0.605174 0 
vn 0.856857 0.515554 0 
vn 0.725995 0.687699 0 
vn 0.796093 0.605174 0 
vn 0.647386 0.762162 0 
vn 0.725995 0.687699 0 
vn 0.561187 0.827689 0 
vn 0.647386 0.762162 0 
vn 0.468408 0.883512 0 
vn 0.561187 0.827689 0 
vn 0.370138 0.928977 0 
vn 0.468408 0.883512 0 
vn 0.267528 0.96355 0 
vn 0.370138 0.928977 0 
vn 0.161782 0.986827 0 
vn 0.267528 0.96355 0 
vn 0.0541389 0.998533 0 
vn 0.161782 0.986827 0 
vn -0.0541389 0.998533 0 
vn 0.0541389 0.998533 0 
vn -0.161782 0.986827 0 
vn -0.0541389 0.998533 0 
vn -0.267528 0.96355 0 
vn -0.161782 0.986827 0 
vn -0.370138 0.928977 0 
vn -0.267528 0.96355 0 
vn -0.468408 0.883512 0 
vn -0.370138 0.928977 0 
vn -0.561187 0.827689 0 
vn -0.468408 0.883512 0 
vn -0.647386 0.762162 0 
vn -0.561187 0.827689 0 
vn -0.725995 0.687699 0 
vn -0.647386 0.762162 0 
vn -0.796093 0.605174 0 
vn -0.725995 0.687699 0 
vn -0.856857 0.515554 0 
vn -0.796093 0.605174 0 
vn -0.907575 0.419889 0 
vn -0.856857 0.515554 0 
vn -0.947653 0.319302 0 
vn -0.907575 0.419889 0 
vn -0.976621 0.21497 0 
vn -0.947653 0.319302 0 
vn -0.994138 0.108119 0 
vn -0.976621 0.21497 0 
vn -1 -1.22465e-16 0 
vn -0.994138 0.108119 0 
vn -0.994138 -0.108119 0 
vn -1 -1.22465e-16 0 
vn -0.976621 -0.21497 0 
vn -0.994138 -0.108119 0 
vn -0.947653 -0.319302 0 
vn -0.976621 -0.21497 0 
vn -0.907575 -0.419889 0 
vn -0.947653 -0.319302 0 
vn -0.856857 -0.515554 0 
vn -0.907575 -0.419889 0 
vn -0.796093 -0.605174 0 
vn -0.856857 -0.515554 0 
vn -0.725995 -0.687699 0 
vn -0.796093 -0.605174 0 
vn -0.647386 -0.762162 0 
vn -0.725995 -0.687699 0 
vn -0.561187 -0.827689 0 
vn -0.647386 -0.762162 0 
vn -0.468408 -0.883512 0 
vn -0.561187 -0.827689 0 
vn -0.370138 -0.928977 0 
vn -0.468408 -0.883512 0 
vn -0.267528 -0.96355 0 
vn -0.370138 -0.928977 0 
vn -0.161782 -0.986827 0 
vn -0.267528 -0.96355 0 
vn -0.0541389 -0.998533 0 
vn -0.161782 -0.986827 0 
vn 0.0541389 -0.998533 0 
vn -0.0541389 -0.998533 0 
vn 0.161782 -0.986827 0 
vn 0.0541389 -0.998533 0 
vn 0.267528 -0.96355 0 
vn 0.161782 -0.986827 0 
vn 0.370138 -0.928977 0 
vn 0.267528 -0.96355 0 
vn 0.468408 -0.883512 0 
vn 0.370138 -0.928977 0 
vn 0.561187 -0.827689 0 
vn 0.468408 -0.883512 0 
vn 0.647386 -0.762162 0 
vn 0.561187 -0.827689 0 
vn 0.725995 -0.687699 0 
vn 0.647386 -0.762162 0 
vn 0.796093 -0.605174 0 
vn 0.725995 -0.687699 0 
vn 0.856857 -0.515554 0 
vn 0.796093 -0.605174 0 
vn 0.907575 -0.419889 0 
vn 0.856857 -0.515554 0 
vn 0.947653 -0.319302 0 
vn 0.907575 -0.419889 0 
vn 0.976621 -0.21497 0 
vn 0.947653 -0.319302 0 
vn 0.994138 -0.108119 0 
vn 0.976621 -0.21497 0 
vn 0 0 -1 
vn 0 -0.928977 -0.370138 
vn 0 -0.96355 -0.267528 
vn 0 -0.986827 -0.161782 
vn 0 -0.998533 -0.0541389 
vn 0 -0.998533 0.0541389 
vn 0 -0.986827 0.161782 
vn 0 -0.96355 0.267528 
vn 0 -0.928977 0.370138 
vn 0 -0.108119 0.994138 
vn 0 0 1 
vn 0 -0.21497 0.976621 
vn 0 -0.108119 0.994138 
vn 0 -0.186042 0.982542 
vn 0 -0.319302 0.947653 
vn 0 -0.21497 0.976621 
vn 0 -0.419889 0.907575 
vn 0 -0.319302 0.947653 
vn 0 -0.38258 0.923922 
vn 0 -0.515554 0.856857 
vn 0 -0.419889 0.907575 
vn 0 -0.605174 0.796093 
vn 0 -0.515603 0.856827 
vn 0 -0.550536 0.834811 
vn 0 -0.687699 0.725995 
vn 0 -0.605174 0.796093 
vn 0 -0.686906 0.726747 
vn 0 -0.762162 0.647386 
vn 0 -0.687699 0.725995 
vn 0 -0.827689 0.561187 
vn 0 -0.762199 0.647343 
vn 0 -0.79065 0.612268 
vn 0 -0.883512 0.468408 
vn 0 -0.827689 0.561187 
vn 0 -0.86048 0.509485 
vn 0 -0.928977 0.370138 
vn 0 -0.8956 0.44486 
vn 0 -0.883512 0.468408 
vn 0 -0.9 0.43589 
vn 0 -0.89889 0.438175 
vn 0 -0.898912 0.43813 
vn 0 -0.8956 0.44486 
vn 0 -0.883512 0.468408 
vn 0 -0.86048 0.509485 
vn 0 -0.827689 0.561187 
vn 0 -0.789294 0.614016 
vn 0 -0.762162 0.647386 
vn 0 -0.687698 0.725997 
vn 0 -0.687699 0.725995 
vn 0 -0.68693 0.726723 
vn 0 -0.605174 0.796093 
vn 0 -0.549983 0.835176 
vn 0 -0.515554 0.856857 
vn 0 -0.605174 0.796093 
vn 0 -0.419837 0.9076 
vn 0 -0.419889 0.907575 
vn 0 -0.383067 0.923721 
vn 0 -0.319302 0.947653 
vn 0 -0.214922 0.976631 
vn 0 -0.21497 0.976621 
vn 0 -0.186486 0.982458 
vn 0 -0.108119 0.994138 
vn 0 2.77022e-15 1 
vn 0 0.0375145 0.999296 
vn 0 0.108119 0.994138 
vn 0 0.21497 0.976621 
vn 0 0.285239 0.958457 
vn 0 0.319302 0.947653 
vn 0 0.419889 0.907575 
vn 0 0.468141 0.883654 
vn 0 0.515559 0.856854 
vn 0 0.515554 0.856857 
vn 0 0.553338 0.832957 
vn 0 0.605174 0.796093 
vn 0 0.646999 0.762491 
vn 0 0.687699 0.725995 
vn 0 0.725946 0.687752 
vn 0 0.762162 0.647386 
vn 0 0.795973 0.605332 
vn 0 0.827694 0.561179 
vn 0 0.827689 0.561187 
vn 0 0.840333 0.542071 
vn 0 0.883512 0.468408 
vn 0 0.9076 0.419836 
vn 0 0.928977 0.370138 
vn 0 0.947636 0.319352 
vn 0 0.96355 0.267528 
vn 0 0.976576 0.215173 
vn 0 0.986827 0.161782 
vn 0 0.994155 0.107966 
vn 0 0.998533 0.0541389 
vn 0 1 -1.99989e-05 
vn 0 0.998533 -0.0541389 
vn 0 0.986827 -0.161782 
vn 0 0.994153 -0.107981 
vn 0 0.96355 -0.267528 
vn 0 0.986827 -0.161782 
vn 0 0.97657 -0.215199 
vn 0 0.928977 -0.370138 
vn 0 0.96355 -0.267528 
vn 0 0.947626 -0.319381 
vn 0 0.883512 -0.468408 
vn 0 0.928977 -0.370138 
vn 0 0.907601 -0.419834 
vn 0 0.827689 -0.561187 
vn 0 0.883512 -0.468408 
vn 0 0.840333 -0.542071 
vn 0 0.762162 -0.647386 
vn 0 0.827689 -0.561187 
vn 0 0.795979 -0.605324 
vn 0 0.687699 -0.725995 
vn 0 0.762162 -0.647386 
vn 0 0.725902 -0.687798 
vn 0 0.605174 -0.796093 
vn 0 0.687699 -0.725995 
vn 0 0.647045 -0.762452 
vn 0 0.515554 -0.856857 
vn 0 0.605174 -0.796093 
vn 0 0.553338 -0.832957 
vn 0 0.419889 -0.907575 
vn 0 0.515554 -0.856857 
vn 0 0.467951 -0.883754 
vn 0 0.319302 -0.947653 
vn 0 0.419889 -0.907575 
vn 0 0.21497 -0.976621 
vn 0 0.319302 -0.947653 
vn 0 0.285239 -0.958457 
vn 0 0.108119 -0.994138 
vn 0 0.21497 -0.976621 
vn 0 1.22465e-16 -1 
vn 0 0.108119 -0.994138 
vn 0 0.0375145 -0.999296 
vn 0 -0.108119 -0.994138 
vn 0 -1.65389e-15 -1 
vn 0 -0.21497 -0.976621 
vn 0 -0.108119 -0.994138 
vn 0 -0.186042 -0.982542 
vn 0 -0.319302 -0.947653 
vn 0 -0.21497 -0.976621 
vn 0 -0.419889 -0.907575 
vn 0 -0.319302 -0.947653 
vn 0 -0.38258 -0.923922 
vn 0 -0.515554 -0.856857 
vn 0 -0.419889 -0.907575 
vn 0 -0.605174 -0.796093 
vn 0 -0.515603 -0.856827 
vn 0 -0.550536 -0.834811 
vn 0 -0.687699 -0.725995 
vn 0 -0.605174 -0.796093 
vn 0 -0.686906 -0.726747 
vn 0 -0.762162 -0.647386 
vn 0 -0.687699 -0.725995 
vn 0 -0.827689 -0.561187 
vn 0 -0.762199 -0.647343 
vn 0 -0.79065 -0.612268 
vn 0 -0.883512 -0.468408 
vn 0 -0.827689 -0.561187 
vn 0 -0.86048 -0.509485 
vn 0 -0.883512 -0.468408 
vn 0 -0.9 -0.43589 
vn 0 -0.898914 -0.438126 
vn 0 -0.898887 -0.438181 
vn 0 -0.8956 -0.44486 
vn 0 -0.883512 -0.468408 
vn 0 -0.86048 -0.509485 
vn 0 -0.827689 -0.561187 
vn 0 -0.789294 -0.614016 
vn 0 -0.762162 -0.647386 
vn 0 -0.687698 -0.725997 
vn 0 -0.687699 -0.725995 
vn 0 -0.68693 -0.726723 
vn 0 -0.605174 -0.796093 
vn 0 -0.549983 -0.835176 
vn 0 -0.515554 -0.856857 
vn 0 -0.419837 -0.9076 
vn 0 -0.419889 -0.907575 
vn 0 -0.383067 -0.923721 
vn 0 -0.319302 -0.947653 
vn 0 -0.214922 -0.976631 
vn 0 -0.21497 -0.976621 
vn 0 -0.186486 -0.982458 
vn 0 -0.108119 -0.994138 
vn 0 3.67518e-15 -1 
vn 0 0.0375145 -0.999296 
vn 0 0.108119 -0.994138 
vn 0 0.21497 -0.976621 
vn 0 0.285239 -0.958457 
vn 0 0.319302 -0.947653 
vn 0 0.419889 -0.907575 
vn 0 0.46801 -0.883723 
vn 0 0.515554 -0.856857 
vn 0 0.515559 -0.856854 
vn 0 0.553338 -0.832957 
vn 0 0.605174 -0.796093 
vn 0 0.647287 -0.762247 
vn 0 0.687699 -0.725995 
vn 0 0.725832 -0.687872 
vn 0 0.762162 -0.647386 
vn 0 0.795872 -0.605465 
vn 0 0.827689 -0.561187 
vn 0 0.827694 -0.561179 
vn 0 0.840333 -0.542071 
vn 0 0.883512 -0.468408 
vn 0 0.907551 -0.419942 
vn 0 0.928977 -0.370138 
vn 0 0.947587 -0.319497 
vn 0 0.96355 -0.267528 
vn 0 0.976632 -0.214919 
vn 0 0.986827 -0.161782 
vn 0 0.994141 -0.108087 
vn 0 0.998533 -0.0541389 
vn 0 1 -0.000126788 
vn 0 0.998533 0.0541389 
vn 0 0.986827 0.161782 
vn 0 0.994119 0.108289 
vn 0 0.96355 0.267528 
vn 0 0.986827 0.161782 
vn 0 0.976601 0.215061 
vn 0 0.928977 0.370138 
vn 0 0.96355 0.267528 
vn 0 0.947673 0.319243 
vn 0 0.883512 0.468408 
vn 0 0.928977 0.370138 
vn 0 0.907451 0.420159 
vn 0 0.827689 0.561187 
vn 0 0.883512 0.468408 
vn 0 0.840333 0.542071 
vn 0 0.762162 0.647386 
vn 0 0.827689 0.561187 
vn 0 0.796066 0.605209 
vn 0 0.687699 0.725995 
vn 0 0.762162 0.647386 
vn 0 0.725697 0.688014 
vn 0 0.605174 0.796093 
vn 0 0.687699 0.725995 
vn 0 0.647148 0.762364 
vn 0 0.515554 0.856857 
vn 0 0.605174 0.796093 
vn 0 0.553338 0.832957 
vn 0 0.419889 0.907575 
vn 0 0.515554 0.856857 
vn 0 0.467912 0.883775 
vn 0 0.319302 0.947653 
vn 0 0.419889 0.907575 
vn 0 0.21497 0.976621 
vn 0 0.319302 0.947653 
vn 0 0.285239 0.958457 
vn 0 0.108119 0.994138 
vn 0 0.21497 0.976621 
vn 0 0.0375145 0.999296 
vn 1 0 0 
vn 0.994138 0.108119 0 
vn 0.976621 0.21497 0 
vn 0.947653 0.319302 0 
vn 0.907575 0.419889 0 
vn 0.856857 0.515554 0 
vn 0.796093 0.605174 0 
vn 0.725995 0.687699 0 
vn 0.647386 0.762162 0 
vn 0.561187 0.827689 0 
vn 0.468408 0.883512 0 
vn 0.370138 0.928977 0 
vn 0.267528 0.96355 0 
vn 0.161782 0.986827 0 
vn 0.0541389 0.998533 0 
vn -0.0541389 0.998533 0 
vn -0.161782 0.986827 0 
vn -0.267528 0.96355 0 
vn -0.370138 0.928977 0 
vn -0.468408 0.883512 0 
vn -0.561187 0.827689 0 
vn -0.647386 0.762162 0 
vn -0.725995 0.687699 0 
vn -0.796093 0.605174 0 
vn -0.856857 0.515554 0 
vn -0.907575 0.419889 0 
vn -0.947653 0.319302 0 
vn -0.976621 0.21497 0 
vn -0.994138 0.108119 0 
vn -1 1.22465e-16 0 
vn -0.994138 -0.108119 0 
vn -0.976621 -0.21497 0 
vn -0.947653 -0.319302 0 
vn 0.947653 -0.319302 0 
vn 0.976621 -0.21497 0 
vn 0.994138 -0.108119 0 
vn 0.725995 -0.687699 0 
vn 0.725994 -0.687701 0 
vn 0.747768 -0.66396 0 
vn 0.796093 -0.605174 0 
vn 0.777936 -0.628343 0 
vn 0.856857 -0.515554 0 
vn 0.839066 -0.544029 0 
vn 0.849152 -0.528149 0 
vn 0.828468 -0.560037 0 
vn 0.804785 -0.593566 0 
vn 0.796094 -0.605173 0 
vn 0.907575 -0.419889 0 
vn 0.900602 -0.434645 0 
vn 0.905614 -0.424104 0 
vn 0.867019 -0.498275 0 
vn 0.874911 -0.484284 0 
vn 0.882258 -0.470767 0 
vn 0.8889 -0.458101 0 
vn 0.89506 -0.445946 0 
vn 0.856857 -0.515554 0 
vn 0.914097 -0.405496 0 
vn 0.907575 -0.419889 0 
vn 0.923276 -0.384138 0 
vn 0.92067 -0.390341 0 
vn 0.925472 -0.378817 0 
vn 0.91761 -0.397483 0 
vn 0.930352 -0.366667 0 
vn 0.93016 -0.367156 0 
vn 0.92958 -0.36862 0 
vn 0.92861 -0.371058 0 
vn 0.927245 -0.374456 0 
vn 0.92724 -0.374466 0 
vn 0.92861 -0.371058 0 
vn 0.929577 -0.368627 0 
vn 0.923288 -0.384109 0 
vn 0.925472 -0.378817 0 
vn 0.92067 -0.390341 0 
vn 0.914097 -0.405496 0 
vn 0.917595 -0.397516 0 
vn 0.907575 -0.419889 0 
vn 0.856857 -0.515554 0 
vn 0.888923 -0.458056 0 
vn 0.882258 -0.470767 0 
vn 0.874936 -0.484238 0 
vn 0.900571 -0.434709 0 
vn 0.89506 -0.445946 0 
vn 0.867019 -0.498275 0 
vn 0.907575 -0.419889 0 
vn 0.905528 -0.424286 0 
vn 0.804785 -0.593566 0 
vn 0.796094 -0.605173 0 
vn 0.856857 -0.515554 0 
vn 0.848977 -0.52843 0 
vn 0.839087 -0.543997 0 
vn 0.828468 -0.560037 0 
vn 0.796093 -0.605174 0 
vn 0.747768 -0.66396 0 
vn 0.725994 -0.687701 0 
vn 0.777936 -0.628343 0 
vn 0.647386 -0.762162 0 
vn 0.725995 -0.687699 0 
vn 0.714143 -0.7 0 
vn 0.676938 -0.73604 0 
vn 0.561187 -0.827689 0 
vn 0.647386 -0.762162 0 
vn 0.635797 -0.771856 0 
vn 0.591324 -0.806434 0 
vn 0.468408 -0.883512 0 
vn 0.561187 -0.827689 0 
vn 0.542236 -0.840226 0 
vn 0.489771 -0.871851 0 
vn 0.370138 -0.928977 0 
vn 0.468412 -0.88351 0 
vn 0.432311 -0.901725 0 
vn 0.267528 -0.96355 0 
vn 0.369466 -0.929244 0 
vn 0.299635 -0.954054 0 
vn 0.370138 -0.928977 0 
vn 0.161782 -0.986827 0 
vn 0.267535 -0.963548 0 
vn 0.218235 -0.975896 0 
vn 0.0541389 -0.998533 0 
vn 0.161782 -0.986827 0 
vn 0.104698 -0.994504 0 
vn -0.0272387 -0.999629 0 
vn -0.0541389 -0.998533 0 
vn 0.0269078 -0.999638 0 
vn -0.000224155 -1 0 
vn 0.0541389 -0.998533 0 
vn -0.0541389 -0.998533 0 
vn -0.104698 -0.994504 0 
vn -0.161782 -0.986827 0 
vn -0.218235 -0.975896 0 
vn -0.267528 -0.96355 0 
vn -0.369494 -0.929233 0 
vn -0.370137 -0.928977 0 
vn -0.297913 -0.954593 0 
vn -0.370138 -0.928977 0 
vn -0.432311 -0.901725 0 
vn -0.468408 -0.883512 0 
vn -0.542644 -0.839963 0 
vn -0.561185 -0.827691 0 
vn -0.489276 -0.872129 0 
vn -0.561187 -0.827689 0 
vn -0.636039 -0.771657 0 
vn -0.647384 -0.762164 0 
vn -0.591324 -0.806434 0 
vn -0.647386 -0.762162 0 
vn -0.676938 -0.73604 0 
vn -0.714143 -0.7 0 
vn -0.725995 -0.687699 0 
vn -0.796093 -0.605174 0 
vn -0.725994 -0.687701 0 
vn -0.747768 -0.66396 0 
vn -0.777936 -0.628343 0 
vn -0.856857 -0.515554 0 
vn -0.839075 -0.544016 0 
vn -0.849152 -0.528149 0 
vn -0.828468 -0.560037 0 
vn -0.804785 -0.593566 0 
vn -0.796094 -0.605173 0 
vn -0.907575 -0.419889 0 
vn -0.900588 -0.434674 0 
vn -0.905614 -0.424104 0 
vn -0.867019 -0.498275 0 
vn -0.874892 -0.484318 0 
vn -0.882258 -0.470767 0 
vn -0.888935 -0.458033 0 
vn -0.89506 -0.445946 0 
vn -0.856857 -0.515554 0 
vn -0.947653 -0.319302 0 
vn -0.914097 -0.405496 0 
vn -0.907575 -0.419889 0 
vn -0.923283 -0.384121 0 
vn -0.92067 -0.390341 0 
vn -0.92861 -0.371058 0 
vn -0.927237 -0.374475 0 
vn -0.925472 -0.378817 0 
vn -0.917617 -0.397467 0 
vn -0.930352 -0.366667 0 
vn -0.93016 -0.367156 0 
vn -0.929582 -0.368616 0 
vn -0.92861 -0.371058 0 
vn -0.929582 -0.368615 0 
vn -0.923281 -0.384125 0 
vn -0.925472 -0.378817 0 
vn -0.92067 -0.390341 0 
vn -0.927236 -0.374477 0 
vn -0.914097 -0.405496 0 
vn -0.917617 -0.397466 0 
vn -0.907575 -0.419889 0 
vn -0.867019 -0.498275 0 
vn -0.856857 -0.515554 0 
vn -0.882258 -0.470767 0 
vn -0.874883 -0.484334 0 
vn -0.888943 -0.458018 0 
vn -0.89506 -0.445946 0 
vn -0.900587 -0.434676 0 
vn -0.905528 -0.424286 0 
vn -0.856857 -0.515554 0 
vn -0.804785 -0.593566 0 
vn -0.796094 -0.605173 0 
vn -0.848977 -0.52843 0 
vn -0.839116 -0.543953 0 
vn -0.828468 -0.560037 0 
vn -0.725995 -0.687699 0 
vn -0.796093 -0.605174 0 
vn -0.747768 -0.66396 0 
vn -0.777936 -0.628343 0 
vn -0.647386 -0.762162 0 
vn -0.714143 -0.7 0 
vn -0.676938 -0.73604 0 
vn -0.725994 -0.687701 0 
vn -0.561187 -0.827689 0 
vn -0.647386 -0.762162 0 
vn -0.635797 -0.771856 0 
vn -0.591324 -0.806434 0 
vn -0.468408 -0.883512 0 
vn -0.561187 -0.827689 0 
vn -0.542236 -0.840226 0 
vn -0.489771 -0.871851 0 
vn -0.370138 -0.928977 0 
vn -0.468412 -0.88351 0 
vn -0.432311 -0.901725 0 
vn -0.267528 -0.96355 0 
vn -0.369466 -0.929244 0 
vn -0.299635 -0.954054 0 
vn -0.370138 -0.928977 0 
vn -0.161782 -0.986827 0 
vn -0.267535 -0.963548 0 
vn -0.218235 -0.975896 0 
vn -0.0541389 -0.998533 0 
vn -0.161782 -0.986827 0 
vn -0.104698 -0.994504 0 
vn 0.0541389 -0.998533 0 
vn -0.0272038 -0.99963 0 
vn -0.000180146 -1 0 
vn 0.0269342 -0.999637 0 
vn -0.0541389 -0.998533 0 
vn 0.104698 -0.994504 0 
vn 0.161782 -0.986827 0 
vn 0.0541389 -0.998533 0 
vn 0.218235 -0.975896 0 
vn 0.267528 -0.96355 0 
vn 0.369494 -0.929233 0 
vn 0.370137 -0.928977 0 
vn 0.297913 -0.954593 0 
vn 0.370138 -0.928977 0 
vn 0.432311 -0.901725 0 
vn 0.468408 -0.883512 0 
vn 0.542644 -0.839963 0 
vn 0.561185 -0.827691 0 
vn 0.489276 -0.872129 0 
vn 0.561187 -0.827689 0 
vn 0.636039 -0.771657 0 
vn 0.647384 -0.762164 0 
vn 0.591324 -0.806434 0 
vn 0.647386 -0.762162 0 
vn 0.676938 -0.73604 0 
vn 0.714143 -0.7 0 
vn 0 0 -1 
vn 0 0 1 
vn 0 1 0 
vn -1 9.25186e-17 0 
vn 0 -1 0 
vn 1 -9.25186e-17 0 
vn 0 0 -1 
vn -1 0 0 
vn 0 -1 0 
vn 0 0 1 
vn 0 1 0 
vn 0 0 -1 
vn 1 0 0 
vn 0 0 1 
vn 0 1 0 
vn 0 0 -1 
vn 1 0 0 
vn 0 -1 0 
vn -1 0 0 
vn 0 0 1 
vn 0 -1 0 
vn -1 0 0 
vn 1 0 0 
vn -0.994138 0.108119 0 
vn -0.976621 0.21497 0 
vn -0.947653 0.319302 0 
vn -0.907575 0.419889 0 
vn -0.856857 0.515554 0 
vn -0.796093 0.605174 0 
vn -0.725995 0.687699 0 
vn -0.647386 0.762162 0 
vn -0.561187 0.827689 0 
vn -0.468408 0.883512 0 
vn -0.370138 0.928977 0 
vn -0.267528 0.96355 0 
vn -0.161782 0.986827 0 
vn -0.0541389 0.998533 0 
vn 0.0541389 0.998533 0 
vn 0.161782 0.986827 0 
vn 0.267528 0.96355 0 
vn 0.370138 0.928977 0 
vn 0.468408 0.883512 0 
vn 0.561187 0.827689 0 
vn 0.647386 0.762162 0 
vn 0.725995 0.687699 0 
vn 0.796093 0.605174 0 
vn 0.856857 0.515554 0 
vn 0.907575 0.419889 0 
vn 0.947653 0.319302 0 
vn 0.976621 0.21497 0 
vn 0.994138 0.108119 0 
vn 1 1.22465e-16 0 
vn 0 0 1 
vn -1 0 0 
vn -0.994138 0.108119 0 
vn -0.976621 0.21497 0 
vn -0.947653 0.319302 0 
vn -0.907575 0.419889 0 
vn -0.856857 0.515554 0 
vn -0.796093 0.605174 0 
vn -0.725995 0.687699 0 
vn -0.647386 0.762162 0 
vn -0.561187 0.827689 0 
vn -0.468408 0.883512 0 
vn -0.370138 0.928977 0 
vn -0.267528 0.96355 0 
vn -0.161782 0.986827 0 
vn -0.0541389 0.998533 0 
vn 0.0541389 0.998533 0 
vn 0.161782 0.986827 0 
vn 0.267528 0.96355 0 
vn 0.370138 0.928977 0 
vn 0.468408 0.883512 0 
vn 0.561187 0.827689 0 
vn 0.647386 0.762162 0 
vn 0.725995 0.687699 0 
vn 0.796093 0.605174 0 
vn 0.856857 0.515554 0 
vn 0.907575 0.419889 0 
vn 0.947653 0.319302 0 
vn 0.976621 0.21497 0 
vn 0.994138 0.108119 0 
vn 1 -3.21625e-16 0 
vn 0.994138 -0.108119 0 
vn 0.976621 -0.21497 0 
vn 0.947653 -0.319302 0 
vn 0.907575 -0.419889 0 
vn 0.856857 -0.515554 0 
vn 0.796093 -0.605174 0 
vn 0.725995 -0.687699 0 
vn 0.647386 -0.762162 0 
vn 0.561187 -0.827689 0 
vn 0.468408 -0.883512 0 
vn 0.370138 -0.928977 0 
vn 0.267528 -0.96355 0 
vn 0.161782 -0.986827 0 
vn 0.0541389 -0.998533 0 
vn -0.0541389 -0.998533 0 
vn -0.161782 -0.986827 0 
vn -0.267528 -0.96355 0 
vn -0.370138 -0.928977 0 
vn -0.468408 -0.883512 0 
vn -0.561187 -0.827689 0 
vn -0.647386 -0.762162 0 
vn -0.725995 -0.687699 0 
vn -0.796093 -0.605174 0 
vn -0.856857 -0.515554 0 
vn -0.907575 -0.419889 0 
vn -0.947653 -0.319302 0 
vn -0.976621 -0.21497 0 
vn -0.994138 -0.108119 0 
vn 0 0 -1 
vn 0.994138 0.108119 0 
vn 1 2.44929e-16 0 
vn 0.976621 0.21497 0 
vn 0.994138 0.108119 0 
vn 0.947653 0.319302 0 
vn 0.976621 0.21497 0 
vn 0.907575 0.419889 0 
vn 0.947653 0.319302 0 
vn 0.856857 0.515554 0 
vn 0.907575 0.419889 0 
vn 0.796093 0.605174 0 
vn 0.856857 0.515554 0 
vn 0.725995 0.687699 0 
vn 0.796093 0.605174 0 
vn 0.647386 0.762162 0 
vn 0.725995 0.687699 0 
vn 0.561187 0.827689 0 
vn 0.647386 0.762162 0 
vn 0.468408 0.883512 0 
vn 0.561187 0.827689 0 
vn 0.370138 0.928977 0 
vn 0.468408 0.883512 0 
vn 0.267528 0.96355 0 
vn 0.370138 0.928977 0 
vn 0.161782 0.986827 0 
vn 0.267528 0.96355 0 
vn 0.0541389 0.998533 0 
vn 0.161782 0.986827 0 
vn -0.0541389 0.998533 0 
vn 0.0541389 0.998533 0 
vn -0.161782 0.986827 0 
vn -0.0541389 0.998533 0 
vn -0.267528 0.96355 0 
vn -0.161782 0.986827 0 
vn -0.370138 0.928977 0 
vn -0.267528 0.96355 0 
vn -0.468408 0.883512 0 
vn -0.370138 0.928977 0 
vn -0.561187 0.827689 0 
vn -0.468408 0.883512 0 
vn -0.647386 0.762162 0 
vn -0.561187 0.827689 0 
vn -0.725995 0.687699 0 
vn -0.647386 0.762162 0 
vn -0.796093 0.605174 0 
vn -0.725995 0.687699 0 
vn -0.856857 0.515554 0 
vn -0.796093 0.605174 0 
vn -0.907575 0.419889 0 
vn -0.856857 0.515554 0 
vn -0.947653 0.319302 0 
vn -0.907575 0.419889 0 
vn -0.976621 0.21497 0 
vn -0.947653 0.319302 0 
vn -0.994138 0.108119 0 
vn -0.976621 0.21497 0 
vn -1 -1.22465e-16 0 
vn -0.994138 0.108119 0 
vn -0.994138 -0.108119 0 
vn -1 -1.22465e-16 0 
vn -0.976621 -0.21497 0 
vn -0.994138 -0.108119 0 
vn -0.947653 -0.319302 0 
vn -0.976621 -0.21497 0 
vn -0.907575 -0.419889 0 
vn -0.947653 -0.319302 0 
vn -0.856857 -0.515554 0 
vn -0.907575 -0.419889 0 
vn -0.796093 -0.605174 0 
vn -0.856857 -0.515554 0 
vn -0.725995 -0.687699 0 
vn -0.796093 -0.605174 0 
vn -0.647386 -0.762162 0 
vn -0.725995 -0.687699 0 
vn -0.561187 -0.827689 0 
vn -0.647386 -0.762162 0 
vn -0.468408 -0.883512 0 
vn -0.561187 -0.827689 0 
vn -0.370138 -0.928977 0 
vn -0.468408 -0.883512 0 
vn -0.267528 -0.96355 0 
vn -0.370138 -0.928977 0 
vn -0.161782 -0.986827 0 
vn -0.267528 -0.96355 0 
vn -0.0541389 -0.998533 0 
vn -0.161782 -0.986827 0 
vn 0.0541389 -0.998533 0 
vn -0.0541389 -0.998533 0 
vn 0.161782 -0.986827 0 
vn 0.0541389 -0.998533 0 
vn 0.267528 -0.96355 0 
vn 0.161782 -0.986827 0 
vn 0.370138 -0.928977 0 
vn 0.267528 -0.96355 0 
vn 0.468408 -0.883512 0 
vn 0.370138 -0.928977 0 
vn 0.561187 -0.827689 0 
vn 0.468408 -0.883512 0 
vn 0.647386 -0.762162 0 
vn 0.561187 -0.827689 0 
vn 0.725995 -0.687699 0 
vn 0.647386 -0.762162 0 
vn 0.796093 -0.605174 0 
vn 0.725995 -0.687699 0 
vn 0.856857 -0.515554 0 
vn 0.796093 -0.605174 0 
vn 0.907575 -0.419889 0 
vn 0.856857 -0.515554 0 
vn 0.947653 -0.319302 0 
vn 0.907575 -0.419889 0 
vn 0.976621 -0.21497 0 
vn 0.947653 -0.319302 0 
vn 0.994138 -0.108119 0 
vn 0.976621 -0.21497 0 
vn 0 0 -1 
vn 1 0 0 
vn 0 -0.168004 -0.985786 
vn 0 -1 0 
vn 0 1 0 
vn 0 0 -1 
vn 1 -2.31296e-16 0 
vn 0 1 7.40149e-15 
vn 0 0.168004 -0.985786 
vn -1 0 0 
vn 0 0 1 
vn 0 -0.108119 0.994138 
vn 0 -0.21497 0.976621 
vn 0 -0.319302 0.947653 
vn 0 -0.419889 0.907575 
vn 0 -0.515554 0.856857 
vn 0 -0.605174 0.796093 
vn 0 -0.687699 0.725995 
vn 0 -0.762162 0.647386 
vn 0 -0.827689 0.561187 
vn 0 -0.883512 0.468408 
vn 0 -0.928977 0.370138 
vn 0 -0.96355 0.267528 
vn 0 -0.986827 0.161782 
vn 0 -0.998533 0.0541389 
vn 0 -0.998533 -0.0541389 
vn 0 -0.986827 -0.161782 
vn 0 -0.96355 -0.267528 
vn 0 -0.928977 -0.370138 
vn 0 -0.883512 -0.468408 
vn 0 -0.827689 -0.561187 
vn 0 -0.762162 -0.647386 
vn 0 -0.687699 -0.725995 
vn 0 -0.605174 -0.796093 
vn 0 -0.515554 -0.856857 
vn 0 -0.419889 -0.907575 
vn 0 -0.319302 -0.947653 
vn 0 -0.21497 -0.976621 
vn 0 -0.108119 -0.994138 
vn 0 -1.22465e-16 -1 
vn 0 0.108119 -0.994138 
vn 0 0.21497 -0.976621 
vn 0 0.319302 -0.947653 
vn 0 0.419889 -0.907575 
vn 0 0.515554 -0.856857 
vn 0 0.605174 -0.796093 
vn 0 0.687699 -0.725995 
vn 0 0.762162 -0.647386 
vn 0 0.827689 -0.561187 
vn 0 0.883512 -0.468408 
vn 0 0.928977 -0.370138 
vn 0 0.96355 -0.267528 
vn 0 0.986827 -0.161782 
vn 0 0.998533 -0.0541389 
vn 0 0.998533 0.0541389 
vn 0 0.986827 0.161782 
vn 0 0.96355 0.267528 
vn 0 0.928977 0.370138 
vn 0 0.883512 0.468408 
vn 0 0.827689 0.561187 
vn 0 0.762162 0.647386 
vn 0 0.687699 0.725995 
vn 0 0.605174 0.796093 
vn 0 0.515554 0.856857 
vn 0 0.419889 0.907575 
vn 0 0.319302 0.947653 
vn 0 0.21497 0.976621 
vn 0 0.108119 0.994138 
vn -1 0 0 
vn 0 0 1 
vn 0 -0.108119 0.994138 
vn 0 -0.21497 0.976621 
vn 0 -0.319302 0.947653 
vn 0 -0.419889 0.907575 
vn 0 -0.515554 0.856857 
vn 0 -0.605174 0.796093 
vn 0 -0.687699 0.725995 
vn 0 -0.762162 0.647386 
vn 0 -0.827689 0.561187 
vn 0 -0.883512 0.468408 
vn 0 -0.928977 0.370138 
vn 0 -0.96355 0.267528 
vn 0 -0.986827 0.161782 
vn 0 -0.998533 0.0541389 
vn 0 -0.998533 -0.0541389 
vn 0 -0.986827 -0.161782 
vn 0 -0.96355 -0.267528 
vn 0 -0.928977 -0.370138 
vn 0 -0.883512 -0.468408 
vn 0 -0.827689 -0.561187 
vn 0 -0.762162 -0.647386 
vn 0 -0.687699 -0.725995 
vn 0 -0.605174 -0.796093 
vn 0 -0.515554 -0.856857 
vn 0 -0.419889 -0.907575 
vn 0 -0.319302 -0.947653 
vn 0 -0.21497 -0.976621 
vn 0 -0.108119 -0.994138 
vn 0 -1.22465e-16 -1 
vn 0 0.108119 -0.994138 
vn 0 0.21497 -0.976621 
vn 0 0.319302 -0.947653 
vn 0 0.419889 -0.907575 
vn 0 0.515554 -0.856857 
vn 0 0.605174 -0.796093 
vn 0 0.687699 -0.725995 
vn 0 0.762162 -0.647386 
vn 0 0.827689 -0.561187 
vn 0 0.883512 -0.468408 
vn 0 0.928977 -0.370138 
vn 0 0.96355 -0.267528 
vn 0 0.986827 -0.161782 
vn 0 0.998533 -0.0541389 
vn 0 0.998533 0.0541389 
vn 0 0.986827 0.161782 
vn 0 0.96355 0.267528 
vn 0 0.928977 0.370138 
vn 0 0.883512 0.468408 
vn 0 0.827689 0.561187 
vn 0 0.762162 0.647386 
vn 0 0.687699 0.725995 
vn 0 0.605174 0.796093 
vn 0 0.515554 0.856857 
vn 0 0.419889 0.907575 
vn 0 0.319302 0.947653 
vn 0 0.21497 0.976621 
vn 0 0.108119 0.994138 
vn -1 0 0 
vn 0 0 -1 
vn -0.994138 -0.108119 0 
vn -1 -2.44929e-16 0 
vn -0.976621 -0.21497 0 
vn -0.994138 -0.108119 0 
vn -0.947653 -0.319302 0 
vn -0.976621 -0.21497 0 
vn -0.907575 -0.419889 0 
vn -0.947653 -0.319302 0 
vn -0.856857 -0.515554 0 
vn -0.907575 -0.419889 0 
vn -0.796093 -0.605174 0 
vn -0.856857 -0.515554 0 
vn -0.725995 -0.687699 0 
vn -0.796093 -0.605174 0 
vn -0.647386 -0.762162 0 
vn -0.725995 -0.687699 0 
vn -0.561187 -0.827689 0 
vn -0.647386 -0.762162 0 
vn -0.468408 -0.883512 0 
vn -0.561187 -0.827689 0 
vn -0.370138 -0.928977 0 
vn -0.468408 -0.883512 0 
vn -0.267528 -0.96355 0 
vn -0.370138 -0.928977 0 
vn -0.161782 -0.986827 0 
vn -0.267528 -0.96355 0 
vn -0.0541389 -0.998533 0 
vn -0.161782 -0.986827 0 
vn 0.0541389 -0.998533 0 
vn -0.0541389 -0.998533 0 
vn 0.161782 -0.986827 0 
vn 0.0541389 -0.998533 0 
vn 0.267528 -0.96355 0 
vn 0.161782 -0.986827 0 
vn 0.370138 -0.928977 0 
vn 0.267528 -0.96355 0 
vn 0.468408 -0.883512 0 
vn 0.370138 -0.928977 0 
vn 0.561187 -0.827689 0 
vn 0.468408 -0.883512 0 
vn 0.647386 -0.762162 0 
vn 0.561187 -0.827689 0 
vn 0.725995 -0.687699 0 
vn 0.647386 -0.762162 0 
vn 0.796093 -0.605174 0 
vn 0.725995 -0.687699 0 
vn 0.856857 -0.515554 0 
vn 0.796093 -0.605174 0 
vn 0.907575 -0.419889 0 
vn 0.856857 -0.515554 0 
vn 0.947653 -0.319302 0 
vn 0.907575 -0.419889 0 
vn 0.976621 -0.21497 0 
vn 0.947653 -0.319302 0 
vn 0.994138 -0.108119 0 
vn 0.976621 -0.21497 0 
vn 1 1.22465e-16 0 
vn 0.994138 -0.108119 0 
vn 0.994138 0.108119 0 
vn 1 1.22465e-16 0 
vn 0.976621 0.21497 0 
vn 0.994138 0.108119 0 
vn 0.947653 0.319302 0 
vn 0.976621 0.21497 0 
vn 0.907575 0.419889 0 
vn 0.947653 0.319302 0 
vn 0.856857 0.515554 0 
vn 0.907575 0.419889 0 
vn 0.796093 0.605174 0 
vn 0.856857 0.515554 0 
vn 0.725995 0.687699 0 
vn 0.796093 0.605174 0 
vn 0.647386 0.762162 0 
vn 0.725995 0.687699 0 
vn 0.561187 0.827689 0 
vn 0.647386 0.762162 0 
vn 0.468408 0.883512 0 
vn 0.561187 0.827689 0 
vn 0.370138 0.928977 0 
vn 0.468408 0.883512 0 
vn 0.267528 0.96355 0 
vn 0.370138 0.928977 0 
vn 0.161782 0.986827 0 
vn 0.267528 0.96355 0 
vn 0.0541389 0.998533 0 
vn 0.161782 0.986827 0 
vn -0.0541389 0.998533 0 
vn 0.0541389 0.998533 0 
vn -0.161782 0.986827 0 
vn -0.0541389 0.998533 0 
vn -0.267528 0.96355 0 
vn -0.161782 0.986827 0 
vn -0.370138 0.928977 0 
vn -0.267528 0.96355 0 
vn -0.468408 0.883512 0 
vn -0.370138 0.928977 0 
vn -0.561187 0.827689 0 
vn -0.468408 0.883512 0 
vn -0.647386 0.762162 0 
vn -0.561187 0.827689 0 
vn -0.725995 0.687699 0 
vn -0.647386 0.762162 0 
vn -0.796093 0.605174 0 
vn -0.725995 0.687699 0 
vn -0.856857 0.515554 0 
vn -0.796093 0.605174 0 
vn -0.907575 0.419889 0 
vn -0.856857 0.515554 0 
vn -0.947653 0.319302 0 
vn -0.907575 0.419889 0 
vn -0.976621 0.21497 0 
vn -0.947653 0.319302 0 
vn -0.994138 0.108119 0 
vn -0.976621 0.21497 0 
vn 0 0 -1 
vn -0.994138 -0.108119 0 
vn -1 -2.44929e-16 0 
vn -0.976621 -0.21497 0 
vn -0.994138 -0.108119 0 
vn -0.947653 -0.319302 0 
vn -0.976621 -0.21497 0 
vn -0.907575 -0.419889 0 
vn -0.947653 -0.319302 0 
vn -0.856857 -0.515554 0 
vn -0.907575 -0.419889 0 
vn -0.796093 -0.605174 0 
vn -0.856857 -0.515554 0 
vn -0.725995 -0.687699 0 
vn -0.796093 -0.605174 0 
vn -0.647386 -0.762162 0 
vn -0.725995 -0.687699 0 
vn -0.561187 -0.827689 0 
vn -0.647386 -0.762162 0 
vn -0.468408 -0.883512 0 
vn -0.561187 -0.827689 0 
vn -0.370138 -0.928977 0 
vn -0.468408 -0.883512 0 
vn -0.267528 -0.96355 0 
vn -0.370138 -0.928977 0 
vn -0.161782 -0.986827 0 
vn -0.267528 -0.96355 0 
vn -0.0541389 -0.998533 0 
vn -0.161782 -0.986827 0 
vn 0.0541389 -0.998533 0 
vn -0.0541389 -0.998533 0 
vn 0.161782 -0.986827 0 
vn 0.0541389 -0.998533 0 
vn 0.267528 -0.96355 0 
vn 0.161782 -0.986827 0 
vn 0.370138 -0.928977 0 
vn 0.267528 -0.96355 0 
vn 0.468408 -0.883512 0 
vn 0.370138 -0.928977 0 
vn 0.561187 -0.827689 0 
vn 0.468408 -0.883512 0 
vn 0.647386 -0.762162 0 
vn 0.561187 -0.827689 0 
vn 0.725995 -0.687699 0 
vn 0.647386 -0.762162 0 
vn 0.796093 -0.605174 0 
vn 0.725995 -0.687699 0 
vn 0.856857 -0.515554 0 
vn 0.796093 -0.605174 0 
vn 0.907575 -0.419889 0 
vn 0.856857 -0.515554 0 
vn 0.947653 -0.319302 0 
vn 0.907575 -0.419889 0 
vn 0.976621 -0.21497 0 
vn 0.947653 -0.319302 0 
vn 0.994138 -0.108119 0 
vn 0.976621 -0.21497 0 
vn 1 1.22465e-16 0 
vn 0.994138 -0.108119 0 
vn 0.994138 0.108119 0 
vn 1 1.22465e-16 0 
vn 0.976621 0.21497 0 
vn 0.994138 0.108119 0 
vn 0.947653 0.319302 0 
vn 0.976621 0.21497 0 
vn 0.907575 0.419889 0 
vn 0.947653 0.319302 0 
vn 0.856857 0.515554 0 
vn 0.907575 0.419889 0 
vn 0.796093 0.605174 0 
vn 0.856857 0.515554 0 
vn 0.725995 0.687699 0 
vn 0.796093 0.605174 0 
vn 0.647386 0.762162 0 
vn 0.725995 0.687699 0 
vn 0.561187 0.827689 0 
vn 0.647386 0.762162 0 
vn 0.468408 0.883512 0 
vn 0.561187 0.827689 0 
vn 0.370138 0.928977 0 
vn 0.468408 0.883512 0 
vn 0.267528 0.96355 0 
vn 0.370138 0.928977 0 
vn 0.161782 0.986827 0 
vn 0.267528 0.96355 0 
vn 0.0541389 0.998533 0 
vn 0.161782 0.986827 0 
vn -0.0541389 0.998533 0 
vn 0.0541389 0.998533 0 
vn -0.161782 0.986827 0 
vn -0.0541389 0.998533 0 
vn -0.267528 0.96355 0 
vn -0.161782 0.986827 0 
vn -0.370138 0.928977 0 
vn -0.267528 0.96355 0 
vn -0.468408 0.883512 0 
vn -0.370138 0.928977 0 
vn -0.561187 0.827689 0 
vn -0.468408 0.883512 0 
vn -0.647386 0.762162 0 
vn -0.561187 0.827689 0 
vn -0.725995 0.687699 0 
vn -0.647386 0.762162 0 
vn -0.796093 0.605174 0 
vn -0.725995 0.687699 0 
vn -0.856857 0.515554 0 
vn -0.796093 0.605174 0 
vn -0.907575 0.419889 0 
vn -0.856857 0.515554 0 
vn -0.947653 0.319302 0 
vn -0.907575 0.419889 0 
vn -0.976621 0.21497 0 
vn -0.947653 0.319302 0 
vn -0.994138 0.108119 0 
vn -0.976621 0.21497 0 
vn 0 0 -1 
vn -0.994138 -0.108119 0 
vn -1 -2.44929e-16 0 
vn -0.976621 -0.21497 0 
vn -0.994138 -0.108119 0 
vn -0.947653 -0.319302 0 
vn -0.976621 -0.21497 0 
vn -0.907575 -0.419889 0 
vn -0.947653 -0.319302 0 
vn -0.856857 -0.515554 0 
vn -0.907575 -0.419889 0 
vn -0.796093 -0.605174 0 
vn -0.856857 -0.515554 0 
vn -0.725995 -0.687699 0 
vn -0.796093 -0.605174 0 
vn -0.647386 -0.762162 0 
vn -0.725995 -0.687699 0 
vn -0.561187 -0.827689 0 
vn -0.647386 -0.762162 0 
vn -0.468408 -0.883512 0 
vn -0.561187 -0.827689 0 
vn -0.370138 -0.928977 0 
vn -0.468408 -0.883512 0 
vn -0.267528 -0.96355 0 
vn -0.370138 -0.928977 0 
vn -0.161782 -0.986827 0 
vn -0.267528 -0.96355 0 
vn -0.0541389 -0.998533 0 
vn -0.161782 -0.986827 0 
vn 0.0541389 -0.998533 0 
vn -0.0541389 -0.998533 0 
vn 0.161782 -0.986827 0 
vn 0.0541389 -0.998533 0 
vn 0.267528 -0.96355 0 
vn 0.161782 -0.986827 0 
vn 0.370138 -0.928977 0 
vn 0.267528 -0.96355 0 
vn 0.468408 -0.883512 0 
vn 0.370138 -0.928977 0 
vn 0.561187 -0.827689 0 
vn 0.468408 -0.883512 0 
vn 0.647386 -0.762162 0 
vn 0.561187 -0.827689 0 
vn 0.725995 -0.687699 0 
vn 0.647386 -0.762162 0 
vn 0.796093 -0.605174 0 
vn 0.725995 -0.687699 0 
vn 0.856857 -0.515554 0 
vn 0.796093 -0.605174 0 
vn 0.907575 -0.419889 0 
vn 0.856857 -0.515554 0 
vn 0.947653 -0.319302 0 
vn 0.907575 -0.419889 0 
vn 0.976621 -0.21497 0 
vn 0.947653 -0.319302 0 
vn 0.994138 -0.108119 0 
vn 0.976621 -0.21497 0 
vn 1 1.22465e-16 0 
vn 0.994138 -0.108119 0 
vn 0.994138 0.108119 0 
vn 1 1.22465e-16 0 
vn 0.976621 0.21497 0 
vn 0.994138 0.108119 0 
vn 0.947653 0.319302 0 
vn 0.976621 0.21497 0 
vn 0.907575 0.419889 0 
vn 0.947653 0.319302 0 
vn 0.856857 0.515554 0 
vn 0.907575 0.419889 0 
vn 0.796093 0.605174 0 
vn 0.856857 0.515554 0 
vn 0.725995 0.687699 0 
vn 0.796093 0.605174 0 
vn 0.647386 0.762162 0 
vn 0.725995 0.687699 0 
vn 0.561187 0.827689 0 
vn 0.647386 0.762162 0 
vn 0.468408 0.883512 0 
vn 0.561187 0.827689 0 
vn 0.370138 0.928977 0 
vn 0.468408 0.883512 0 
vn 0.267528 0.96355 0 
vn 0.370138 0.928977 0 
vn 0.161782 0.986827 0 
vn 0.267528 0.96355 0 
vn 0.0541389 0.998533 0 
vn 0.161782 0.986827 0 
vn -0.0541389 0.998533 0 
vn 0.0541389 0.998533 0 
vn -0.161782 0.986827 0 
vn -0.0541389 0.998533 0 
vn -0.267528 0.96355 0 
vn -0.161782 0.986827 0 
vn -0.370138 0.928977 0 
vn -0.267528 0.96355 0 
vn -0.468408 0.883512 0 
vn -0.370138 0.928977 0 
vn -0.561187 0.827689 0 
vn -0.468408 0.883512 0 
vn -0.647386 0.762162 0 
vn -0.561187 0.827689 0 
vn -0.725995 0.687699 0 
vn -0.647386 0.762162 0 
vn -0.796093 0.605174 0 
vn -0.725995 0.687699 0 
vn -0.856857 0.515554 0 
vn -0.796093 0.605174 0 
vn -0.907575 0.419889 0 
vn -0.856857 0.515554 0 
vn -0.947653 0.319302 0 
vn -0.907575 0.419889 0 
vn -0.976621 0.21497 0 
vn -0.947653 0.319302 0 
vn -0.994138 0.108119 0 
vn -0.976621 0.21497 0 
vn 0 0 -1 
vn -0.994138 -0.108119 0 
vn -1 -2.44929e-16 0 
vn -0.976621 -0.21497 0 
vn -0.994138 -0.108119 0 
vn -0.947653 -0.319302 0 
vn -0.976621 -0.21497 0 
vn -0.907575 -0.419889 0 
vn -0.947653 -0.319302 0 
vn -0.856857 -0.515554 0 
vn -0.907575 -0.419889 0 
vn -0.796093 -0.605174 0 
vn -0.856857 -0.515554 0 
vn -0.725995 -0.687699 0 
vn -0.796093 -0.605174 0 
vn -0.647386 -0.762162 0 
vn -0.725995 -0.687699 0 
vn -0.561187 -0.827689 0 
vn -0.647386 -0.762162 0 
vn -0.468408 -0.883512 0 
vn -0.561187 -0.827689 0 
vn -0.370138 -0.928977 0 
vn -0.468408 -0.883512 0 
vn -0.267528 -0.96355 0 
vn -0.370138 -0.928977 0 
vn -0.161782 -0.986827 0 
vn -0.267528 -0.96355 0 
vn -0.0541389 -0.998533 0 
vn -0.161782 -0.986827 0 
vn 0.0541389 -0.998533 0 
vn -0.0541389 -0.998533 0 
vn 0.161782 -0.986827 0 
vn 0.0541389 -0.998533 0 
vn 0.267528 -0.96355 0 
vn 0.161782 -0.986827 0 
vn 0.370138 -0.928977 0 
vn 0.267528 -0.96355 0 
vn 0.468408 -0.883512 0 
vn 0.370138 -0.928977 0 
vn 0.561187 -0.827689 0 
vn 0.468408 -0.883512 0 
vn 0.647386 -0.762162 0 
vn 0.561187 -0.827689 0 
vn 0.725995 -0.687699 0 
vn 0.647386 -0.762162 0 
vn 0.796093 -0.605174 0 
vn 0.725995 -0.687699 0 
vn 0.856857 -0.515554 0 
vn 0.796093 -0.605174 0 
vn 0.907575 -0.419889 0 
vn 0.856857 -0.515554 0 
vn 0.947653 -0.319302 0 
vn 0.907575 -0.419889 0 
vn 0.976621 -0.21497 0 
vn 0.947653 -0.319302 0 
vn 0.994138 -0.108119 0 
vn 0.976621 -0.21497 0 
vn 1 1.22465e-16 0 
vn 0.994138 -0.108119 0 
vn 0.994138 0.108119 0 
vn 1 1.22465e-16 0 
vn 0.976621 0.21497 0 
vn 0.994138 0.108119 0 
vn 0.947653 0.319302 0 
vn 0.976621 0.21497 0 
vn 0.907575 0.419889 0 
vn 0.947653 0.319302 0 
vn 0.856857 0.515554 0 
vn 0.907575 0.419889 0 
vn 0.796093 0.605174 0 
vn 0.856857 0.515554 0 
vn 0.725995 0.687699 0 
vn 0.796093 0.605174 0 
vn 0.647386 0.762162 0 
vn 0.725995 0.687699 0 
vn 0.561187 0.827689 0 
vn 0.647386 0.762162 0 
vn 0.468408 0.883512 0 
vn 0.561187 0.827689 0 
vn 0.370138 0.928977 0 
vn 0.468408 0.883512 0 
vn 0.267528 0.96355 0 
vn 0.370138 0.928977 0 
vn 0.161782 0.986827 0 
vn 0.267528 0.96355 0 
vn 0.0541389 0.998533 0 
vn 0.161782 0.986827 0 
vn -0.0541389 0.998533 0 
vn 0.0541389 0.998533 0 
vn -0.161782 0.986827 0 
vn -0.0541389 0.998533 0 
vn -0.267528 0.96355 0 
vn -0.161782 0.986827 0 
vn -0.370138 0.928977 0 
vn -0.267528 0.96355 0 
vn -0.468408 0.883512 0 
vn -0.370138 0.928977 0 
vn -0.561187 0.827689 0 
vn -0.468408 0.883512 0 
vn -0.647386 0.762162 0 
vn -0.561187 0.827689 0 
vn -0.725995 0.687699 0 
vn -0.647386 0.762162 0 
vn -0.796093 0.605174 0 
vn -0.725995 0.687699 0 
vn -0.856857 0.515554 0 
vn -0.796093 0.605174 0 
vn -0.907575 0.419889 0 
vn -0.856857 0.515554 0 
vn -0.947653 0.319302 0 
vn -0.907575 0.419889 0 
vn -0.976621 0.21497 0 
vn -0.947653 0.319302 0 
vn -0.994138 0.108119 0 
vn -0.976621 0.21497 0 
vn 0 0 -1 
vn 0 0 1 
vn 0 1 0 
vn -1 0 0 
vn 0 -1 0 
vn 1 9.25186e-17 0 
vn 0 0 -1 
vn 0 0 1 
vn -1 0 0 
vn -0.994138 0.108119 0 
vn -0.976621 0.21497 0 
vn -0.947653 0.319302 0 
vn -0.907575 0.419889 0 
vn -0.856857 0.515554 0 
vn -0.796093 0.605174 0 
vn -0.725995 0.687699 0 
vn -0.647386 0.762162 0 
vn -0.561187 0.827689 0 
vn -0.468408 0.883512 0 
vn -0.370138 0.928977 0 
vn -0.267528 0.96355 0 
vn -0.161782 0.986827 0 
vn -0.0541389 0.998533 0 
vn 0.0541389 0.998533 0 
vn 0.161782 0.986827 0 
vn 0.267528 0.96355 0 
vn 0.370138 0.928977 0 
vn 0.468408 0.883512 0 
vn 0.561187 0.827689 0 
vn 0.647386 0.762162 0 
vn 0.725995 0.687699 0 
vn 0.796093 0.605174 0 
vn 0.856857 0.515554 0 
vn 0.907575 0.419889 0 
vn 0.947653 0.319302 0 
vn 0.976621 0.21497 0 
vn 0.994138 0.108119 0 
vn 1 1.22465e-16 0 
vn 0.994138 -0.108119 0 
vn 0.976621 -0.21497 0 
vn 0.947653 -0.319302 0 
vn 0.907575 -0.419889 0 
vn 0.856857 -0.515554 0 
vn 0.796093 -0.605174 0 
vn 0.725995 -0.687699 0 
vn 0.647386 -0.762162 0 
vn 0.561187 -0.827689 0 
vn 0.468408 -0.883512 0 
vn 0.370138 -0.928977 0 
vn 0.267528 -0.96355 0 
vn 0.161782 -0.986827 0 
vn 0.0541389 -0.998533 0 
vn -0.0541389 -0.998533 0 
vn -0.161782 -0.986827 0 
vn -0.267528 -0.96355 0 
vn -0.370138 -0.928977 0 
vn -0.468408 -0.883512 0 
vn -0.561187 -0.827689 0 
vn -0.647386 -0.762162 0 
vn -0.725995 -0.687699 0 
vn -0.796093 -0.605174 0 
vn -0.856857 -0.515554 0 
vn -0.907575 -0.419889 0 
vn -0.947653 -0.319302 0 
vn -0.976621 -0.21497 0 
vn -0.994138 -0.108119 0 
vn -1 0 0 
vn -0.994138 0.108119 0 
vn -0.976621 0.21497 0 
vn -0.947653 0.319302 0 
vn -0.907575 0.419889 0 
vn -0.856857 0.515554 0 
vn -0.796093 0.605174 0 
vn -0.725995 0.687699 0 
vn -0.647386 0.762162 0 
vn -0.561187 0.827689 0 
vn -0.468408 0.883512 0 
vn -0.370138 0.928977 0 
vn -0.267528 0.96355 0 
vn -0.161782 0.986827 0 
vn -0.0541389 0.998533 0 
vn 0.0541389 0.998533 0 
vn 0.161782 0.986827 0 
vn 0.267528 0.96355 0 
vn 0.370138 0.928977 0 
vn 0.468408 0.883512 0 
vn 0.561187 0.827689 0 
vn 0.647386 0.762162 0 
vn 0.725995 0.687699 0 
vn 0.796093 0.605174 0 
vn 0.856857 0.515554 0 
vn 0.907575 0.419889 0 
vn 0.947653 0.319302 0 
vn 0.976621 0.21497 0 
vn 0.994138 0.108119 0 
vn 1 1.22465e-16 0 
vn 0.994138 -0.108119 0 
vn 0.976621 -0.21497 0 
vn 0.947653 -0.319302 0 
vn 0.907575 -0.419889 0 
vn 0.856857 -0.515554 0 
vn 0.796093 -0.605174 0 
vn 0.725995 -0.687699 0 
vn 0.647386 -0.762162 0 
vn 0.561187 -0.827689 0 
vn 0.468408 -0.883512 0 
vn 0.370138 -0.928977 0 
vn 0.267528 -0.96355 0 
vn 0.161782 -0.986827 0 
vn 0.0541389 -0.998533 0 
vn -0.0541389 -0.998533 0 
vn -0.161782 -0.986827 0 
vn -0.267528 -0.96355 0 
vn -0.370138 -0.928977 0 
vn -0.468408 -0.883512 0 
vn -0.561187 -0.827689 0 
vn -0.647386 -0.762162 0 
vn -0.725995 -0.687699 0 
vn -0.796093 -0.605174 0 
vn -0.856857 -0.515554 0 
vn -0.907575 -0.419889 0 
vn -0.947653 -0.319302 0 
vn -0.976621 -0.21497 0 
vn -0.994138 -0.108119 0 
vn -1 0 0 
vn -0.994138 0.108119 0 
vn -0.976621 0.21497 0 
vn -0.947653 0.319302 0 
vn -0.907575 0.419889 0 
vn -0.856857 0.515554 0 
vn -0.796093 0.605174 0 
vn -0.725995 0.687699 0 
vn -0.647386 0.762162 0 
vn -0.561187 0.827689 0 
vn -0.468408 0.883512 0 
vn -0.370138 0.928977 0 
vn -0.267528 0.96355 0 
vn -0.161782 0.986827 0 
vn -0.0541389 0.998533 0 
vn 0.0541389 0.998533 0 
vn 0.161782 0.986827 0 
vn 0.267528 0.96355 0 
vn 0.370138 0.928977 0 
vn 0.468408 0.883512 0 
vn 0.561187 0.827689 0 
vn 0.647386 0.762162 0 
vn 0.725995 0.687699 0 
vn 0.796093 0.605174 0 
vn 0.856857 0.515554 0 
vn 0.907575 0.419889 0 
vn 0.947653 0.319302 0 
vn 0.976621 0.21497 0 
vn 0.994138 0.108119 0 
vn 1 1.22465e-16 0 
vn 0.994138 -0.108119 0 
vn 0.976621 -0.21497 0 
vn 0.947653 -0.319302 0 
vn 0.907575 -0.419889 0 
vn 0.856857 -0.515554 0 
vn 0.796093 -0.605174 0 
vn 0.725995 -0.687699 0 
vn 0.647386 -0.762162 0 
vn 0.561187 -0.827689 0 
vn 0.468408 -0.883512 0 
vn 0.370138 -0.928977 0 
vn 0.267528 -0.96355 0 
vn 0.161782 -0.986827 0 
vn 0.0541389 -0.998533 0 
vn -0.0541389 -0.998533 0 
vn -0.161782 -0.986827 0 
vn -0.267528 -0.96355 0 
vn -0.370138 -0.928977 0 
vn -0.468408 -0.883512 0 
vn -0.561187 -0.827689 0 
vn -0.647386 -0.762162 0 
vn -0.725995 -0.687699 0 
vn -0.796093 -0.605174 0 
vn -0.856857 -0.515554 0 
vn -0.907575 -0.419889 0 
vn -0.947653 -0.319302 0 
vn -0.976621 -0.21497 0 
vn -0.994138 -0.108119 0 
vn -1 0 0 
vn -0.994138 0.108119 0 
vn -0.976621 0.21497 0 
vn -0.947653 0.319302 0 
vn -0.907575 0.419889 0 
vn -0.856857 0.515554 0 
vn -0.796093 0.605174 0 
vn -0.725995 0.687699 0 
vn -0.647386 0.762162 0 
vn -0.561187 0.827689 0 
vn -0.468408 0.883512 0 
vn -0.370138 0.928977 0 
vn -0.267528 0.96355 0 
vn -0.161782 0.986827 0 
vn -0.0541389 0.998533 0 
vn 0.0541389 0.998533 0 
vn 0.161782 0.986827 0 
vn 0.267528 0.96355 0 
vn 0.370138 0.928977 0 
vn 0.468408 0.883512 0 
vn 0.561187 0.827689 0 
vn 0.647386 0.762162 0 
vn 0.725995 0.687699 0 
vn 0.796093 0.605174 0 
vn 0.856857 0.515554 0 
vn 0.907575 0.419889 0 
vn 0.947653 0.319302 0 
vn 0.976621 0.21497 0 
vn 0.994138 0.108119 0 
vn 1 1.22465e-16 0 
vn 0.994138 -0.108119 0 
vn 0.976621 -0.21497 0 
vn 0.947653 -0.319302 0 
vn 0.907575 -0.419889 0 
vn 0.856857 -0.515554 0 
vn 0.796093 -0.605174 0 
vn 0.725995 -0.687699 0 
vn 0.647386 -0.762162 0 
vn 0.561187 -0.827689 0 
vn 0.468408 -0.883512 0 
vn 0.370138 -0.928977 0 
vn 0.267528 -0.96355 0 
vn 0.161782 -0.986827 0 
vn 0.0541389 -0.998533 0 
vn -0.0541389 -0.998533 0 
vn -0.161782 -0.986827 0 
vn -0.267528 -0.96355 0 
vn -0.370138 -0.928977 0 
vn -0.468408 -0.883512 0 
vn -0.561187 -0.827689 0 
vn -0.647386 -0.762162 0 
vn -0.725995 -0.687699 0 
vn -0.796093 -0.605174 0 
vn -0.856857 -0.515554 0 
vn -0.907575 -0.419889 0 
vn -0.947653 -0.319302 0 
vn -0.976621 -0.21497 0 
vn -0.994138 -0.108119 0 
vn 0 0 1 
vn 1 0 0 
vn 0.994138 -0.108119 0 
vn 0.976621 -0.21497 0 
vn 0.947653 -0.319302 0 
vn 0.907575 -0.419889 0 
vn 0.856857 -0.515554 0 
vn 0.796093 -0.605174 0 
vn 0.725995 -0.687699 0 
vn 0.647386 -0.762162 0 
vn 0.561187 -0.827689 0 
vn 0.468408 -0.883512 0 
vn 0.370138 -0.928977 0 
vn 0.267528 -0.96355 0 
vn 0.161782 -0.986827 0 
vn 0.0541389 -0.998533 0 
vn -0.0541389 -0.998533 0 
vn -0.161782 -0.986827 0 
vn -0.267528 -0.96355 0 
vn -0.370138 -0.928977 0 
vn -0.468408 -0.883512 0 
vn -0.561187 -0.827689 0 
vn -0.647386 -0.762162 0 
vn -0.725995 -0.687699 0 
vn -0.796093 -0.605174 0 
vn -0.856857 -0.515554 0 
vn -0.907575 -0.419889 0 
vn -0.947653 -0.319302 0 
vn -0.976621 -0.21497 0 
vn -0.994138 -0.108119 0 
vn -1 -1.22465e-16 0 
vn -0.994138 0.108119 0 
vn -0.976621 0.21497 0 
vn -0.947653 0.319302 0 
vn -0.907575 0.419889 0 
vn -0.856857 0.515554 0 
vn -0.796093 0.605174 0 
vn -0.725995 0.687699 0 
vn -0.647386 0.762162 0 
vn -0.561187 0.827689 0 
vn -0.468408 0.883512 0 
vn -0.370138 0.928977 0 
vn -0.267528 0.96355 0 
vn -0.161782 0.986827 0 
vn -0.0541389 0.998533 0 
vn 0.0541389 0.998533 0 
vn 0.161782 0.986827 0 
vn 0.267528 0.96355 0 
vn 0.370138 0.928977 0 
vn 0.468408 0.883512 0 
vn 0.561187 0.827689 0 
vn 0.647386 0.762162 0 
vn 0.725995 0.687699 0 
vn 0.796093 0.605174 0 
vn 0.856857 0.515554 0 
vn 0.907575 0.419889 0 
vn 0.947653 0.319302 0 
vn 0.976621 0.21497 0 
vn 0.994138 0.108119 0 
vn 1 0 0 
vn 0.994138 -0.108119 0 
vn 0.976621 -0.21497 0 
vn 0.947653 -0.319302 0 
vn 0.907575 -0.419889 0 
vn 0.856857 -0.515554 0 
vn 0.796093 -0.605174 0 
vn 0.725995 -0.687699 0 
vn 0.647386 -0.762162 0 
vn 0.561187 -0.827689 0 
vn 0.468408 -0.883512 0 
vn 0.370138 -0.928977 0 
vn 0.267528 -0.96355 0 
vn 0.161782 -0.986827 0 
vn 0.0541389 -0.998533 0 
vn -0.0541389 -0.998533 0 
vn -0.161782 -0.986827 0 
vn -0.267528 -0.96355 0 
vn -0.370138 -0.928977 0 
vn -0.468408 -0.883512 0 
vn -0.561187 -0.827689 0 
vn -0.647386 -0.762162 0 
vn -0.725995 -0.687699 0 
vn -0.796093 -0.605174 0 
vn -0.856857 -0.515554 0 
vn -0.907575 -0.419889 0 
vn -0.947653 -0.319302 0 
vn -0.976621 -0.21497 0 
vn -0.994138 -0.108119 0 
vn -1 -1.22465e-16 0 
vn -0.994138 0.108119 0 
vn -0.976621 0.21497 0 
vn -0.947653 0.319302 0 
vn -0.907575 0.419889 0 
vn -0.856857 0.515554 0 
vn -0.796093 0.605174 0 
vn -0.725995 0.687699 0 
vn -0.647386 0.762162 0 
vn -0.561187 0.827689 0 
vn -0.468408 0.883512 0 
vn -0.370138 0.928977 0 
vn -0.267528 0.96355 0 
vn -0.161782 0.986827 0 
vn -0.0541389 0.998533 0 
vn 0.0541389 0.998533 0 
vn 0.161782 0.986827 0 
vn 0.267528 0.96355 0 
vn 0.370138 0.928977 0 
vn 0.468408 0.883512 0 
vn 0.561187 0.827689 0 
vn 0.647386 0.762162 0 
vn 0.725995 0.687699 0 
vn 0.796093 0.605174 0 
vn 0.856857 0.515554 0 
vn 0.907575 0.419889 0 
vn 0.947653 0.319302 0 
vn 0.976621 0.21497 0 
vn 0.994138 0.108119 0 
vn 1 0 0 
vn 0.994138 -0.108119 0 
vn 0.976621 -0.21497 0 
vn 0.947653 -0.319302 0 
vn 0.907575 -0.419889 0 
vn 0.856857 -0.515554 0 
vn 0.796093 -0.605174 0 
vn 0.725995 -0.687699 0 
vn 0.647386 -0.762162 0 
vn 0.561187 -0.827689 0 
vn 0.468408 -0.883512 0 
vn 0.370138 -0.928977 0 
vn 0.267528 -0.96355 0 
vn 0.161782 -0.986827 0 
vn 0.0541389 -0.998533 0 
vn -0.0541389 -0.998533 0 
vn -0.161782 -0.986827 0 
vn -0.267528 -0.96355 0 
vn -0.370138 -0.928977 0 
vn -0.468408 -0.883512 0 
vn -0.561187 -0.827689 0 
vn -0.647386 -0.762162 0 
vn -0.725995 -0.687699 0 
vn -0.796093 -0.605174 0 
vn -0.856857 -0.515554 0 
vn -0.907575 -0.419889 0 
vn -0.947653 -0.319302 0 
vn -0.976621 -0.21497 0 
vn -0.994138 -0.108119 0 
vn -1 -1.22465e-16 0 
vn -0.994138 0.108119 0 
vn -0.976621 0.21497 0 
vn -0.947653 0.319302 0 
vn -0.907575 0.419889 0 
vn -0.856857 0.515554 0 
vn -0.796093 0.605174 0 
vn -0.725995 0.687699 0 
vn -0.647386 0.762162 0 
vn -0.561187 0.827689 0 
vn -0.468408 0.883512 0 
vn -0.370138 0.928977 0 
vn -0.267528 0.96355 0 
vn -0.161782 0.986827 0 
vn -0.0541389 0.998533 0 
vn 0.0541389 0.998533 0 
vn 0.161782 0.986827 0 
vn 0.267528 0.96355 0 
vn 0.370138 0.928977 0 
vn 0.468408 0.883512 0 
vn 0.561187 0.827689 0 
vn 0.647386 0.762162 0 
vn 0.725995 0.687699 0 
vn 0.796093 0.605174 0 
vn 0.856857 0.515554 0 
vn 0.907575 0.419889 0 
vn 0.947653 0.319302 0 
vn 0.976621 0.21497 0 
vn 0.994138 0.108119 0 
vn 1 0 0 
vn 0.994138 -0.108119 0 
vn 0.976621 -0.21497 0 
vn 0.947653 -0.319302 0 
vn 0.907575 -0.419889 0 
vn 0.856857 -0.515554 0 
vn 0.796093 -0.605174 0 
vn 0.725995 -0.687699 0 
vn 0.647386 -0.762162 0 
vn 0.561187 -0.827689 0 
vn 0.468408 -0.883512 0 
vn 0.370138 -0.928977 0 
vn 0.267528 -0.96355 0 
vn 0.161782 -0.986827 0 
vn 0.0541389 -0.998533 0 
vn -0.0541389 -0.998533 0 
vn -0.161782 -0.986827 0 
vn -0.267528 -0.96355 0 
vn -0.370138 -0.928977 0 
vn -0.468408 -0.883512 0 
vn -0.561187 -0.827689 0 
vn -0.647386 -0.762162 0 
vn -0.725995 -0.687699 0 
vn -0.796093 -0.605174 0 
vn -0.856857 -0.515554 0 
vn -0.907575 -0.419889 0 
vn -0.947653 -0.319302 0 
vn -0.976621 -0.21497 0 
vn -0.994138 -0.108119 0 
vn -1 -1.22465e-16 0 
vn -0.994138 0.108119 0 
vn -0.976621 0.21497 0 
vn -0.947653 0.319302 0 
vn -0.907575 0.419889 0 
vn -0.856857 0.515554 0 
vn -0.796093 0.605174 0 
vn -0.725995 0.687699 0 
vn -0.647386 0.762162 0 
vn -0.561187 0.827689 0 
vn -0.468408 0.883512 0 
vn -0.370138 0.928977 0 
vn -0.267528 0.96355 0 
vn -0.161782 0.986827 0 
vn -0.0541389 0.998533 0 
vn 0.0541389 0.998533 0 
vn 0.161782 0.986827 0 
vn 0.267528 0.96355 0 
vn 0.370138 0.928977 0 
vn 0.468408 0.883512 0 
vn 0.561187 0.827689 0 
vn 0.647386 0.762162 0 
vn 0.725995 0.687699 0 
vn 0.796093 0.605174 0 
vn 0.856857 0.515554 0 
vn 0.907575 0.419889 0 
vn 0.947653 0.319302 0 
vn 0.976621 0.21497 0 
vn 0.994138 0.108119 0 
vn 0 0 -1 
vn 1 -1.82123e-16 0 
vn 0 0 1 
vn -2.27654e-16 -1 0 
vn -1 1.82123e-16 0 
vn 2.73185e-16 1 0 
usemtl 0.917647_0.917647_0.917647_0.000000_0.000000
o mesh0
f 59//1 1//1 2//1 
f 2//1 3//1 59//1 
f 3//1 4//1 59//1 
f 4//1 5//1 59//1 
f 5//1 6//1 59//1 
f 6//1 7//1 59//1 
f 7//1 8//1 59//1 
f 8//1 9//1 59//1 
f 9//1 10//1 59//1 
f 10//1 11//1 59//1 
f 11//1 12//1 59//1 
f 12//1 13//1 59//1 
f 13//1 14//1 59//1 
f 14//1 15//1 59//1 
f 15//1 16//1 59//1 
f 16//1 17//1 59//1 
f 17//1 18//1 59//1 
f 18//1 19//1 59//1 
f 19//1 20//1 59//1 
f 20//1 21//1 59//1 
f 21//1 22//1 59//1 
f 22//1 23//1 59//1 
f 23//1 24//1 59//1 
f 24//1 25//1 59//1 
f 25//1 26//1 59//1 
f 26//1 27//1 59//1 
f 27//1 28//1 59//1 
f 28//1 29//1 59//1 
f 29//1 30//1 59//1 
f 30//1 31//1 59//1 
f 31//1 32//1 59//1 
f 32//1 33//1 59//1 
f 33//1 34//1 59//1 
f 34//1 35//1 59//1 
f 35//1 36//1 59//1 
f 36//1 37//1 59//1 
f 37//1 38//1 59//1 
f 38//1 39//1 59//1 
f 39//1 40//1 59//1 
f 40//1 41//1 59//1 
f 41//1 42//1 59//1 
f 42//1 43//1 59//1 
f 43//1 44//1 59//1 
f 44//1 45//1 59//1 
f 45//1 46//1 59//1 
f 46//1 47//1 59//1 
f 47//1 48//1 59//1 
f 48//1 49//1 59//1 
f 49//1 50//1 59//1 
f 50//1 51//1 59//1 
f 51//1 52//1 59//1 
f 52//1 53//1 59//1 
f 53//1 54//1 59//1 
f 54//1 55//1 59//1 
f 55//1 56//1 59//1 
f 56//1 57//1 59//1 
f 57//1 58//1 59//1 
f 58//1 1//1 59//1 
o mesh1
f 60//2 29//2 28//3 
f 61//3 28//3 27//4 
f 62//4 27//4 26//5 
f 63//5 26//5 25//6 
f 64//6 25//6 24//7 
f 65//7 24//7 23//8 
f 66//8 23//8 22//9 
f 67//9 22//9 21//10 
f 68//10 21//10 20//11 
f 69//11 20//11 19//12 
f 70//12 19//12 18//13 
f 71//13 18//13 17//14 
f 72//14 17//14 16//15 
f 73//15 16//15 15//16 
f 74//16 15//16 14//17 
f 75//17 14//17 13//18 
f 76//18 13//18 12//19 
f 77//19 12//19 11//20 
f 78//20 11//20 10//21 
f 79//21 10//21 9//22 
f 80//22 9//22 8//23 
f 81//23 8//23 7//24 
f 82//24 7//24 6//25 
f 83//25 6//25 5//26 
f 84//26 5//26 4//27 
f 85//27 4//27 3//28 
f 86//28 3//28 2//29 
f 87//29 2//29 1//30 
f 88//30 1//30 58//31 
f 89//31 58//31 57//32 
f 90//32 57//32 56//33 
f 91//33 56//33 55//34 
f 92//34 55//34 54//35 
f 93//35 54//35 53//36 
f 94//36 53//36 52//37 
f 95//37 52//37 51//38 
f 96//38 51//38 50//39 
f 97//39 50//39 49//40 
f 98//40 49//40 48//41 
f 99//41 48//41 47//42 
f 100//42 47//42 46//43 
f 101//43 46//43 45//44 
f 102//44 45//44 44//45 
f 103//45 44//45 43//46 
f 104//46 43//46 42//47 
f 105//47 42//47 41//48 
f 106//48 41//48 40//49 
f 107//49 40//49 39//50 
f 108//50 39//50 38//51 
f 109//51 38//51 37//52 
f 110//52 37//52 36//53 
f 111//53 36//53 35//54 
f 112//54 35//54 34//55 
f 113//55 34//55 33//56 
f 114//56 33//56 32//57 
f 115//57 32//57 31//58 
f 116//58 31//58 30//59 
f 117//59 30//59 29//2 
f 29//2 60//2 117//59 
f 30//59 117//59 116//58 
f 31//58 116//58 115//57 
f 32//57 115//57 114//56 
f 33//56 114//56 113//55 
f 34//55 113//55 112//54 
f 35//54 112//54 111//53 
f 36//53 111//53 110//52 
f 37//52 110//52 109//51 
f 38//51 109//51 108//50 
f 39//50 108//50 107//49 
f 40//49 107//49 106//48 
f 41//48 106//48 105//47 
f 42//47 105//47 104//46 
f 43//46 104//46 103//45 
f 44//45 103//45 102//44 
f 45//44 102//44 101//43 
f 46//43 101//43 100//42 
f 47//42 100//42 99//41 
f 48//41 99//41 98//40 
f 49//40 98//40 97//39 
f 50//39 97//39 96//38 
f 51//38 96//38 95//37 
f 52//37 95//37 94//36 
f 53//36 94//36 93//35 
f 54//35 93//35 92//34 
f 55//34 92//34 91//33 
f 56//33 91//33 90//32 
f 57//32 90//32 89//31 
f 58//31 89//31 88//30 
f 1//30 88//30 87//29 
f 2//29 87//29 86//28 
f 3//28 86//28 85//27 
f 4//27 85//27 84//26 
f 5//26 84//26 83//25 
f 6//25 83//25 82//24 
f 7//24 82//24 81//23 
f 8//23 81//23 80//22 
f 9//22 80//22 79//21 
f 10//21 79//21 78//20 
f 11//20 78//20 77//19 
f 12//19 77//19 76//18 
f 13//18 76//18 75//17 
f 14//17 75//17 74//16 
f 15//16 74//16 73//15 
f 16//15 73//15 72//14 
f 17//14 72//14 71//13 
f 18//13 71//13 70//12 
f 19//12 70//12 69//11 
f 20//11 69//11 68//10 
f 21//10 68//10 67//9 
f 22//9 67//9 66//8 
f 23//8 66//8 65//7 
f 24//7 65//7 64//6 
f 25//6 64//6 63//5 
f 26//5 63//5 62//4 
f 27//4 62//4 61//3 
f 28//3 61//3 60//2 
o mesh2
f 74//60 75//60 118//60 
f 118//60 119//60 74//60 
f 73//60 119//60 120//60 
f 119//60 73//60 74//60 
f 75//60 76//60 118//60 
f 76//60 121//60 122//60 
f 123//60 76//60 77//60 
f 76//60 124//60 118//60 
f 76//60 123//60 121//60 
f 77//60 78//60 123//60 
f 122//60 124//60 76//60 
f 125//60 71//60 72//60 
f 120//60 125//60 73//60 
f 125//60 70//60 71//60 
f 70//60 125//60 126//60 
f 72//60 73//60 125//60 
f 78//60 79//60 123//60 
f 80//60 127//60 128//60 
f 126//60 129//60 70//60 
f 128//60 130//60 80//60 
f 129//60 69//60 70//60 
f 80//60 131//60 127//60 
f 131//60 80//60 81//60 
f 130//60 123//60 80//60 
f 67//60 132//60 133//60 
f 79//60 80//60 123//60 
f 129//60 67//60 68//60 
f 67//60 129//60 132//60 
f 68//60 69//60 129//60 
f 134//60 103//60 104//60 
f 67//60 135//60 136//60 
f 81//60 82//60 131//60 
f 104//60 105//60 134//60 
f 134//60 101//60 102//60 
f 131//60 82//60 83//60 
f 133//60 135//60 67//60 
f 134//60 106//60 107//60 
f 102//60 103//60 134//60 
f 137//60 99//60 100//60 
f 136//60 138//60 67//60 
f 138//60 65//60 66//60 
f 134//60 109//60 110//60 
f 105//60 106//60 134//60 
f 100//60 134//60 137//60 
f 137//60 139//60 97//60 
f 140//60 141//60 142//60 
f 140//60 143//60 144//60 
f 139//60 145//60 85//60 
f 66//60 67//60 138//60 
f 145//60 146//60 131//60 
f 145//60 147//60 148//60 
f 134//60 108//60 109//60 
f 100//60 101//60 134//60 
f 139//60 96//60 97//60 
f 140//60 149//60 150//60 
f 144//60 141//60 140//60 
f 140//60 151//60 152//60 
f 145//60 84//60 85//60 
f 131//60 84//60 145//60 
f 145//60 153//60 147//60 
f 107//60 108//60 134//60 
f 97//60 98//60 137//60 
f 145//60 154//60 155//60 
f 140//60 156//60 154//60 
f 142//60 149//60 140//60 
f 152//60 157//60 140//60 
f 65//60 138//60 158//60 
f 85//60 86//60 139//60 
f 148//60 146//60 145//60 
f 98//60 99//60 137//60 
f 154//60 145//60 140//60 
f 157//60 143//60 140//60 
f 140//60 159//60 160//60 
f 158//60 161//60 65//60 
f 83//60 84//60 131//60 
f 162//60 62//60 63//60 
f 139//60 95//60 96//60 
f 150//60 156//60 140//60 
f 160//60 163//60 140//60 
f 140//60 164//60 165//60 
f 62//60 166//60 167//60 
f 86//60 87//60 139//60 
f 63//60 64//60 162//60 
f 134//60 111//60 112//60 
f 139//60 94//60 95//60 
f 139//60 92//60 93//60 
f 145//60 168//60 169//60 
f 163//60 151//60 140//60 
f 140//60 170//60 171//60 
f 140//60 172//60 164//60 
f 62//60 162//60 166//60 
f 64//60 65//60 162//60 
f 134//60 113//60 114//60 
f 110//60 111//60 134//60 
f 139//60 91//60 92//60 
f 145//60 173//60 174//60 
f 155//60 168//60 145//60 
f 165//60 170//60 140//60 
f 139//60 87//60 88//60 
f 161//60 162//60 65//60 
f 175//60 134//60 60//60 
f 114//60 115//60 134//60 
f 93//60 94//60 139//60 
f 174//60 176//60 145//60 
f 171//60 159//60 140//60 
f 175//60 167//60 177//60 
f 167//60 175//60 62//60 
f 60//60 61//60 175//60 
f 112//60 113//60 134//60 
f 139//60 89//60 90//60 
f 169//60 173//60 145//60 
f 177//60 140//60 175//60 
f 61//60 62//60 175//60 
f 145//60 178//60 179//60 
f 134//60 116//60 117//60 
f 90//60 91//60 139//60 
f 145//60 180//60 181//60 
f 177//60 172//60 140//60 
f 179//60 153//60 145//60 
f 115//60 116//60 134//60 
f 176//60 180//60 145//60 
f 117//60 60//60 134//60 
f 88//60 89//60 139//60 
f 181//60 178//60 145//60 
o mesh3
f 137//61 182//61 183//61 
f 183//61 139//61 137//61 
o mesh4
f 145//62 184//62 185//62 
f 185//62 140//62 145//62 
o mesh5
f 145//63 139//63 186//63 
f 186//63 187//63 145//63 
f 139//63 183//63 186//63 
f 187//63 184//63 145//63 
o mesh6
f 167//64 188//64 189//65 
f 177//65 189//65 190//66 
f 172//66 190//66 191//67 
f 164//67 191//67 192//68 
f 165//68 192//68 193//69 
f 170//69 193//69 194//70 
f 171//70 194//70 195//71 
f 159//71 195//71 196//72 
f 160//72 196//72 197//73 
f 163//73 197//73 198//74 
f 151//74 198//74 199//75 
f 152//75 199//75 200//76 
f 157//76 200//76 201//77 
f 143//77 201//77 202//78 
f 144//78 202//78 203//79 
f 141//79 203//79 204//80 
f 142//80 204//80 205//81 
f 149//81 205//81 206//82 
f 150//82 206//82 207//83 
f 156//83 207//83 208//84 
f 154//84 208//84 209//85 
f 155//85 209//85 210//86 
f 168//86 210//86 211//87 
f 169//87 211//87 212//88 
f 173//88 212//88 213//89 
f 174//89 213//89 214//90 
f 176//90 214//90 215//91 
f 180//91 215//91 216//92 
f 181//92 216//92 217//93 
f 178//93 217//93 218//94 
f 179//94 218//94 219//95 
f 153//95 219//95 220//96 
f 147//96 220//96 221//97 
f 148//97 221//97 222//98 
f 146//98 222//98 223//99 
f 131//99 223//99 224//100 
f 127//100 224//100 225//101 
f 128//101 225//101 226//102 
f 130//102 226//102 227//103 
f 123//103 227//103 228//104 
f 121//104 228//104 229//105 
f 122//105 229//105 230//106 
f 124//106 230//106 231//107 
f 118//107 231//107 232//108 
f 119//108 232//108 233//109 
f 120//109 233//109 234//110 
f 125//110 234//110 235//111 
f 126//111 235//111 236//112 
f 129//112 236//112 237//113 
f 132//113 237//113 238//114 
f 133//114 238//114 239//115 
f 135//115 239//115 240//116 
f 136//116 240//116 241//117 
f 138//117 241//117 242//118 
f 158//118 242//118 243//119 
f 161//119 243//119 244//120 
f 162//120 244//120 245//121 
f 166//121 245//121 188//64 
f 188//64 167//64 166//121 
f 245//121 166//121 162//120 
f 244//120 162//120 161//119 
f 243//119 161//119 158//118 
f 242//118 158//118 138//117 
f 241//117 138//117 136//116 
f 240//116 136//116 135//115 
f 239//115 135//115 133//114 
f 238//114 133//114 132//113 
f 237//113 132//113 129//112 
f 236//112 129//112 126//111 
f 235//111 126//111 125//110 
f 234//110 125//110 120//109 
f 233//109 120//109 119//108 
f 232//108 119//108 118//107 
f 231//107 118//107 124//106 
f 230//106 124//106 122//105 
f 229//105 122//105 121//104 
f 228//104 121//104 123//103 
f 227//103 123//103 130//102 
f 226//102 130//102 128//101 
f 225//101 128//101 127//100 
f 224//100 127//100 131//99 
f 223//99 131//99 146//98 
f 222//98 146//98 148//97 
f 221//97 148//97 147//96 
f 220//96 147//96 153//95 
f 219//95 153//95 179//94 
f 218//94 179//94 178//93 
f 217//93 178//93 181//92 
f 216//92 181//92 180//91 
f 215//91 180//91 176//90 
f 214//90 176//90 174//89 
f 213//89 174//89 173//88 
f 212//88 173//88 169//87 
f 211//87 169//87 168//86 
f 210//86 168//86 155//85 
f 209//85 155//85 154//84 
f 208//84 154//84 156//83 
f 207//83 156//83 150//82 
f 206//82 150//82 149//81 
f 205//81 149//81 142//80 
f 204//80 142//80 141//79 
f 203//79 141//79 144//78 
f 202//78 144//78 143//77 
f 201//77 143//77 157//76 
f 200//76 157//76 152//75 
f 199//75 152//75 151//74 
f 198//74 151//74 163//73 
f 197//73 163//73 160//72 
f 196//72 160//72 159//71 
f 195//71 159//71 171//70 
f 194//70 171//70 170//69 
f 193//69 170//69 165//68 
f 192//68 165//68 164//67 
f 191//67 164//67 172//66 
f 190//66 172//66 177//65 
f 189//65 177//65 167//64 
o mesh7
f 246//122 216//122 215//122 
f 215//122 214//122 246//122 
f 214//122 213//122 246//122 
f 213//122 212//122 246//122 
f 212//122 211//122 246//122 
f 211//122 210//122 246//122 
f 210//122 209//122 246//122 
f 209//122 208//122 246//122 
f 208//122 207//122 246//122 
f 207//122 206//122 246//122 
f 206//122 205//122 246//122 
f 205//122 204//122 246//122 
f 204//122 203//122 246//122 
f 203//122 202//122 246//122 
f 202//122 201//122 246//122 
f 201//122 200//122 246//122 
f 200//122 199//122 246//122 
f 199//122 198//122 246//122 
f 198//122 197//122 246//122 
f 197//122 196//122 246//122 
f 196//122 195//122 246//122 
f 195//122 194//122 246//122 
f 194//122 193//122 246//122 
f 193//122 192//122 246//122 
f 192//122 191//122 246//122 
f 191//122 190//122 246//122 
f 190//122 189//122 246//122 
f 189//122 188//122 246//122 
f 188//122 245//122 246//122 
f 245//122 244//122 246//122 
f 244//122 243//122 246//122 
f 243//122 242//122 246//122 
f 242//122 241//122 246//122 
f 241//122 240//122 246//122 
f 240//122 239//122 246//122 
f 239//122 238//122 246//122 
f 238//122 237//122 246//122 
f 237//122 236//122 246//122 
f 236//122 235//122 246//122 
f 235//122 234//122 246//122 
f 234//122 233//122 246//122 
f 233//122 232//122 246//122 
f 232//122 231//122 246//122 
f 231//122 230//122 246//122 
f 230//122 229//122 246//122 
f 229//122 228//122 246//122 
f 228//122 227//122 246//122 
f 227//122 226//122 246//122 
f 226//122 225//122 246//122 
f 225//122 224//122 246//122 
f 224//122 223//122 246//122 
f 223//122 222//122 246//122 
f 222//122 221//122 246//122 
f 221//122 220//122 246//122 
f 220//122 219//122 246//122 
f 219//122 218//122 246//122 
f 218//122 217//122 246//122 
f 217//122 216//122 246//122 
o mesh8
f 247//123 175//123 248//123 
f 140//123 185//123 248//123 
f 248//123 175//123 140//123 
f 248//123 249//123 247//123 
o mesh9
f 137//124 134//124 250//124 
f 251//124 252//124 250//124 
f 250//124 134//124 251//124 
f 250//124 182//124 137//124 
o mesh10
f 251//125 247//125 253//125 
f 253//125 254//125 251//125 
f 247//125 249//125 253//125 
f 254//125 252//125 251//125 
o mesh11
f 255//125 248//125 185//125 
f 185//125 184//125 255//125 
f 184//125 187//125 255//125 
o mesh12
f 256//126 253//126 187//126 
f 253//126 255//126 187//126 
f 256//126 257//126 253//126 
f 187//126 258//126 256//126 
o mesh13
f 258//127 187//127 186//127 
f 186//127 259//127 258//127 
o mesh14
f 260//128 259//128 186//128 
f 186//128 261//128 260//128 
f 186//128 262//128 261//128 
o mesh15
f 262//129 186//129 183//129 
f 183//129 182//129 263//129 
f 264//129 263//129 182//129 
f 182//129 250//129 264//129 
f 183//129 263//129 262//129 
o mesh16
f 257//129 265//129 266//129 
f 261//129 267//129 268//129 
f 266//129 269//129 257//129 
f 257//129 270//129 271//129 
f 261//129 272//129 273//129 
f 268//129 274//129 261//129 
f 261//129 275//129 276//129 
f 257//129 277//129 278//129 
f 257//129 279//129 265//129 
f 257//129 280//129 270//129 
f 260//129 261//129 281//129 
f 261//129 282//129 272//129 
f 276//129 267//129 261//129 
f 278//129 283//129 257//129 
f 271//129 279//129 257//129 
f 257//129 284//129 285//129 
f 261//129 286//129 281//129 
f 261//129 287//129 282//129 
f 261//129 288//129 275//129 
f 257//129 289//129 290//129 
f 269//129 277//129 257//129 
f 257//129 291//129 284//129 
f 261//129 292//129 286//129 
f 274//129 287//129 261//129 
f 261//129 293//129 294//129 
f 257//129 295//129 289//129 
f 285//129 280//129 257//129 
f 256//129 296//129 291//129 
f 256//129 297//129 298//129 
f 260//129 299//129 300//129 
f 273//129 292//129 261//129 
f 294//129 301//129 261//129 
f 283//129 295//129 257//129 
f 298//129 296//129 256//129 
f 260//129 302//129 299//129 
f 301//129 288//129 261//129 
f 257//129 303//129 304//129 
f 291//129 257//129 256//129 
f 260//129 305//129 306//129 
f 281//129 302//129 260//129 
f 261//129 257//129 307//129 
f 257//129 308//129 309//129 
f 290//129 303//129 257//129 
f 256//129 310//129 311//129 
f 256//129 312//129 313//129 
f 300//129 305//129 260//129 
f 307//129 314//129 261//129 
f 304//129 308//129 257//129 
f 313//129 310//129 256//129 
f 314//129 293//129 261//129 
f 257//129 315//129 316//129 
f 311//129 297//129 256//129 
f 260//129 317//129 318//129 
f 260//129 319//129 320//129 
f 316//129 307//129 257//129 
f 309//129 321//129 257//129 
f 318//129 256//129 260//129 
f 306//129 319//129 260//129 
f 318//129 312//129 256//129 
f 257//129 322//129 315//129 
f 323//129 257//129 261//129 
f 320//129 317//129 260//129 
f 321//129 322//129 257//129 
f 261//129 324//129 323//129 
o mesh17
f 325//130 254//130 323//130 
f 253//130 257//130 323//130 
f 323//130 254//130 253//130 
f 323//130 326//130 325//130 
o mesh18
f 262//131 263//131 324//131 
f 327//131 328//131 324//131 
f 324//131 263//131 327//131 
f 324//131 261//131 262//131 
o mesh19
f 324//132 328//132 326//132 
f 328//132 329//132 326//132 
f 328//132 330//132 329//132 
f 326//132 323//132 324//132 
o mesh20
f 331//133 329//133 330//133 
f 330//133 332//133 331//133 
o mesh21
f 327//134 325//134 331//134 
f 333//134 331//134 325//134 
f 263//134 254//134 325//134 
f 325//134 334//134 333//134 
f 263//134 264//134 254//134 
f 325//134 327//134 263//134 
f 331//134 332//134 327//134 
o mesh22
f 335//135 334//135 326//135 
f 334//135 325//135 326//135 
f 326//135 336//135 335//135 
o mesh23
f 337//136 338//136 329//136 
f 329//136 333//136 337//136 
f 329//136 331//136 333//136 
o mesh24
f 338//136 337//136 339//137 
f 340//137 339//137 341//138 
f 342//138 341//138 343//139 
f 344//139 343//139 345//140 
f 346//140 345//140 347//141 
f 348//141 347//141 349//142 
f 350//142 349//142 351//143 
f 352//143 351//143 353//144 
f 354//144 353//144 355//145 
f 356//145 355//145 357//146 
f 358//146 357//146 359//147 
f 360//147 359//147 361//148 
f 362//148 361//148 363//149 
f 364//149 363//149 365//150 
f 366//150 365//150 367//151 
f 368//151 367//151 369//152 
f 370//152 369//152 371//153 
f 372//153 371//153 373//154 
f 374//154 373//154 375//155 
f 376//155 375//155 377//156 
f 378//156 377//156 379//157 
f 380//157 379//157 381//158 
f 382//158 381//158 383//159 
f 384//159 383//159 385//160 
f 386//160 385//160 387//161 
f 388//161 387//161 389//162 
f 390//162 389//162 391//163 
f 392//163 391//163 393//164 
f 394//164 393//164 335//165 
f 335//165 336//165 394//164 
f 393//164 394//164 392//163 
f 391//163 392//163 390//162 
f 389//162 390//162 388//161 
f 387//161 388//161 386//160 
f 385//160 386//160 384//159 
f 383//159 384//159 382//158 
f 381//158 382//158 380//157 
f 379//157 380//157 378//156 
f 377//156 378//156 376//155 
f 375//155 376//155 374//154 
f 373//154 374//154 372//153 
f 371//153 372//153 370//152 
f 369//152 370//152 368//151 
f 367//151 368//151 366//150 
f 365//150 366//150 364//149 
f 363//149 364//149 362//148 
f 361//148 362//148 360//147 
f 359//147 360//147 358//146 
f 357//146 358//146 356//145 
f 355//145 356//145 354//144 
f 353//144 354//144 352//143 
f 351//143 352//143 350//142 
f 349//142 350//142 348//141 
f 347//141 348//141 346//140 
f 345//140 346//140 344//139 
f 343//139 344//139 342//138 
f 341//138 342//138 340//137 
f 339//137 340//137 338//136 
o mesh25
f 371//166 395//166 396//166 
f 369//166 397//166 395//166 
f 367//166 398//166 397//166 
f 365//166 399//166 398//166 
f 333//166 334//166 400//166 
f 395//166 371//166 369//166 
f 398//166 367//166 365//166 
f 365//166 363//166 401//166 
f 363//166 361//166 402//166 
f 353//166 351//166 403//166 
f 351//166 349//166 404//166 
f 333//166 405//166 406//166 
f 334//166 407//166 400//166 
f 375//166 408//166 409//166 
f 373//166 396//166 408//166 
f 397//166 369//166 367//166 
f 402//166 401//166 363//166 
f 361//166 359//166 410//166 
f 359//166 357//166 411//166 
f 355//166 353//166 412//166 
f 404//166 403//166 351//166 
f 333//166 413//166 405//166 
f 400//166 414//166 333//166 
f 377//166 409//166 415//166 
f 408//166 375//166 373//166 
f 401//166 399//166 365//166 
f 411//166 410//166 359//166 
f 357//166 355//166 416//166 
f 403//166 412//166 353//166 
f 343//166 341//166 417//166 
f 341//166 339//166 418//166 
f 414//166 413//166 333//166 
f 334//166 419//166 420//166 
f 334//166 421//166 422//166 
f 387//166 423//166 424//166 
f 385//166 425//166 423//166 
f 379//166 415//166 426//166 
f 409//166 377//166 375//166 
f 410//166 402//166 361//166 
f 412//166 416//166 355//166 
f 349//166 347//166 427//166 
f 347//166 345//166 428//166 
f 345//166 343//166 429//166 
f 418//166 417//166 341//166 
f 333//166 430//166 431//166 
f 420//166 407//166 334//166 
f 334//166 432//166 421//166 
f 393//166 433//166 434//166 
f 391//166 435//166 433//166 
f 389//166 424//166 435//166 
f 423//166 387//166 385//166 
f 383//166 436//166 425//166 
f 381//166 426//166 436//166 
f 415//166 379//166 377//166 
f 416//166 411//166 357//166 
f 428//166 427//166 347//166 
f 417//166 429//166 343//166 
f 339//166 337//166 437//166 
f 337//166 438//166 439//166 
f 337//166 333//166 440//166 
f 406//166 430//166 333//166 
f 334//166 441//166 432//166 
f 335//166 442//166 443//166 
f 433//166 393//166 391//166 
f 424//166 389//166 387//166 
f 436//166 383//166 381//166 
f 396//166 373//166 371//166 
f 429//166 428//166 345//166 
f 337//166 444//166 437//166 
f 440//166 438//166 337//166 
f 333//166 445//166 446//166 
f 333//166 447//166 448//166 
f 422//166 419//166 334//166 
f 443//166 334//166 335//166 
f 435//166 391//166 389//166 
f 426//166 381//166 379//166 
f 437//166 418//166 339//166 
f 446//166 440//166 333//166 
f 431//166 447//166 333//166 
f 334//166 449//166 450//166 
f 335//166 451//166 442//166 
f 335//166 434//166 452//166 
f 425//166 385//166 383//166 
f 439//166 444//166 337//166 
f 450//166 441//166 334//166 
f 452//166 451//166 335//166 
f 427//166 404//166 349//166 
f 443//166 449//166 334//166 
f 448//166 445//166 333//166 
f 434//166 335//166 393//166 
o mesh26
f 364//167 453//167 454//167 
f 366//167 455//167 453//167 
f 453//167 364//167 366//167 
f 366//167 368//167 456//167 
f 456//167 455//167 366//167 
f 368//167 370//167 457//167 
f 372//167 458//167 457//167 
f 372//167 374//167 459//167 
f 388//167 460//167 461//167 
f 388//167 390//167 462//167 
f 329//167 463//167 464//167 
f 329//167 465//167 466//167 
f 354//167 467//167 468//167 
f 356//167 469//167 467//167 
f 360//167 470//167 471//167 
f 360//167 362//167 454//167 
f 457//167 456//167 368//167 
f 459//167 458//167 372//167 
f 378//167 380//167 472//167 
f 380//167 382//167 473//167 
f 386//167 461//167 474//167 
f 462//167 460//167 388//167 
f 336//167 326//167 475//167 
f 466//167 463//167 329//167 
f 467//167 354//167 356//167 
f 356//167 358//167 471//167 
f 454//167 470//167 360//167 
f 457//167 370//167 372//167 
f 376//167 476//167 459//167 
f 376//167 378//167 477//167 
f 473//167 472//167 380//167 
f 382//167 384//167 474//167 
f 461//167 386//167 388//167 
f 390//167 392//167 478//167 
f 475//167 479//167 336//167 
f 326//167 480//167 481//167 
f 464//167 326//167 329//167 
f 348//167 482//167 483//167 
f 348//167 350//167 484//167 
f 352//167 468//167 484//167 
f 471//167 469//167 356//167 
f 454//167 362//167 364//167 
f 477//167 476//167 376//167 
f 474//167 473//167 382//167 
f 478//167 462//167 390//167 
f 326//167 485//167 475//167 
f 326//167 486//167 487//167 
f 464//167 480//167 326//167 
f 329//167 488//167 489//167 
f 329//167 490//167 491//167 
f 484//167 482//167 348//167 
f 468//167 352//167 354//167 
f 459//167 374//167 376//167 
f 474//167 384//167 386//167 
f 394//167 492//167 478//167 
f 394//167 336//167 493//167 
f 479//167 494//167 336//167 
f 487//167 495//167 326//167 
f 326//167 496//167 497//167 
f 489//167 465//167 329//167 
f 491//167 498//167 329//167 
f 338//167 499//167 500//167 
f 484//167 350//167 352//167 
f 472//167 477//167 378//167 
f 493//167 492//167 394//167 
f 336//167 501//167 502//167 
f 495//167 485//167 326//167 
f 481//167 496//167 326//167 
f 329//167 503//167 490//167 
f 500//167 329//167 338//167 
f 344//167 504//167 505//167 
f 344//167 346//167 483//167 
f 471//167 358//167 360//167 
f 502//167 493//167 336//167 
f 497//167 486//167 326//167 
f 500//167 503//167 329//167 
f 338//167 506//167 507//167 
f 342//167 505//167 508//167 
f 483//167 504//167 344//167 
f 478//167 392//167 394//167 
f 498//167 488//167 329//167 
f 338//167 509//167 506//167 
f 340//167 508//167 510//167 
f 505//167 342//167 344//167 
f 494//167 501//167 336//167 
f 338//167 510//167 509//167 
f 508//167 340//167 342//167 
f 507//167 499//167 338//167 
f 483//167 346//167 348//167 
f 510//167 338//167 340//167 
o mesh27
f 509//168 510//169 511//169 
f 506//170 509//168 512//171 
f 507//172 506//170 513//173 
f 499//174 507//172 514//175 
f 500//176 499//174 515//177 
f 503//178 500//176 516//179 
f 490//180 503//178 517//181 
f 491//182 490//180 518//183 
f 498//184 491//182 519//185 
f 488//186 498//184 520//187 
f 489//188 488//186 521//189 
f 465//190 489//188 522//191 
f 466//192 465//190 523//193 
f 463//194 466//192 524//195 
f 464//196 463//194 525//197 
f 480//198 464//196 526//199 
f 481//200 480//198 527//201 
f 496//202 481//200 528//203 
f 497//204 496//202 529//205 
f 486//206 497//204 530//207 
f 487//208 486//206 531//209 
f 495//210 487//208 532//211 
f 485//212 495//210 533//213 
f 475//214 485//212 534//215 
f 479//216 475//214 535//217 
f 494//218 479//216 536//219 
f 501//220 494//218 537//221 
f 502//222 501//220 538//223 
f 493//224 502//222 539//225 
f 492//226 493//224 540//227 
f 478//228 492//226 541//229 
f 462//230 478//228 542//231 
f 460//232 462//230 543//233 
f 461//234 460//232 544//235 
f 474//236 461//234 545//237 
f 473//238 474//236 546//239 
f 472//240 473//238 547//241 
f 477//242 472//240 548//243 
f 476//244 477//242 549//245 
f 459//246 476//244 550//247 
f 458//248 459//246 551//249 
f 457//250 458//248 552//251 
f 456//252 457//250 553//253 
f 455//254 456//252 554//255 
f 453//256 455//254 555//257 
f 454//258 453//256 556//259 
f 470//260 454//258 557//261 
f 471//262 470//260 558//263 
f 469//264 471//262 559//265 
f 467//266 469//264 560//267 
f 468//268 467//266 561//269 
f 484//270 468//268 562//271 
f 482//272 484//270 563//273 
f 483//274 482//272 564//275 
f 504//276 483//274 565//277 
f 505//278 504//276 566//279 
f 508//280 505//278 567//281 
f 510//169 508//280 568//280 
f 568//280 511//169 510//169 
f 567//281 568//280 508//280 
f 566//279 567//281 505//278 
f 565//277 566//279 504//276 
f 564//275 565//277 483//274 
f 563//273 564//275 482//272 
f 562//271 563//273 484//270 
f 561//269 562//271 468//268 
f 560//267 561//269 467//266 
f 559//265 560//267 469//264 
f 558//263 559//265 471//262 
f 557//261 558//263 470//260 
f 556//259 557//261 454//258 
f 555//257 556//259 453//256 
f 554//255 555//257 455//254 
f 553//253 554//255 456//252 
f 552//251 553//253 457//250 
f 551//249 552//251 458//248 
f 550//247 551//249 459//246 
f 549//245 550//247 476//244 
f 548//243 549//245 477//242 
f 547//241 548//243 472//240 
f 546//239 547//241 473//238 
f 545//237 546//239 474//236 
f 544//235 545//237 461//234 
f 543//233 544//235 460//232 
f 542//231 543//233 462//230 
f 541//229 542//231 478//228 
f 540//227 541//229 492//226 
f 539//225 540//227 493//224 
f 538//223 539//225 502//222 
f 537//221 538//223 501//220 
f 536//219 537//221 494//218 
f 535//217 536//219 479//216 
f 534//215 535//217 475//214 
f 533//213 534//215 485//212 
f 532//211 533//213 495//210 
f 531//209 532//211 487//208 
f 530//207 531//209 486//206 
f 529//205 530//207 497//204 
f 528//203 529//205 496//202 
f 527//201 528//203 481//200 
f 526//199 527//201 480//198 
f 525//197 526//199 464//196 
f 524//195 525//197 463//194 
f 523//193 524//195 466//192 
f 522//191 523//193 465//190 
f 521//189 522//191 489//188 
f 520//187 521//189 488//186 
f 519//185 520//187 498//184 
f 518//183 519//185 491//182 
f 517//181 518//183 490//180 
f 516//179 517//181 503//178 
f 515//177 516//179 500//176 
f 514//175 515//177 499//174 
f 513//173 514//175 507//172 
f 512//171 513//173 506//170 
f 511//169 512//171 509//168 
o mesh28
f 569//282 539//282 538//282 
f 538//282 537//282 569//282 
f 537//282 536//282 569//282 
f 536//282 535//282 569//282 
f 535//282 534//282 569//282 
f 534//282 533//282 569//282 
f 533//282 532//282 569//282 
f 532//282 531//282 569//282 
f 531//282 530//282 569//282 
f 530//282 529//282 569//282 
f 529//282 528//282 569//282 
f 528//282 527//282 569//282 
f 527//282 526//282 569//282 
f 526//282 525//282 569//282 
f 525//282 524//282 569//282 
f 524//282 523//282 569//282 
f 523//282 522//282 569//282 
f 522//282 521//282 569//282 
f 521//282 520//282 569//282 
f 520//282 519//282 569//282 
f 519//282 518//282 569//282 
f 518//282 517//282 569//282 
f 517//282 516//282 569//282 
f 516//282 515//282 569//282 
f 515//282 514//282 569//282 
f 514//282 513//282 569//282 
f 513//282 512//282 569//282 
f 512//282 511//282 569//282 
f 511//282 568//282 569//282 
f 568//282 567//282 569//282 
f 567//282 566//282 569//282 
f 566//282 565//282 569//282 
f 565//282 564//282 569//282 
f 564//282 563//282 569//282 
f 563//282 562//282 569//282 
f 562//282 561//282 569//282 
f 561//282 560//282 569//282 
f 560//282 559//282 569//282 
f 559//282 558//282 569//282 
f 558//282 557//282 569//282 
f 557//282 556//282 569//282 
f 556//282 555//282 569//282 
f 555//282 554//282 569//282 
f 554//282 553//282 569//282 
f 553//282 552//282 569//282 
f 552//282 551//282 569//282 
f 551//282 550//282 569//282 
f 550//282 549//282 569//282 
f 549//282 548//282 569//282 
f 548//282 547//282 569//282 
f 547//282 546//282 569//282 
f 546//282 545//282 569//282 
f 545//282 544//282 569//282 
f 544//282 543//282 569//282 
f 543//282 542//282 569//282 
f 542//282 541//282 569//282 
f 541//282 540//282 569//282 
f 540//282 539//282 569//282 
o mesh29
f 437//283 570//283 571//284 
f 418//284 571//284 572//285 
f 417//285 572//285 573//286 
f 429//286 573//286 574//287 
f 428//287 574//287 575//288 
f 427//288 575//288 576//289 
f 404//289 576//289 577//290 
f 403//290 577//290 578//291 
f 412//291 578//291 579//292 
f 416//292 579//292 580//293 
f 411//293 580//293 581//294 
f 410//294 581//294 582//295 
f 402//295 582//295 583//296 
f 401//296 583//296 584//297 
f 399//297 584//297 585//298 
f 398//298 585//298 586//299 
f 397//299 586//299 587//300 
f 395//300 587//300 588//301 
f 396//301 588//301 589//302 
f 408//302 589//302 590//303 
f 409//303 590//303 591//304 
f 415//304 591//304 592//305 
f 426//305 592//305 593//306 
f 436//306 593//306 594//307 
f 425//307 594//307 595//308 
f 423//308 595//308 596//309 
f 424//309 596//309 597//310 
f 435//310 597//310 598//311 
f 433//311 598//311 599//312 
f 434//312 599//312 600//313 
f 452//313 600//313 601//314 
f 451//314 601//314 602//315 
f 442//315 602//315 603//316 
f 443//316 603//316 604//317 
f 449//317 604//317 605//318 
f 450//318 605//318 606//319 
f 441//319 606//319 607//320 
f 432//320 607//320 608//321 
f 421//321 608//321 609//322 
f 422//322 609//322 610//323 
f 419//323 610//323 611//324 
f 420//324 611//324 612//325 
f 407//325 612//325 613//326 
f 400//326 613//326 614//327 
f 414//327 614//327 615//328 
f 413//328 615//328 616//329 
f 405//329 616//329 617//330 
f 406//330 617//330 618//331 
f 430//331 618//331 619//332 
f 431//332 619//332 620//333 
f 447//333 620//333 621//334 
f 448//334 621//334 622//335 
f 445//335 622//335 623//336 
f 446//336 623//336 624//337 
f 440//337 624//337 625//338 
f 438//338 625//338 626//339 
f 439//339 626//339 627//340 
f 444//340 627//340 570//283 
f 570//283 437//283 444//340 
f 627//340 444//340 439//339 
f 626//339 439//339 438//338 
f 625//338 438//338 440//337 
f 624//337 440//337 446//336 
f 623//336 446//336 445//335 
f 622//335 445//335 448//334 
f 621//334 448//334 447//333 
f 620//333 447//333 431//332 
f 619//332 431//332 430//331 
f 618//331 430//331 406//330 
f 617//330 406//330 405//329 
f 616//329 405//329 413//328 
f 615//328 413//328 414//327 
f 614//327 414//327 400//326 
f 613//326 400//326 407//325 
f 612//325 407//325 420//324 
f 611//324 420//324 419//323 
f 610//323 419//323 422//322 
f 609//322 422//322 421//321 
f 608//321 421//321 432//320 
f 607//320 432//320 441//319 
f 606//319 441//319 450//318 
f 605//318 450//318 449//317 
f 604//317 449//317 443//316 
f 603//316 443//316 442//315 
f 602//315 442//315 451//314 
f 601//314 451//314 452//313 
f 600//313 452//313 434//312 
f 599//312 434//312 433//311 
f 598//311 433//311 435//310 
f 597//310 435//310 424//309 
f 596//309 424//309 423//308 
f 595//308 423//308 425//307 
f 594//307 425//307 436//306 
f 593//306 436//306 426//305 
f 592//305 426//305 415//304 
f 591//304 415//304 409//303 
f 590//303 409//303 408//302 
f 589//302 408//302 396//301 
f 588//301 396//301 395//300 
f 587//300 395//300 397//299 
f 586//299 397//299 398//298 
f 585//298 398//298 399//297 
f 584//297 399//297 401//296 
f 583//296 401//296 402//295 
f 582//295 402//295 410//294 
f 581//294 410//294 411//293 
f 580//293 411//293 416//292 
f 579//292 416//292 412//291 
f 578//291 412//291 403//290 
f 577//290 403//290 404//289 
f 576//289 404//289 427//288 
f 575//288 427//288 428//287 
f 574//287 428//287 429//286 
f 573//286 429//286 417//285 
f 572//285 417//285 418//284 
f 571//284 418//284 437//283 
o mesh30
f 628//341 629//341 630//341 
f 630//341 631//341 628//341 
f 632//341 633//341 634//341 
f 633//341 635//341 636//341 
f 631//341 637//341 628//341 
f 632//341 638//341 639//341 
f 634//341 640//341 632//341 
f 636//341 641//341 633//341 
f 633//341 632//341 642//341 
f 632//341 643//341 630//341 
f 640//341 638//341 632//341 
f 631//341 644//341 645//341 
f 642//341 635//341 633//341 
f 639//341 643//341 632//341 
f 631//341 646//341 647//341 
f 645//341 648//341 631//341 
f 629//341 632//341 630//341 
f 648//341 646//341 631//341 
f 644//341 631//341 649//341 
f 647//341 637//341 631//341 
f 650//341 651//341 652//341 
f 653//341 654//341 655//341 
f 651//341 650//341 656//341 
f 641//341 650//341 633//341 
f 652//341 657//341 650//341 
f 653//341 658//341 659//341 
f 655//341 660//341 653//341 
f 656//341 661//341 651//341 
f 657//341 633//341 650//341 
f 662//341 653//341 663//341 
f 659//341 664//341 653//341 
f 653//341 662//341 654//341 
f 649//341 662//341 644//341 
f 663//341 665//341 662//341 
f 653//341 666//341 667//341 
f 660//341 658//341 653//341 
f 665//341 644//341 662//341 
f 667//341 248//341 653//341 
f 661//341 668//341 651//341 
f 668//341 249//341 669//341 
f 255//341 670//341 671//341 
f 249//341 672//341 673//341 
f 249//341 248//341 674//341 
f 664//341 666//341 653//341 
f 669//341 675//341 668//341 
f 671//341 676//341 255//341 
f 673//341 677//341 249//341 
f 249//341 678//341 679//341 
f 674//341 680//341 249//341 
f 248//341 681//341 682//341 
f 248//341 683//341 684//341 
f 248//341 685//341 686//341 
f 249//341 668//341 687//341 
f 675//341 651//341 668//341 
f 255//341 688//341 689//341 
f 255//341 690//341 670//341 
f 255//341 691//341 692//341 
f 255//341 693//341 694//341 
f 679//341 672//341 249//341 
f 248//341 695//341 674//341 
f 248//341 696//341 697//341 
f 248//341 698//341 681//341 
f 686//341 683//341 248//341 
f 248//341 699//341 700//341 
f 667//341 699//341 248//341 
f 248//341 701//341 702//341 
f 255//341 703//341 704//341 
f 676//341 688//341 255//341 
f 694//341 691//341 255//341 
f 255//341 705//341 706//341 
f 255//341 707//341 708//341 
f 249//341 709//341 710//341 
f 680//341 678//341 249//341 
f 682//341 696//341 248//341 
f 700//341 685//341 248//341 
f 702//341 653//341 248//341 
f 249//341 711//341 712//341 
f 255//341 713//341 703//341 
f 692//341 690//341 255//341 
f 255//341 714//341 705//341 
f 708//341 715//341 255//341 
f 249//341 716//341 709//341 
f 697//341 695//341 248//341 
f 248//341 717//341 718//341 
f 249//341 719//341 720//341 
f 687//341 719//341 249//341 
f 249//341 721//341 711//341 
f 248//341 722//341 723//341 
f 248//341 724//341 725//341 
f 255//341 726//341 727//341 
f 689//341 713//341 255//341 
f 715//341 714//341 255//341 
f 677//341 716//341 249//341 
f 718//341 728//341 248//341 
f 720//341 729//341 249//341 
f 712//341 669//341 249//341 
f 725//341 722//341 248//341 
f 727//341 248//341 255//341 
f 255//341 730//341 731//341 
f 706//341 693//341 255//341 
f 253//341 732//341 733//341 
f 249//341 734//341 735//341 
f 728//341 698//341 248//341 
f 684//341 736//341 248//341 
f 727//341 724//341 248//341 
f 704//341 730//341 255//341 
f 733//341 255//341 253//341 
f 249//341 737//341 738//341 
f 710//341 734//341 249//341 
f 248//341 736//341 739//341 
f 723//341 701//341 248//341 
f 733//341 707//341 255//341 
f 253//341 740//341 741//341 
f 249//341 742//341 740//341 
f 738//341 743//341 249//341 
f 739//341 717//341 248//341 
f 731//341 726//341 255//341 
f 740//341 253//341 249//341 
f 735//341 737//341 249//341 
f 741//341 732//341 253//341 
f 729//341 742//341 249//341 
f 743//341 721//341 249//341 
o mesh31
f 711//342 721//343 744//343 
f 712//344 711//342 745//345 
f 669//346 712//344 746//347 
f 675//348 669//346 747//349 
f 651//350 675//348 748//351 
f 652//352 651//350 749//353 
f 657//354 652//352 750//355 
f 633//356 657//354 751//357 
f 634//358 633//356 752//359 
f 640//360 634//358 753//361 
f 638//362 640//360 754//363 
f 639//364 638//362 755//365 
f 643//366 639//364 756//367 
f 630//368 643//366 757//369 
f 631//370 630//368 758//371 
f 649//372 631//370 759//373 
f 662//374 649//372 760//375 
f 654//376 662//374 761//377 
f 655//378 654//376 762//379 
f 660//380 655//378 763//381 
f 658//382 660//380 764//383 
f 659//384 658//382 765//385 
f 664//386 659//384 766//387 
f 666//388 664//386 767//389 
f 667//390 666//388 768//391 
f 699//392 667//390 769//393 
f 700//394 699//392 770//395 
f 685//396 700//394 771//397 
f 686//398 685//396 772//399 
f 683//400 686//398 773//401 
f 684//402 683//400 774//403 
f 736//404 684//402 775//405 
f 739//406 736//404 776//407 
f 717//408 739//406 777//409 
f 718//410 717//408 778//411 
f 728//412 718//410 779//413 
f 698//414 728//412 780//415 
f 681//416 698//414 781//417 
f 682//418 681//416 782//419 
f 696//420 682//418 783//421 
f 697//422 696//420 784//423 
f 695//424 697//422 785//425 
f 674//426 695//424 786//427 
f 680//428 674//426 787//429 
f 678//430 680//428 788//431 
f 679//432 678//430 789//433 
f 672//434 679//432 790//435 
f 673//436 672//434 791//437 
f 677//438 673//436 792//439 
f 716//440 677//438 793//441 
f 709//442 716//440 794//443 
f 710//444 709//442 795//445 
f 734//446 710//444 796//447 
f 735//448 734//446 797//449 
f 737//450 735//448 798//451 
f 738//452 737//450 799//453 
f 743//454 738//452 800//455 
f 721//343 743//454 801//454 
f 801//454 744//343 721//343 
f 800//455 801//454 743//454 
f 799//453 800//455 738//452 
f 798//451 799//453 737//450 
f 797//449 798//451 735//448 
f 796//447 797//449 734//446 
f 795//445 796//447 710//444 
f 794//443 795//445 709//442 
f 793//441 794//443 716//440 
f 792//439 793//441 677//438 
f 791//437 792//439 673//436 
f 790//435 791//437 672//434 
f 789//433 790//435 679//432 
f 788//431 789//433 678//430 
f 787//429 788//431 680//428 
f 786//427 787//429 674//426 
f 785//425 786//427 695//424 
f 784//423 785//425 697//422 
f 783//421 784//423 696//420 
f 782//419 783//421 682//418 
f 781//417 782//419 681//416 
f 780//415 781//417 698//414 
f 779//413 780//415 728//412 
f 778//411 779//413 718//410 
f 777//409 778//411 717//408 
f 776//407 777//409 739//406 
f 775//405 776//407 736//404 
f 774//403 775//405 684//402 
f 773//401 774//403 683//400 
f 772//399 773//401 686//398 
f 771//397 772//399 685//396 
f 770//395 771//397 700//394 
f 769//393 770//395 699//392 
f 768//391 769//393 667//390 
f 767//389 768//391 666//388 
f 766//387 767//389 664//386 
f 765//385 766//387 659//384 
f 764//383 765//385 658//382 
f 763//381 764//383 660//380 
f 762//379 763//381 655//378 
f 761//377 762//379 654//376 
f 760//375 761//377 662//374 
f 759//373 760//375 649//372 
f 758//371 759//373 631//370 
f 757//369 758//371 630//368 
f 756//367 757//369 643//366 
f 755//365 756//367 639//364 
f 754//363 755//365 638//362 
f 753//361 754//363 640//360 
f 752//359 753//361 634//358 
f 751//357 752//359 633//356 
f 750//355 751//357 657//354 
f 749//353 750//355 652//352 
f 748//351 749//353 651//350 
f 747//349 748//351 675//348 
f 746//347 747//349 669//346 
f 745//345 746//347 712//344 
f 744//343 745//345 711//342 
o mesh32
f 802//456 772//456 771//456 
f 771//456 770//456 802//456 
f 770//456 769//456 802//456 
f 769//456 768//456 802//456 
f 768//456 767//456 802//456 
f 767//456 766//456 802//456 
f 766//456 765//456 802//456 
f 765//456 764//456 802//456 
f 764//456 763//456 802//456 
f 763//456 762//456 802//456 
f 762//456 761//456 802//456 
f 761//456 760//456 802//456 
f 760//456 759//456 802//456 
f 759//456 758//456 802//456 
f 758//456 757//456 802//456 
f 757//456 756//456 802//456 
f 756//456 755//456 802//456 
f 755//456 754//456 802//456 
f 754//456 753//456 802//456 
f 753//456 752//456 802//456 
f 752//456 751//456 802//456 
f 751//456 750//456 802//456 
f 750//456 749//456 802//456 
f 749//456 748//456 802//456 
f 748//456 747//456 802//456 
f 747//456 746//456 802//456 
f 746//456 745//456 802//456 
f 745//456 744//456 802//456 
f 744//456 801//456 802//456 
f 801//456 800//456 802//456 
f 800//456 799//456 802//456 
f 799//456 798//456 802//456 
f 798//456 797//456 802//456 
f 797//456 796//456 802//456 
f 796//456 795//456 802//456 
f 795//456 794//456 802//456 
f 794//456 793//456 802//456 
f 793//456 792//456 802//456 
f 792//456 791//456 802//456 
f 791//456 790//456 802//456 
f 790//456 789//456 802//456 
f 789//456 788//456 802//456 
f 788//456 787//456 802//456 
f 787//456 786//456 802//456 
f 786//456 785//456 802//456 
f 785//456 784//456 802//456 
f 784//456 783//456 802//456 
f 783//456 782//456 802//456 
f 782//456 781//456 802//456 
f 781//456 780//456 802//456 
f 780//456 779//456 802//456 
f 779//456 778//456 802//456 
f 778//456 777//456 802//456 
f 777//456 776//456 802//456 
f 776//456 775//456 802//456 
f 775//456 774//456 802//456 
f 774//456 773//456 802//456 
f 773//456 772//456 802//456 
o mesh33
f 740//457 742//458 803//458 
f 741//459 740//457 804//460 
f 732//461 741//459 805//462 
f 733//463 732//461 806//464 
f 707//465 733//463 807//466 
f 708//467 707//465 808//468 
f 715//469 708//467 809//470 
f 714//471 715//469 810//472 
f 705//473 714//471 811//474 
f 706//475 705//473 812//476 
f 693//477 706//475 813//478 
f 694//479 693//477 814//480 
f 691//481 694//479 815//482 
f 692//483 691//481 816//484 
f 690//485 692//483 817//486 
f 670//487 690//485 818//488 
f 671//489 670//487 819//490 
f 676//491 671//489 820//492 
f 688//493 676//491 821//494 
f 689//495 688//493 822//496 
f 713//497 689//495 823//498 
f 703//499 713//497 824//500 
f 704//501 703//499 825//502 
f 730//503 704//501 826//504 
f 731//505 730//503 827//506 
f 726//507 731//505 828//508 
f 727//509 726//507 829//510 
f 724//511 727//509 830//512 
f 725//513 724//511 831//514 
f 722//515 725//513 832//516 
f 723//517 722//515 833//518 
f 701//519 723//517 834//520 
f 702//521 701//519 835//522 
f 653//523 702//521 836//524 
f 663//525 653//523 837//526 
f 665//527 663//525 838//528 
f 644//529 665//527 839//530 
f 645//531 644//529 840//532 
f 648//533 645//531 841//534 
f 646//535 648//533 842//536 
f 647//537 646//535 843//538 
f 637//539 647//537 844//540 
f 628//541 637//539 845//542 
f 629//543 628//541 846//544 
f 632//545 629//543 847//546 
f 642//547 632//545 848//548 
f 635//549 642//547 849//550 
f 636//551 635//549 850//552 
f 641//553 636//551 851//554 
f 650//555 641//553 852//556 
f 656//557 650//555 853//558 
f 661//559 656//557 854//560 
f 668//561 661//559 855//562 
f 687//563 668//561 856//564 
f 719//565 687//563 857//566 
f 720//567 719//565 858//568 
f 729//569 720//567 859//570 
f 742//458 729//569 860//569 
f 860//569 803//458 742//458 
f 859//570 860//569 729//569 
f 858//568 859//570 720//567 
f 857//566 858//568 719//565 
f 856//564 857//566 687//563 
f 855//562 856//564 668//561 
f 854//560 855//562 661//559 
f 853//558 854//560 656//557 
f 852//556 853//558 650//555 
f 851//554 852//556 641//553 
f 850//552 851//554 636//551 
f 849//550 850//552 635//549 
f 848//548 849//550 642//547 
f 847//546 848//548 632//545 
f 846//544 847//546 629//543 
f 845//542 846//544 628//541 
f 844//540 845//542 637//539 
f 843//538 844//540 647//537 
f 842//536 843//538 646//535 
f 841//534 842//536 648//533 
f 840//532 841//534 645//531 
f 839//530 840//532 644//529 
f 838//528 839//530 665//527 
f 837//526 838//528 663//525 
f 836//524 837//526 653//523 
f 835//522 836//524 702//521 
f 834//520 835//522 701//519 
f 833//518 834//520 723//517 
f 832//516 833//518 722//515 
f 831//514 832//516 725//513 
f 830//512 831//514 724//511 
f 829//510 830//512 727//509 
f 828//508 829//510 726//507 
f 827//506 828//508 731//505 
f 826//504 827//506 730//503 
f 825//502 826//504 704//501 
f 824//500 825//502 703//499 
f 823//498 824//500 713//497 
f 822//496 823//498 689//495 
f 821//494 822//496 688//493 
f 820//492 821//494 676//491 
f 819//490 820//492 671//489 
f 818//488 819//490 670//487 
f 817//486 818//488 690//485 
f 816//484 817//486 692//483 
f 815//482 816//484 691//481 
f 814//480 815//482 694//479 
f 813//478 814//480 693//477 
f 812//476 813//478 706//475 
f 811//474 812//476 705//473 
f 810//472 811//474 714//471 
f 809//470 810//472 715//469 
f 808//468 809//470 708//467 
f 807//466 808//468 707//465 
f 806//464 807//466 733//463 
f 805//462 806//464 732//461 
f 804//460 805//462 741//459 
f 803//458 804//460 740//457 
o mesh34
f 861//571 831//571 830//571 
f 830//571 829//571 861//571 
f 829//571 828//571 861//571 
f 828//571 827//571 861//571 
f 827//571 826//571 861//571 
f 826//571 825//571 861//571 
f 825//571 824//571 861//571 
f 824//571 823//571 861//571 
f 823//571 822//571 861//571 
f 822//571 821//571 861//571 
f 821//571 820//571 861//571 
f 820//571 819//571 861//571 
f 819//571 818//571 861//571 
f 818//571 817//571 861//571 
f 817//571 816//571 861//571 
f 816//571 815//571 861//571 
f 815//571 814//571 861//571 
f 814//571 813//571 861//571 
f 813//571 812//571 861//571 
f 812//571 811//571 861//571 
f 811//571 810//571 861//571 
f 810//571 809//571 861//571 
f 809//571 808//571 861//571 
f 808//571 807//571 861//571 
f 807//571 806//571 861//571 
f 806//571 805//571 861//571 
f 805//571 804//571 861//571 
f 804//571 803//571 861//571 
f 803//571 860//571 861//571 
f 860//571 859//571 861//571 
f 859//571 858//571 861//571 
f 858//571 857//571 861//571 
f 857//571 856//571 861//571 
f 856//571 855//571 861//571 
f 855//571 854//571 861//571 
f 854//571 853//571 861//571 
f 853//571 852//571 861//571 
f 852//571 851//571 861//571 
f 851//571 850//571 861//571 
f 850//571 849//571 861//571 
f 849//571 848//571 861//571 
f 848//571 847//571 861//571 
f 847//571 846//571 861//571 
f 846//571 845//571 861//571 
f 845//571 844//571 861//571 
f 844//571 843//571 861//571 
f 843//571 842//571 861//571 
f 842//571 841//571 861//571 
f 841//571 840//571 861//571 
f 840//571 839//571 861//571 
f 839//571 838//571 861//571 
f 838//571 837//571 861//571 
f 837//571 836//571 861//571 
f 836//571 835//571 861//571 
f 835//571 834//571 861//571 
f 834//571 833//571 861//571 
f 833//571 832//571 861//571 
f 832//571 831//571 861//571 
o mesh35
f 254//571 862//571 863//571 
f 254//571 864//571 865//571 
f 865//571 862//571 254//571 
f 254//571 866//571 867//571 
f 863//571 868//571 869//571 
f 863//571 870//571 254//571 
f 254//571 871//571 866//571 
f 254//571 872//571 873//571 
f 254//571 874//571 875//571 
f 863//571 876//571 877//571 
f 870//571 878//571 254//571 
f 867//571 879//571 254//571 
f 873//571 880//571 254//571 
f 254//571 881//571 874//571 
f 252//571 882//571 883//571 
f 869//571 870//571 863//571 
f 254//571 884//571 885//571 
f 880//571 871//571 254//571 
f 875//571 886//571 254//571 
f 254//571 887//571 888//571 
f 250//571 889//571 890//571 
f 252//571 891//571 892//571 
f 252//571 893//571 894//571 
f 252//571 895//571 882//571 
f 877//571 868//571 863//571 
f 254//571 896//571 884//571 
f 886//571 872//571 254//571 
f 254//571 897//571 898//571 
f 888//571 899//571 254//571 
f 890//571 900//571 250//571 
f 250//571 901//571 902//571 
f 250//571 903//571 904//571 
f 250//571 905//571 906//571 
f 252//571 907//571 891//571 
f 883//571 893//571 252//571 
f 252//571 254//571 908//571 
f 863//571 909//571 876//571 
f 879//571 896//571 254//571 
f 899//571 897//571 254//571 
f 902//571 889//571 250//571 
f 904//571 910//571 250//571 
f 250//571 911//571 912//571 
f 250//571 913//571 914//571 
f 915//571 863//571 916//571 
f 916//571 917//571 918//571 
f 250//571 919//571 920//571 
f 906//571 921//571 250//571 
f 250//571 892//571 922//571 
f 894//571 907//571 252//571 
f 252//571 923//571 924//571 
f 908//571 925//571 252//571 
f 254//571 878//571 926//571 
f 863//571 927//571 909//571 
f 254//571 928//571 929//571 
f 898//571 881//571 254//571 
f 264//571 930//571 931//571 
f 250//571 932//571 933//571 
f 910//571 901//571 250//571 
f 914//571 911//571 250//571 
f 250//571 934//571 935//571 
f 916//571 936//571 937//571 
f 916//571 938//571 939//571 
f 918//571 940//571 916//571 
f 250//571 941//571 919//571 
f 250//571 942//571 905//571 
f 892//571 250//571 252//571 
f 924//571 943//571 252//571 
f 925//571 944//571 252//571 
f 863//571 915//571 927//571 
f 885//571 928//571 254//571 
f 931//571 254//571 264//571 
f 264//571 945//571 946//571 
f 264//571 947//571 948//571 
f 250//571 949//571 947//571 
f 933//571 950//571 250//571 
f 912//571 903//571 250//571 
f 935//571 951//571 250//571 
f 916//571 952//571 936//571 
f 940//571 938//571 916//571 
f 916//571 953//571 954//571 
f 921//571 941//571 250//571 
f 943//571 895//571 252//571 
f 926//571 908//571 254//571 
f 931//571 887//571 254//571 
f 948//571 945//571 264//571 
f 250//571 955//571 949//571 
f 250//571 956//571 957//571 
f 900//571 932//571 250//571 
f 951//571 958//571 250//571 
f 250//571 959//571 960//571 
f 939//571 952//571 916//571 
f 954//571 961//571 916//571 
f 250//571 962//571 963//571 
f 250//571 964//571 965//571 
f 250//571 966//571 967//571 
f 922//571 942//571 250//571 
f 929//571 864//571 254//571 
f 947//571 264//571 250//571 
f 950//571 956//571 250//571 
f 960//571 934//571 250//571 
f 953//571 916//571 968//571 
f 961//571 917//571 916//571 
f 250//571 969//571 970//571 
f 965//571 962//571 250//571 
f 250//571 971//571 972//571 
f 920//571 966//571 250//571 
f 252//571 973//571 974//571 
f 946//571 930//571 264//571 
f 958//571 913//571 250//571 
f 916//571 937//571 915//571 
f 970//571 959//571 250//571 
f 972//571 964//571 250//571 
f 974//571 923//571 252//571 
f 252//571 975//571 976//571 
f 957//571 955//571 250//571 
f 970//571 953//571 959//571 
f 967//571 971//571 250//571 
f 252//571 977//571 975//571 
f 968//571 959//571 953//571 
f 976//571 973//571 252//571 
f 963//571 969//571 250//571 
f 944//571 977//571 252//571 
o mesh36
f 975//572 977//573 978//573 
f 976//574 975//572 979//575 
f 973//576 976//574 980//577 
f 974//578 973//576 981//579 
f 923//580 974//578 982//581 
f 924//582 923//580 983//583 
f 943//584 924//582 984//585 
f 895//586 943//584 985//587 
f 882//588 895//586 986//589 
f 883//590 882//588 987//591 
f 893//592 883//590 988//593 
f 894//594 893//592 989//595 
f 907//596 894//594 990//597 
f 891//598 907//596 991//599 
f 892//600 891//598 992//601 
f 922//602 892//600 993//603 
f 942//604 922//602 994//605 
f 905//606 942//604 995//607 
f 906//608 905//606 996//609 
f 921//610 906//608 997//611 
f 941//612 921//610 998//613 
f 919//614 941//612 999//615 
f 920//616 919//614 1000//617 
f 966//618 920//616 1001//619 
f 967//620 966//618 1002//621 
f 971//622 967//620 1003//623 
f 972//624 971//622 1004//625 
f 964//626 972//624 1005//627 
f 965//628 964//626 1006//629 
f 962//630 965//628 1007//631 
f 963//632 962//630 1008//633 
f 969//634 963//632 1009//635 
f 970//636 969//634 1010//637 
f 953//638 970//636 1011//639 
f 954//640 953//638 1012//641 
f 961//642 954//640 1013//643 
f 917//644 961//642 1014//645 
f 918//646 917//644 1015//647 
f 940//648 918//646 1016//649 
f 938//650 940//648 1017//651 
f 939//652 938//650 1018//653 
f 952//654 939//652 1019//655 
f 936//656 952//654 1020//657 
f 937//658 936//656 1021//659 
f 915//660 937//658 1022//661 
f 927//662 915//660 1023//663 
f 909//664 927//662 1024//665 
f 876//666 909//664 1025//667 
f 877//668 876//666 1026//669 
f 868//670 877//668 1027//671 
f 869//672 868//670 1028//673 
f 870//674 869//672 1029//675 
f 878//676 870//674 1030//677 
f 926//678 878//676 1031//679 
f 908//680 926//678 1032//681 
f 925//682 908//680 1033//683 
f 944//684 925//682 1034//685 
f 977//573 944//684 1035//684 
f 1035//684 978//573 977//573 
f 1034//685 1035//684 944//684 
f 1033//683 1034//685 925//682 
f 1032//681 1033//683 908//680 
f 1031//679 1032//681 926//678 
f 1030//677 1031//679 878//676 
f 1029//675 1030//677 870//674 
f 1028//673 1029//675 869//672 
f 1027//671 1028//673 868//670 
f 1026//669 1027//671 877//668 
f 1025//667 1026//669 876//666 
f 1024//665 1025//667 909//664 
f 1023//663 1024//665 927//662 
f 1022//661 1023//663 915//660 
f 1021//659 1022//661 937//658 
f 1020//657 1021//659 936//656 
f 1019//655 1020//657 952//654 
f 1018//653 1019//655 939//652 
f 1017//651 1018//653 938//650 
f 1016//649 1017//651 940//648 
f 1015//647 1016//649 918//646 
f 1014//645 1015//647 917//644 
f 1013//643 1014//645 961//642 
f 1012//641 1013//643 954//640 
f 1011//639 1012//641 953//638 
f 1010//637 1011//639 970//636 
f 1009//635 1010//637 969//634 
f 1008//633 1009//635 963//632 
f 1007//631 1008//633 962//630 
f 1006//629 1007//631 965//628 
f 1005//627 1006//629 964//626 
f 1004//625 1005//627 972//624 
f 1003//623 1004//625 971//622 
f 1002//621 1003//623 967//620 
f 1001//619 1002//621 966//618 
f 1000//617 1001//619 920//616 
f 999//615 1000//617 919//614 
f 998//613 999//615 941//612 
f 997//611 998//613 921//610 
f 996//609 997//611 906//608 
f 995//607 996//609 905//606 
f 994//605 995//607 942//604 
f 993//603 994//605 922//602 
f 992//601 993//603 892//600 
f 991//599 992//601 891//598 
f 990//597 991//599 907//596 
f 989//595 990//597 894//594 
f 988//593 989//595 893//592 
f 987//591 988//593 883//590 
f 986//589 987//591 882//588 
f 985//587 986//589 895//586 
f 984//585 985//587 943//584 
f 983//583 984//585 924//582 
f 982//581 983//583 923//580 
f 981//579 982//581 974//578 
f 980//577 981//579 973//576 
f 979//575 980//577 976//574 
f 978//573 979//575 975//572 
o mesh37
f 1036//686 1006//686 1005//686 
f 1005//686 1004//686 1036//686 
f 1004//686 1003//686 1036//686 
f 1003//686 1002//686 1036//686 
f 1002//686 1001//686 1036//686 
f 1001//686 1000//686 1036//686 
f 1000//686 999//686 1036//686 
f 999//686 998//686 1036//686 
f 998//686 997//686 1036//686 
f 997//686 996//686 1036//686 
f 996//686 995//686 1036//686 
f 995//686 994//686 1036//686 
f 994//686 993//686 1036//686 
f 993//686 992//686 1036//686 
f 992//686 991//686 1036//686 
f 991//686 990//686 1036//686 
f 990//686 989//686 1036//686 
f 989//686 988//686 1036//686 
f 988//686 987//686 1036//686 
f 987//686 986//686 1036//686 
f 986//686 985//686 1036//686 
f 985//686 984//686 1036//686 
f 984//686 983//686 1036//686 
f 983//686 982//686 1036//686 
f 982//686 981//686 1036//686 
f 981//686 980//686 1036//686 
f 980//686 979//686 1036//686 
f 979//686 978//686 1036//686 
f 978//686 1035//686 1036//686 
f 1035//686 1034//686 1036//686 
f 1034//686 1033//686 1036//686 
f 1033//686 1032//686 1036//686 
f 1032//686 1031//686 1036//686 
f 1031//686 1030//686 1036//686 
f 1030//686 1029//686 1036//686 
f 1029//686 1028//686 1036//686 
f 1028//686 1027//686 1036//686 
f 1027//686 1026//686 1036//686 
f 1026//686 1025//686 1036//686 
f 1025//686 1024//686 1036//686 
f 1024//686 1023//686 1036//686 
f 1023//686 1022//686 1036//686 
f 1022//686 1021//686 1036//686 
f 1021//686 1020//686 1036//686 
f 1020//686 1019//686 1036//686 
f 1019//686 1018//686 1036//686 
f 1018//686 1017//686 1036//686 
f 1017//686 1016//686 1036//686 
f 1016//686 1015//686 1036//686 
f 1015//686 1014//686 1036//686 
f 1014//686 1013//686 1036//686 
f 1013//686 1012//686 1036//686 
f 1012//686 1011//686 1036//686 
f 1011//686 1010//686 1036//686 
f 1010//686 1009//686 1036//686 
f 1009//686 1008//686 1036//686 
f 1008//686 1007//686 1036//686 
f 1007//686 1006//686 1036//686 
o mesh38
f 916//687 863//688 1037//688 
f 968//689 916//687 1038//690 
f 959//691 968//689 1039//692 
f 960//693 959//691 1040//694 
f 934//695 960//693 1041//696 
f 935//697 934//695 1042//698 
f 951//699 935//697 1043//700 
f 958//701 951//699 1044//702 
f 913//703 958//701 1045//704 
f 914//705 913//703 1046//706 
f 911//707 914//705 1047//708 
f 912//709 911//707 1048//710 
f 903//711 912//709 1049//712 
f 904//713 903//711 1050//714 
f 910//715 904//713 1051//716 
f 901//717 910//715 1052//718 
f 902//719 901//717 1053//720 
f 889//721 902//719 1054//722 
f 890//723 889//721 1055//724 
f 900//725 890//723 1056//726 
f 932//727 900//725 1057//728 
f 933//729 932//727 1058//730 
f 950//731 933//729 1059//732 
f 956//733 950//731 1060//734 
f 957//735 956//733 1061//736 
f 955//737 957//735 1062//738 
f 949//739 955//737 1063//740 
f 947//741 949//739 1064//742 
f 948//743 947//741 1065//744 
f 945//745 948//743 1066//746 
f 946//747 945//745 1067//748 
f 930//749 946//747 1068//750 
f 931//751 930//749 1069//752 
f 887//753 931//751 1070//754 
f 888//755 887//753 1071//756 
f 899//757 888//755 1072//758 
f 897//759 899//757 1073//760 
f 898//761 897//759 1074//762 
f 881//763 898//761 1075//764 
f 874//765 881//763 1076//766 
f 875//767 874//765 1077//768 
f 886//769 875//767 1078//770 
f 872//771 886//769 1079//772 
f 873//773 872//771 1080//774 
f 880//775 873//773 1081//776 
f 871//777 880//775 1082//778 
f 866//779 871//777 1083//780 
f 867//781 866//779 1084//782 
f 879//783 867//781 1085//784 
f 896//785 879//783 1086//786 
f 884//787 896//785 1087//788 
f 885//789 884//787 1088//790 
f 928//791 885//789 1089//792 
f 929//793 928//791 1090//794 
f 864//795 929//793 1091//796 
f 865//797 864//795 1092//798 
f 862//799 865//797 1093//800 
f 863//688 862//799 1094//799 
f 1094//799 1037//688 863//688 
f 1093//800 1094//799 862//799 
f 1092//798 1093//800 865//797 
f 1091//796 1092//798 864//795 
f 1090//794 1091//796 929//793 
f 1089//792 1090//794 928//791 
f 1088//790 1089//792 885//789 
f 1087//788 1088//790 884//787 
f 1086//786 1087//788 896//785 
f 1085//784 1086//786 879//783 
f 1084//782 1085//784 867//781 
f 1083//780 1084//782 866//779 
f 1082//778 1083//780 871//777 
f 1081//776 1082//778 880//775 
f 1080//774 1081//776 873//773 
f 1079//772 1080//774 872//771 
f 1078//770 1079//772 886//769 
f 1077//768 1078//770 875//767 
f 1076//766 1077//768 874//765 
f 1075//764 1076//766 881//763 
f 1074//762 1075//764 898//761 
f 1073//760 1074//762 897//759 
f 1072//758 1073//760 899//757 
f 1071//756 1072//758 888//755 
f 1070//754 1071//756 887//753 
f 1069//752 1070//754 931//751 
f 1068//750 1069//752 930//749 
f 1067//748 1068//750 946//747 
f 1066//746 1067//748 945//745 
f 1065//744 1066//746 948//743 
f 1064//742 1065//744 947//741 
f 1063//740 1064//742 949//739 
f 1062//738 1063//740 955//737 
f 1061//736 1062//738 957//735 
f 1060//734 1061//736 956//733 
f 1059//732 1060//734 950//731 
f 1058//730 1059//732 933//729 
f 1057//728 1058//730 932//727 
f 1056//726 1057//728 900//725 
f 1055//724 1056//726 890//723 
f 1054//722 1055//724 889//721 
f 1053//720 1054//722 902//719 
f 1052//718 1053//720 901//717 
f 1051//716 1052//718 910//715 
f 1050//714 1051//716 904//713 
f 1049//712 1050//714 903//711 
f 1048//710 1049//712 912//709 
f 1047//708 1048//710 911//707 
f 1046//706 1047//708 914//705 
f 1045//704 1046//706 913//703 
f 1044//702 1045//704 958//701 
f 1043//700 1044//702 951//699 
f 1042//698 1043//700 935//697 
f 1041//696 1042//698 934//695 
f 1040//694 1041//696 960//693 
f 1039//692 1040//694 959//691 
f 1038//690 1039//692 968//689 
f 1037//688 1038//690 916//687 
o mesh39
f 1095//801 1065//801 1064//801 
f 1064//801 1063//801 1095//801 
f 1063//801 1062//801 1095//801 
f 1062//801 1061//801 1095//801 
f 1061//801 1060//801 1095//801 
f 1060//801 1059//801 1095//801 
f 1059//801 1058//801 1095//801 
f 1058//801 1057//801 1095//801 
f 1057//801 1056//801 1095//801 
f 1056//801 1055//801 1095//801 
f 1055//801 1054//801 1095//801 
f 1054//801 1053//801 1095//801 
f 1053//801 1052//801 1095//801 
f 1052//801 1051//801 1095//801 
f 1051//801 1050//801 1095//801 
f 1050//801 1049//801 1095//801 
f 1049//801 1048//801 1095//801 
f 1048//801 1047//801 1095//801 
f 1047//801 1046//801 1095//801 
f 1046//801 1045//801 1095//801 
f 1045//801 1044//801 1095//801 
f 1044//801 1043//801 1095//801 
f 1043//801 1042//801 1095//801 
f 1042//801 1041//801 1095//801 
f 1041//801 1040//801 1095//801 
f 1040//801 1039//801 1095//801 
f 1039//801 1038//801 1095//801 
f 1038//801 1037//801 1095//801 
f 1037//801 1094//801 1095//801 
f 1094//801 1093//801 1095//801 
f 1093//801 1092//801 1095//801 
f 1092//801 1091//801 1095//801 
f 1091//801 1090//801 1095//801 
f 1090//801 1089//801 1095//801 
f 1089//801 1088//801 1095//801 
f 1088//801 1087//801 1095//801 
f 1087//801 1086//801 1095//801 
f 1086//801 1085//801 1095//801 
f 1085//801 1084//801 1095//801 
f 1084//801 1083//801 1095//801 
f 1083//801 1082//801 1095//801 
f 1082//801 1081//801 1095//801 
f 1081//801 1080//801 1095//801 
f 1080//801 1079//801 1095//801 
f 1079//801 1078//801 1095//801 
f 1078//801 1077//801 1095//801 
f 1077//801 1076//801 1095//801 
f 1076//801 1075//801 1095//801 
f 1075//801 1074//801 1095//801 
f 1074//801 1073//801 1095//801 
f 1073//801 1072//801 1095//801 
f 1072//801 1071//801 1095//801 
f 1071//801 1070//801 1095//801 
f 1070//801 1069//801 1095//801 
f 1069//801 1068//801 1095//801 
f 1068//801 1067//801 1095//801 
f 1067//801 1066//801 1095//801 
f 1066//801 1065//801 1095//801 
o mesh40
f 1096//802 292//802 273//803 
f 1097//803 273//803 272//804 
f 1098//804 272//804 282//805 
f 1099//805 282//805 287//806 
f 1100//806 287//806 274//807 
f 1101//807 274//807 268//808 
f 1102//808 268//808 267//809 
f 315//810 322//811 1103//811 
f 316//812 315//810 1104//813 
f 1104//813 1105//814 316//812 
f 307//815 316//812 1106//816 
f 314//817 307//815 1107//818 
f 1107//818 1108//819 314//817 
f 293//820 314//817 1109//821 
f 294//822 293//820 1110//823 
f 1110//823 1111//824 294//822 
f 301//825 294//822 1112//826 
f 1112//826 1113//827 301//825 
f 288//828 301//825 1114//829 
f 275//830 288//828 1115//831 
f 1115//831 1116//832 275//830 
f 276//833 275//830 1117//834 
f 1117//834 1118//835 276//833 
f 1119//836 1120//837 1121//838 
f 1119//836 1122//839 1123//840 
f 267//809 1124//841 1122//839 
f 267//809 1125//842 1124//841 
f 1122//839 1119//836 267//809 
f 1123//840 1120//837 1119//836 
f 267//809 276//833 1126//843 
f 1126//843 1125//842 267//809 
f 1127//843 1128//844 1129//845 
f 1127//843 1121//838 1128//844 
f 1130//845 1131//846 1132//847 
f 1130//845 1129//845 1131//846 
f 1133//847 1132//847 1134//848 
f 1135//849 1134//848 1136//850 
f 1136//850 1137//851 1135//849 
f 1137//851 1138//852 1139//853 
f 1137//851 1140//854 1138//852 
f 1141//853 1139//853 1142//855 
f 1143//856 1144//857 1145//858 
f 1143//856 1142//855 1144//857 
f 1146//858 1145//858 1147//859 
f 1148//860 1149//861 1150//862 
f 1148//860 1147//859 1149//861 
f 1151//862 1150//862 1152//863 
f 1153//863 1154//864 1155//865 
f 1153//863 1152//863 1154//864 
f 1156//865 1155//865 1157//866 
f 1158//866 1159//867 1160//868 
f 1158//866 1157//866 1159//867 
f 1161//868 1160//868 1162//869 
f 1163//869 1164//870 1165//871 
f 1163//869 1162//869 1164//870 
f 1166//872 1167//873 1168//874 
f 1166//872 1165//871 1167//873 
f 1169//874 1170//875 1171//876 
f 1169//874 1168//874 1170//875 
f 1172//876 1173//877 1174//878 
f 1172//876 1171//876 1173//877 
f 1175//878 1176//879 1177//880 
f 1175//878 1174//878 1176//879 
f 1178//881 1179//882 1180//883 
f 1178//881 1177//880 1179//882 
f 1181//883 1182//884 1183//885 
f 1181//883 1180//883 1182//884 
f 1184//885 1185//886 1186//887 
f 1184//885 1183//885 1185//886 
f 1187//887 1188//888 1189//889 
f 1187//887 1186//887 1188//888 
f 1190//889 1191//890 1192//891 
f 1190//889 1189//889 1191//890 
f 1193//891 1192//891 1194//892 
f 1194//892 1195//893 1193//891 
f 1196//894 1195//893 1197//893 
f 1197//893 1198//895 1196//894 
f 1199//896 1196//894 1200//897 
f 1200//897 1201//898 1199//896 
f 1202//899 1199//896 1203//900 
f 1203//900 1204//901 1202//899 
f 1205//902 1202//899 1206//903 
f 1206//903 1207//904 1205//902 
f 1208//905 1205//902 1209//906 
f 1209//906 1210//907 1208//905 
f 1211//908 1208//905 1212//909 
f 1212//909 1213//910 1211//908 
f 1214//911 1211//908 1215//912 
f 1215//912 1216//913 1214//911 
f 1217//914 1214//911 1218//915 
f 1218//915 1219//916 1217//914 
f 1220//917 1217//914 1221//918 
f 1221//918 1222//919 1220//917 
f 1223//920 1220//917 1224//921 
f 1224//921 1225//922 1223//920 
f 1226//923 1223//920 1227//924 
f 1228//925 1226//923 1229//926 
f 1229//926 1230//927 1228//925 
f 1231//928 1228//925 1232//929 
f 1233//930 1231//928 1234//931 
f 1234//931 1235//932 1233//930 
f 1236//933 1233//930 1237//934 
f 1238//935 1236//933 1239//936 
f 1239//936 1240//937 1238//935 
f 1241//938 1238//935 1242//939 
f 1243//940 1241//938 1244//941 
f 1244//941 1245//942 1243//940 
f 1246//943 1243//940 1247//944 
f 1248//945 1246//943 1249//946 
f 1249//946 1250//947 1248//945 
f 1251//948 1248//945 1252//949 
f 1252//949 1253//950 1251//948 
f 1254//951 1251//948 1255//952 
f 1256//953 1254//951 1257//954 
f 1257//954 1258//955 1256//953 
f 1259//956 1256//953 1260//957 
f 1260//957 1261//958 1259//956 
f 286//959 1262//960 1263//961 
f 1096//802 1264//962 1262//960 
f 1096//802 1265//963 1264//962 
f 1262//960 286//959 1096//802 
f 286//959 292//802 1096//802 
f 1096//802 1259//956 1266//964 
f 1266//964 1265//963 1096//802 
f 1263//961 1267//963 286//959 
f 286//959 1268//964 1269//965 
f 1269//965 281//966 286//959 
f 281//966 1270//966 1271//967 
f 1271//967 302//968 281//966 
f 302//968 1272//968 1273//969 
f 299//970 1273//969 1274//971 
f 1274//971 300//972 299//970 
f 300//972 1275//972 1276//973 
f 1276//973 305//974 300//972 
f 305//974 1277//974 1278//975 
f 306//976 1278//975 1279//977 
f 1279//977 319//978 306//976 
f 319//978 1280//978 1281//979 
f 320//980 1281//979 1282//981 
f 1282//981 317//982 320//980 
f 317//982 1283//982 1284//983 
f 318//983 1284//983 1285//984 
f 1285//984 312//985 318//983 
f 312//985 1286//985 1287//986 
f 313//986 1287//986 1288//987 
f 1288//987 310//988 313//986 
f 310//988 1289//988 1290//989 
f 311//989 1290//989 1291//990 
f 1291//990 297//991 311//989 
f 297//991 1292//992 1293//993 
f 1293//993 298//994 297//991 
f 298//994 1294//994 1295//995 
f 1295//995 296//996 298//994 
f 296//996 1296//996 1297//997 
f 1297//997 291//998 296//996 
f 291//998 1298//998 1299//999 
f 1299//999 284//1000 291//998 
f 284//1000 1300//1001 1301//1002 
f 1301//1002 285//1003 284//1000 
f 285//1003 1302//1003 1303//1004 
f 1303//1004 280//1005 285//1003 
f 280//1005 1304//1005 1305//1006 
f 1305//1006 270//1007 280//1005 
f 270//1007 1306//1007 1307//1008 
f 1307//1008 271//1009 270//1007 
f 271//1009 1308//1009 1309//1010 
f 1309//1010 279//1011 271//1009 
f 279//1011 1310//1011 1311//1012 
f 1311//1012 265//1013 279//1011 
f 266//1014 265//1013 1312//1013 
f 1312//1013 1313//1015 266//1014 
f 269//1016 266//1014 1314//1017 
f 1314//1017 1315//1018 269//1016 
f 277//1019 269//1016 1316//1020 
f 1316//1020 1317//1021 277//1019 
f 278//1022 277//1019 1318//1023 
f 1318//1023 1319//1024 278//1022 
f 283//1025 278//1022 1320//1026 
f 1320//1026 1321//1027 283//1025 
f 295//1028 283//1025 1322//1029 
f 1322//1029 1323//1030 295//1028 
f 289//1031 295//1028 1324//1032 
f 1324//1032 1325//1033 289//1031 
f 290//1034 289//1031 1326//1035 
f 1326//1035 1327//1036 290//1034 
f 303//1037 290//1034 1328//1038 
f 1328//1038 1329//1039 303//1037 
f 304//1040 303//1037 1330//1041 
f 1330//1041 1331//1042 304//1040 
f 308//1043 304//1040 1332//1044 
f 309//1045 308//1043 1333//1046 
f 1333//1046 1334//1047 309//1045 
f 321//1048 309//1045 1335//1049 
f 322//811 321//1048 1336//1048 
f 1336//1048 1337//1050 322//811 
f 1337//1050 1103//811 322//811 
f 1335//1049 1336//1048 321//1048 
f 1334//1047 1335//1049 309//1045 
f 1332//1044 1333//1046 308//1043 
f 1331//1042 1332//1044 304//1040 
f 1329//1039 1330//1041 303//1037 
f 1327//1036 1328//1038 290//1034 
f 1325//1033 1326//1035 289//1031 
f 1323//1030 1324//1032 295//1028 
f 1321//1027 1322//1029 283//1025 
f 1319//1024 1320//1026 278//1022 
f 1317//1021 1318//1023 277//1019 
f 1315//1018 1316//1020 269//1016 
f 1313//1015 1314//1017 266//1014 
f 1311//1012 1312//1013 265//1013 
f 1309//1010 1310//1011 279//1011 
f 1307//1008 1308//1009 271//1009 
f 1305//1006 1306//1007 270//1007 
f 1303//1004 1304//1005 280//1005 
f 1301//1002 1302//1003 285//1003 
f 1299//999 1300//1001 284//1000 
f 1297//997 1298//998 291//998 
f 1295//995 1296//996 296//996 
f 1293//993 1294//994 298//994 
f 1291//990 1292//992 297//991 
f 1290//989 311//989 310//988 
f 1288//987 1289//988 310//988 
f 1287//986 313//986 312//985 
f 1285//984 1286//985 312//985 
f 1284//983 318//983 317//982 
f 1282//981 1283//982 317//982 
f 1281//979 320//980 319//978 
f 1279//977 1280//978 319//978 
f 1278//975 306//976 305//974 
f 1276//973 1277//974 305//974 
f 1274//971 1275//972 300//972 
f 1273//969 299//970 302//968 
f 1271//967 1272//968 302//968 
f 1269//965 1270//966 281//966 
f 1267//963 1268//964 286//959 
f 1261//958 1266//964 1259//956 
f 1258//955 1260//957 1256//953 
f 1255//952 1257//954 1254//951 
f 1253//950 1255//952 1251//948 
f 1250//947 1252//949 1248//945 
f 1247//944 1249//946 1246//943 
f 1245//942 1247//944 1243//940 
f 1242//939 1244//941 1241//938 
f 1240//937 1242//939 1238//935 
f 1237//934 1239//936 1236//933 
f 1235//932 1237//934 1233//930 
f 1232//929 1234//931 1231//928 
f 1230//927 1232//929 1228//925 
f 1227//924 1229//926 1226//923 
f 1225//922 1227//924 1223//920 
f 1222//919 1224//921 1220//917 
f 1219//916 1221//918 1217//914 
f 1216//913 1218//915 1214//911 
f 1213//910 1215//912 1211//908 
f 1210//907 1212//909 1208//905 
f 1207//904 1209//906 1205//902 
f 1204//901 1206//903 1202//899 
f 1201//898 1203//900 1199//896 
f 1198//895 1200//897 1196//894 
f 1194//892 1197//893 1195//893 
f 1192//891 1193//891 1190//889 
f 1189//889 1190//889 1187//887 
f 1186//887 1187//887 1184//885 
f 1183//885 1184//885 1181//883 
f 1180//883 1181//883 1178//881 
f 1177//880 1178//881 1175//878 
f 1174//878 1175//878 1172//876 
f 1171//876 1172//876 1169//874 
f 1168//874 1169//874 1166//872 
f 1165//871 1166//872 1163//869 
f 1162//869 1163//869 1161//868 
f 1160//868 1161//868 1158//866 
f 1157//866 1158//866 1156//865 
f 1155//865 1156//865 1153//863 
f 1152//863 1153//863 1151//862 
f 1150//862 1151//862 1148//860 
f 1147//859 1148//860 1146//858 
f 1145//858 1146//858 1143//856 
f 1142//855 1143//856 1141//853 
f 1139//853 1141//853 1137//851 
f 1136//850 1140//854 1137//851 
f 1134//848 1135//849 1133//847 
f 1132//847 1133//847 1130//845 
f 1129//845 1130//845 1127//843 
f 1121//838 1127//843 1119//836 
f 1118//835 1126//843 276//833 
f 1116//832 1117//834 275//830 
f 1114//829 1115//831 288//828 
f 1113//827 1114//829 301//825 
f 1111//824 1112//826 294//822 
f 1109//821 1110//823 293//820 
f 1108//819 1109//821 314//817 
f 1106//816 1107//818 307//815 
f 1105//814 1106//816 316//812 
f 1103//811 1104//813 315//810 
f 267//809 1119//836 1102//808 
f 268//808 1102//808 1101//807 
f 274//807 1101//807 1100//806 
f 287//806 1100//806 1099//805 
f 282//805 1099//805 1098//804 
f 272//804 1098//804 1097//803 
f 273//803 1097//803 1096//802 
usemtl 0.262745_0.282353_0.301961_0.000000_0.000000
o mesh41
f 1338//1051 1339//1051 1340//1052 
f 1341//1052 1340//1052 1342//1053 
f 1343//1053 1342//1053 1344//1054 
f 1345//1054 1344//1054 1346//1055 
f 1347//1055 1346//1055 1348//1056 
f 1349//1056 1348//1056 1350//1057 
f 1351//1057 1350//1057 1352//1058 
f 1353//1058 1352//1058 1354//1059 
f 1355//1059 1354//1059 1356//1060 
f 1357//1060 1356//1060 1358//1061 
f 1359//1061 1358//1061 1360//1062 
f 1361//1062 1360//1062 1362//1063 
f 1363//1063 1362//1063 1364//1064 
f 1365//1064 1364//1064 1366//1065 
f 1367//1065 1366//1065 1368//1066 
f 1369//1066 1368//1066 1370//1067 
f 1371//1067 1370//1067 1372//1068 
f 1373//1068 1372//1068 1374//1069 
f 1375//1069 1374//1069 1376//1070 
f 1377//1070 1376//1070 1378//1071 
f 1379//1071 1378//1071 1380//1072 
f 1381//1072 1380//1072 1382//1073 
f 1383//1073 1382//1073 1384//1074 
f 1385//1074 1384//1074 1386//1075 
f 1387//1075 1386//1075 1388//1076 
f 1389//1076 1388//1076 1390//1077 
f 1391//1077 1390//1077 1392//1078 
f 1393//1078 1392//1078 1394//1079 
f 1395//1079 1394//1079 1396//1080 
f 1397//1080 1396//1080 1398//1081 
f 1399//1081 1398//1081 1400//1082 
f 1401//1082 1400//1082 1402//1083 
f 1403//1084 1404//1084 1405//1085 
f 1406//1085 1405//1085 1407//1086 
f 1408//1086 1407//1086 1339//1051 
f 1409//1087 1337//1088 1336//1089 
f 1336//1089 1410//1090 1409//1087 
f 1336//1089 1335//1091 1410//1090 
f 1411//1092 1331//1093 1330//1094 
f 1411//1092 1332//1095 1331//1093 
f 1411//1092 1333//1096 1332//1095 
f 1411//1092 1410//1090 1334//1097 
f 1334//1097 1333//1096 1411//1092 
f 1412//1098 1323//1099 1322//1100 
f 1412//1098 1328//1101 1327//1102 
f 1327//1102 1326//1103 1412//1098 
f 1326//1103 1325//1104 1412//1098 
f 1325//1104 1324//1105 1412//1098 
f 1324//1105 1323//1099 1412//1098 
f 1412//1098 1411//1092 1329//1106 
f 1329//1106 1328//1101 1412//1098 
f 1404//1084 1302//1107 1301//1108 
f 1404//1084 1305//1109 1304//1110 
f 1404//1084 1306//1111 1305//1109 
f 1304//1110 1303//1112 1404//1084 
f 1404//1084 1311//1113 1310//1114 
f 1403//1084 1312//1114 1311//1113 
f 1311//1113 1404//1084 1403//1084 
f 1310//1114 1309//1115 1404//1084 
f 1309//1115 1308//1116 1404//1084 
f 1308//1116 1307//1117 1404//1084 
f 1403//1084 1315//1118 1314//1119 
f 1314//1119 1313//1120 1403//1084 
f 1403//1084 1317//1121 1316//1122 
f 1316//1122 1315//1118 1403//1084 
f 1313//1120 1312//1114 1403//1084 
f 1403//1084 1318//1123 1317//1121 
f 1307//1117 1306//1111 1404//1084 
f 1403//1084 1320//1124 1319//1125 
f 1319//1125 1318//1123 1403//1084 
f 1403//1084 1412//1098 1321//1126 
f 1321//1126 1320//1124 1403//1084 
f 1303//1112 1302//1107 1404//1084 
f 1413//1127 1297//1128 1296//1129 
f 1296//1129 1295//1130 1413//1127 
f 1413//1127 1299//1131 1298//1132 
f 1298//1132 1297//1128 1413//1127 
f 1295//1130 1294//1133 1413//1127 
f 1414//1134 1301//1108 1300//1135 
f 1300//1135 1413//1127 1414//1134 
f 1300//1135 1299//1131 1413//1127 
f 1413//1127 1289//1136 1288//1137 
f 1413//1127 1293//1138 1292//1139 
f 1292//1139 1291//1140 1413//1127 
f 1291//1140 1290//1141 1413//1127 
f 1290//1141 1289//1136 1413//1127 
f 1415//1142 1286//1143 1285//1144 
f 1415//1142 1287//1145 1286//1143 
f 1415//1142 1288//1137 1287//1145 
f 1416//1146 1417//1147 1284//1148 
f 1284//1148 1283//1149 1416//1146 
f 1417//1147 1285//1144 1284//1148 
f 1418//1150 1416//1146 1282//1151 
f 1282//1151 1281//1152 1418//1150 
f 1281//1152 1280//1153 1418//1150 
f 1419//1154 1418//1150 1279//1155 
f 1279//1155 1278//1156 1419//1154 
f 1278//1156 1277//1157 1419//1154 
f 1420//1158 1419//1154 1276//1159 
f 1276//1159 1275//1160 1420//1158 
f 1421//1161 1273//1162 1272//1163 
f 1421//1161 1420//1158 1274//1164 
f 1274//1164 1273//1162 1421//1161 
f 1422//1165 1421//1161 1271//1166 
f 1271//1166 1270//1167 1422//1165 
f 1423//1168 1422//1165 1269//1169 
f 1269//1169 1268//1170 1423//1168 
f 1423//1168 1264//1171 1265//1172 
f 1423//1168 1263//1173 1262//1174 
f 1423//1168 1267//1175 1263//1173 
f 1262//1174 1264//1171 1423//1168 
f 1424//1176 1266//1177 1261//1178 
f 1424//1176 1265//1172 1266//1177 
f 1425//1178 1260//1179 1258//1180 
f 1425//1178 1261//1178 1260//1179 
f 1426//1180 1255//1181 1253//1182 
f 1426//1180 1258//1180 1257//1183 
f 1257//1183 1255//1181 1426//1180 
f 1427//1184 1252//1185 1250//1186 
f 1427//1184 1253//1182 1252//1185 
f 1428//1186 1247//1187 1245//1188 
f 1428//1186 1250//1186 1249//1189 
f 1249//1189 1247//1187 1428//1186 
f 1429//1190 1242//1191 1240//1192 
f 1429//1190 1245//1188 1244//1193 
f 1244//1193 1242//1191 1429//1190 
f 1430//1194 1239//1195 1237//1196 
f 1430//1194 1240//1192 1239//1195 
f 1237//1196 1431//1197 1430//1194 
f 1432//1198 1431//1197 1235//1199 
f 1235//1199 1234//1200 1432//1198 
f 1234//1200 1232//1201 1432//1198 
f 1433//1202 1225//1203 1224//1204 
f 1433//1202 1227//1205 1225//1203 
f 1433//1202 1229//1206 1227//1205 
f 1433//1202 1432//1198 1230//1207 
f 1230//1207 1229//1206 1433//1202 
f 1434//1208 1213//1209 1212//1210 
f 1434//1208 1221//1211 1219//1212 
f 1219//1212 1218//1213 1434//1208 
f 1218//1213 1216//1214 1434//1208 
f 1216//1214 1215//1215 1434//1208 
f 1215//1215 1213//1209 1434//1208 
f 1434//1208 1433//1202 1222//1216 
f 1222//1216 1221//1211 1434//1208 
f 1435//1217 1180//1218 1179//1219 
f 1435//1217 1185//1220 1183//1221 
f 1435//1217 1189//1222 1188//1223 
f 1188//1223 1186//1224 1435//1217 
f 1186//1224 1185//1220 1435//1217 
f 1183//1221 1182//1225 1435//1217 
f 1435//1217 1194//1226 1192//1227 
f 1435//1217 1197//1227 1194//1226 
f 1402//1083 1198//1228 1197//1227 
f 1402//1083 1200//1229 1198//1228 
f 1197//1227 1435//1217 1402//1083 
f 1192//1227 1191//1230 1435//1217 
f 1191//1230 1189//1222 1435//1217 
f 1402//1083 1204//1231 1203//1232 
f 1402//1083 1206//1233 1204//1231 
f 1203//1232 1201//1234 1402//1083 
f 1402//1083 1209//1235 1207//1236 
f 1207//1236 1206//1233 1402//1083 
f 1201//1234 1200//1229 1402//1083 
f 1182//1225 1180//1218 1435//1217 
f 1402//1083 1434//1208 1210//1237 
f 1210//1237 1209//1235 1402//1083 
f 1436//1237 1168//1238 1167//1239 
f 1436//1237 1171//1240 1170//1241 
f 1436//1237 1173//1242 1171//1240 
f 1436//1237 1174//1243 1173//1242 
f 1436//1237 1176//1244 1174//1243 
f 1170//1241 1168//1238 1436//1237 
f 1436//1237 1179//1219 1177//1245 
f 1177//1245 1176//1244 1436//1237 
f 1437//1246 1160//1247 1159//1248 
f 1437//1246 1167//1239 1165//1249 
f 1165//1249 1164//1250 1437//1246 
f 1164//1250 1162//1251 1437//1246 
f 1162//1251 1160//1247 1437//1246 
f 1438//1252 1439//1253 1155//1254 
f 1439//1253 1157//1255 1155//1254 
f 1439//1253 1159//1248 1157//1255 
f 1440//1256 1438//1252 1152//1257 
f 1152//1257 1150//1258 1440//1256 
f 1438//1252 1154//1259 1152//1257 
f 1441//1260 1440//1256 1149//1261 
f 1149//1261 1147//1262 1441//1260 
f 1147//1262 1145//1263 1441//1260 
f 1442//1264 1441//1260 1144//1265 
f 1144//1265 1142//1266 1442//1264 
f 1142//1266 1139//1267 1442//1264 
f 1443//1268 1442//1264 1138//1269 
f 1138//1269 1140//1270 1443//1268 
f 1444//1271 1134//1272 1132//1273 
f 1444//1271 1443//1268 1136//1274 
f 1136//1274 1134//1272 1444//1271 
f 1445//1275 1444//1271 1131//1276 
f 1131//1276 1129//1277 1445//1275 
f 1446//1278 1445//1275 1128//1279 
f 1128//1279 1121//1280 1446//1278 
f 1447//1281 1123//1282 1122//1283 
f 1122//1283 1124//1284 1447//1281 
f 1447//1281 1446//1278 1120//1285 
f 1120//1285 1123//1282 1447//1281 
f 1447//1281 1126//1286 1118//1287 
f 1447//1281 1125//1288 1126//1286 
f 1448//1287 1117//1289 1116//1290 
f 1448//1287 1118//1287 1117//1289 
f 1449//1290 1114//1291 1113//1292 
f 1449//1290 1116//1290 1115//1293 
f 1115//1293 1114//1291 1449//1290 
f 1450//1294 1112//1295 1111//1296 
f 1450//1294 1113//1292 1112//1295 
f 1451//1296 1109//1297 1108//1298 
f 1451//1296 1111//1296 1110//1299 
f 1110//1299 1109//1297 1451//1296 
f 1452//1300 1106//1301 1105//1302 
f 1452//1300 1108//1298 1107//1303 
f 1107//1303 1106//1301 1452//1300 
f 1453//1304 1104//1305 1103//1306 
f 1453//1304 1105//1302 1104//1305 
f 1103//1306 1409//1087 1453//1304 
f 1103//1306 1337//1088 1409//1087 
f 1105//1302 1453//1304 1452//1300 
f 1108//1298 1452//1300 1451//1296 
f 1111//1296 1451//1296 1450//1294 
f 1113//1292 1450//1294 1449//1290 
f 1116//1290 1449//1290 1448//1287 
f 1118//1287 1448//1287 1447//1281 
f 1124//1284 1125//1288 1447//1281 
f 1121//1280 1120//1285 1446//1278 
f 1129//1277 1128//1279 1445//1275 
f 1132//1273 1131//1276 1444//1271 
f 1140//1270 1136//1274 1443//1268 
f 1139//1267 1138//1269 1442//1264 
f 1145//1263 1144//1265 1441//1260 
f 1150//1258 1149//1261 1440//1256 
f 1155//1254 1154//1259 1438//1252 
f 1159//1248 1439//1253 1437//1246 
f 1167//1239 1437//1246 1436//1237 
f 1179//1219 1436//1237 1435//1217 
f 1212//1210 1210//1237 1434//1208 
f 1224//1204 1222//1216 1433//1202 
f 1232//1201 1230//1207 1432//1198 
f 1237//1196 1235//1199 1431//1197 
f 1240//1192 1430//1194 1429//1190 
f 1245//1188 1429//1190 1428//1186 
f 1250//1186 1428//1186 1427//1184 
f 1253//1182 1427//1184 1426//1180 
f 1258//1180 1426//1180 1425//1178 
f 1261//1178 1425//1178 1424//1176 
f 1265//1172 1424//1176 1423//1168 
f 1268//1170 1267//1175 1423//1168 
f 1270//1167 1269//1169 1422//1165 
f 1272//1163 1271//1166 1421//1161 
f 1275//1160 1274//1164 1420//1158 
f 1277//1157 1276//1159 1419//1154 
f 1280//1153 1279//1155 1418//1150 
f 1283//1149 1282//1151 1416//1146 
f 1285//1144 1417//1147 1415//1142 
f 1288//1137 1415//1142 1413//1127 
f 1294//1133 1293//1138 1413//1127 
f 1301//1108 1414//1134 1404//1084 
f 1322//1100 1321//1126 1412//1098 
f 1330//1094 1329//1106 1411//1092 
f 1335//1091 1334//1097 1410//1090 
f 1339//1051 1338//1051 1408//1086 
f 1407//1086 1408//1086 1406//1085 
f 1405//1085 1406//1085 1403//1084 
f 1402//1083 1435//1217 1401//1082 
f 1400//1082 1401//1082 1399//1081 
f 1398//1081 1399//1081 1397//1080 
f 1396//1080 1397//1080 1395//1079 
f 1394//1079 1395//1079 1393//1078 
f 1392//1078 1393//1078 1391//1077 
f 1390//1077 1391//1077 1389//1076 
f 1388//1076 1389//1076 1387//1075 
f 1386//1075 1387//1075 1385//1074 
f 1384//1074 1385//1074 1383//1073 
f 1382//1073 1383//1073 1381//1072 
f 1380//1072 1381//1072 1379//1071 
f 1378//1071 1379//1071 1377//1070 
f 1376//1070 1377//1070 1375//1069 
f 1374//1069 1375//1069 1373//1068 
f 1372//1068 1373//1068 1371//1067 
f 1370//1067 1371//1067 1369//1066 
f 1368//1066 1369//1066 1367//1065 
f 1366//1065 1367//1065 1365//1064 
f 1364//1064 1365//1064 1363//1063 
f 1362//1063 1363//1063 1361//1062 
f 1360//1062 1361//1062 1359//1061 
f 1358//1061 1359//1061 1357//1060 
f 1356//1060 1357//1060 1355//1059 
f 1354//1059 1355//1059 1353//1058 
f 1352//1058 1353//1058 1351//1057 
f 1350//1057 1351//1057 1349//1056 
f 1348//1056 1349//1056 1347//1055 
f 1346//1055 1347//1055 1345//1054 
f 1344//1054 1345//1054 1343//1053 
f 1342//1053 1343//1053 1341//1052 
f 1340//1052 1341//1052 1338//1051 
o mesh42
f 1454//1307 1407//1307 1405//1307 
f 1405//1307 1404//1307 1454//1307 
f 1404//1307 1414//1307 1454//1307 
f 1414//1307 1413//1307 1454//1307 
f 1413//1307 1415//1307 1454//1307 
f 1415//1307 1417//1307 1454//1307 
f 1417//1307 1416//1307 1454//1307 
f 1416//1307 1418//1307 1454//1307 
f 1418//1307 1419//1307 1454//1307 
f 1419//1307 1420//1307 1454//1307 
f 1420//1307 1421//1307 1454//1307 
f 1421//1307 1422//1307 1454//1307 
f 1422//1307 1423//1307 1454//1307 
f 1423//1307 1424//1307 1454//1307 
f 1424//1307 1425//1307 1454//1307 
f 1425//1307 1426//1307 1454//1307 
f 1426//1307 1427//1307 1454//1307 
f 1427//1307 1428//1307 1454//1307 
f 1428//1307 1429//1307 1454//1307 
f 1429//1307 1430//1307 1454//1307 
f 1430//1307 1431//1307 1454//1307 
f 1431//1307 1432//1307 1454//1307 
f 1432//1307 1433//1307 1454//1307 
f 1433//1307 1434//1307 1454//1307 
f 1434//1307 1402//1307 1454//1307 
f 1402//1307 1400//1307 1454//1307 
f 1400//1307 1398//1307 1454//1307 
f 1398//1307 1396//1307 1454//1307 
f 1396//1307 1394//1307 1454//1307 
f 1394//1307 1392//1307 1454//1307 
f 1392//1307 1390//1307 1454//1307 
f 1390//1307 1388//1307 1454//1307 
f 1388//1307 1386//1307 1454//1307 
f 1386//1307 1384//1307 1454//1307 
f 1384//1307 1382//1307 1454//1307 
f 1382//1307 1380//1307 1454//1307 
f 1380//1307 1378//1307 1454//1307 
f 1378//1307 1376//1307 1454//1307 
f 1376//1307 1374//1307 1454//1307 
f 1374//1307 1372//1307 1454//1307 
f 1372//1307 1370//1307 1454//1307 
f 1370//1307 1368//1307 1454//1307 
f 1368//1307 1366//1307 1454//1307 
f 1366//1307 1364//1307 1454//1307 
f 1364//1307 1362//1307 1454//1307 
f 1362//1307 1360//1307 1454//1307 
f 1360//1307 1358//1307 1454//1307 
f 1358//1307 1356//1307 1454//1307 
f 1356//1307 1354//1307 1454//1307 
f 1354//1307 1352//1307 1454//1307 
f 1352//1307 1350//1307 1454//1307 
f 1350//1307 1348//1307 1454//1307 
f 1348//1307 1346//1307 1454//1307 
f 1346//1307 1344//1307 1454//1307 
f 1344//1307 1342//1307 1454//1307 
f 1342//1307 1340//1307 1454//1307 
f 1340//1307 1339//1307 1454//1307 
f 1339//1307 1407//1307 1454//1307 
o mesh43
f 1455//1308 1341//1308 1343//1308 
f 1343//1308 1345//1308 1455//1308 
f 1345//1308 1347//1308 1455//1308 
f 1347//1308 1349//1308 1455//1308 
f 1349//1308 1351//1308 1455//1308 
f 1351//1308 1353//1308 1455//1308 
f 1353//1308 1355//1308 1455//1308 
f 1355//1308 1357//1308 1455//1308 
f 1357//1308 1359//1308 1455//1308 
f 1359//1308 1361//1308 1455//1308 
f 1361//1308 1363//1308 1455//1308 
f 1363//1308 1365//1308 1455//1308 
f 1365//1308 1367//1308 1455//1308 
f 1367//1308 1369//1308 1455//1308 
f 1369//1308 1371//1308 1455//1308 
f 1371//1308 1373//1308 1455//1308 
f 1373//1308 1375//1308 1455//1308 
f 1375//1308 1377//1308 1455//1308 
f 1377//1308 1379//1308 1455//1308 
f 1379//1308 1381//1308 1455//1308 
f 1381//1308 1383//1308 1455//1308 
f 1383//1308 1385//1308 1455//1308 
f 1385//1308 1387//1308 1455//1308 
f 1387//1308 1389//1308 1455//1308 
f 1389//1308 1391//1308 1455//1308 
f 1391//1308 1393//1308 1455//1308 
f 1393//1308 1395//1308 1455//1308 
f 1395//1308 1397//1308 1455//1308 
f 1397//1308 1399//1308 1455//1308 
f 1399//1308 1401//1308 1455//1308 
f 1401//1308 1435//1308 1455//1308 
f 1435//1308 1436//1308 1455//1308 
f 1436//1308 1437//1308 1455//1308 
f 1437//1308 1439//1308 1455//1308 
f 1439//1308 1438//1308 1455//1308 
f 1438//1308 1440//1308 1455//1308 
f 1440//1308 1441//1308 1455//1308 
f 1441//1308 1442//1308 1455//1308 
f 1442//1308 1443//1308 1455//1308 
f 1443//1308 1444//1308 1455//1308 
f 1444//1308 1445//1308 1455//1308 
f 1445//1308 1446//1308 1455//1308 
f 1446//1308 1447//1308 1455//1308 
f 1447//1308 1448//1308 1455//1308 
f 1448//1308 1449//1308 1455//1308 
f 1449//1308 1450//1308 1455//1308 
f 1450//1308 1451//1308 1455//1308 
f 1451//1308 1452//1308 1455//1308 
f 1452//1308 1453//1308 1455//1308 
f 1453//1308 1409//1308 1455//1308 
f 1409//1308 1410//1308 1455//1308 
f 1410//1308 1411//1308 1455//1308 
f 1411//1308 1412//1308 1455//1308 
f 1412//1308 1403//1308 1455//1308 
f 1403//1308 1406//1308 1455//1308 
f 1406//1308 1408//1308 1455//1308 
f 1408//1308 1338//1308 1455//1308 
f 1338//1308 1341//1308 1455//1308 
usemtl 0.917647_0.917647_0.917647_0.000000_0.000000
o mesh44
f 1456//1308 1457//1308 258//1308 
f 1457//1308 1458//1308 256//1308 
f 256//1308 258//1308 1457//1308 
f 1458//1308 1459//1308 260//1308 
f 260//1308 256//1308 1458//1308 
f 1459//1308 1456//1308 259//1308 
f 259//1308 260//1308 1459//1308 
f 258//1308 259//1308 1456//1308 
o mesh45
f 1460//1309 1458//1309 1457//1309 
f 1457//1309 1461//1309 1460//1309 
o mesh46
f 1462//1310 1459//1310 1458//1310 
f 1458//1310 1460//1310 1462//1310 
o mesh47
f 1463//1311 1456//1311 1459//1311 
f 1459//1311 1462//1311 1463//1311 
o mesh48
f 1461//1312 1457//1312 1456//1312 
f 1456//1312 1463//1312 1461//1312 
o mesh49
f 1462//1313 1460//1313 1461//1313 
f 1461//1313 1463//1313 1462//1313 
o mesh50
f 332//1314 330//1314 1464//1314 
f 330//1314 328//1314 1465//1314 
f 1465//1314 1464//1314 330//1314 
f 328//1314 327//1314 1466//1314 
f 1466//1314 1465//1314 328//1314 
f 327//1314 332//1314 1467//1314 
f 1467//1314 1466//1314 327//1314 
f 1464//1314 1467//1314 332//1314 
o mesh51
f 1468//1315 1469//1315 1466//1315 
f 1466//1315 1467//1315 1468//1315 
o mesh52
f 1470//1316 1468//1316 1467//1316 
f 1467//1316 1464//1316 1470//1316 
o mesh53
f 1471//1317 1470//1317 1464//1317 
f 1464//1317 1465//1317 1471//1317 
o mesh54
f 1469//1318 1471//1318 1465//1318 
f 1465//1318 1466//1318 1469//1318 
o mesh55
f 1472//1319 1473//1319 1470//1319 
f 1473//1319 1474//1319 1468//1319 
f 1468//1319 1470//1319 1473//1319 
f 1474//1319 1475//1319 1469//1319 
f 1469//1319 1468//1319 1474//1319 
f 1475//1319 1472//1319 1471//1319 
f 1471//1319 1469//1319 1475//1319 
f 1470//1319 1471//1319 1472//1319 
o mesh56
f 1476//1320 1474//1320 1473//1320 
f 1473//1320 1477//1320 1476//1320 
o mesh57
f 1472//1321 1478//1321 1477//1321 
f 1479//1321 1480//1321 1478//1321 
f 1478//1321 1472//1321 1479//1321 
f 1477//1321 1473//1321 1472//1321 
o mesh58
f 1475//1322 1481//1322 1479//1322 
f 1482//1322 1483//1322 1479//1322 
f 1479//1322 1481//1322 1482//1322 
f 1479//1322 1472//1322 1475//1322 
o mesh59
f 1484//1323 1485//1323 1199//1323 
f 1485//1323 1195//1323 1196//1323 
f 1196//1323 1199//1323 1485//1323 
f 1485//1323 1187//1323 1190//1323 
f 1484//1323 1202//1323 1205//1323 
f 1485//1323 1193//1323 1195//1323 
f 1485//1323 1184//1323 1187//1323 
f 1205//1323 1208//1323 1484//1323 
f 1190//1323 1193//1323 1485//1323 
f 1485//1323 1178//1323 1181//1323 
f 1483//1323 1119//1323 1127//1323 
f 1483//1323 1101//1323 1102//1323 
f 1483//1323 1096//1323 1097//1323 
f 1199//1323 1202//1323 1484//1323 
f 1485//1323 1175//1323 1178//1323 
f 1485//1323 1166//1323 1169//1323 
f 1127//1323 1130//1323 1483//1323 
f 1483//1323 1100//1323 1101//1323 
f 1097//1323 1098//1323 1483//1323 
f 1484//1323 1214//1323 1217//1323 
f 1181//1323 1184//1323 1485//1323 
f 1169//1323 1172//1323 1485//1323 
f 1102//1323 1119//1323 1483//1323 
f 1098//1323 1099//1323 1483//1323 
f 1483//1323 1254//1323 1256//1323 
f 1484//1323 1211//1323 1214//1323 
f 1172//1323 1175//1323 1485//1323 
f 1483//1323 1135//1323 1137//1323 
f 1099//1323 1100//1323 1483//1323 
f 1256//1323 1259//1323 1483//1323 
f 1484//1323 1220//1323 1223//1323 
f 1208//1323 1211//1323 1484//1323 
f 1483//1323 1133//1323 1135//1323 
f 1259//1323 1096//1323 1483//1323 
f 1217//1323 1220//1323 1484//1323 
f 1485//1323 1161//1323 1163//1323 
f 1130//1323 1133//1323 1483//1323 
f 1483//1323 1248//1323 1251//1323 
f 1484//1323 1226//1323 1228//1323 
f 1163//1323 1166//1323 1485//1323 
f 1483//1323 1143//1323 1146//1323 
f 1251//1323 1254//1323 1483//1323 
f 1483//1323 1243//1323 1246//1323 
f 1223//1323 1226//1323 1484//1323 
f 1485//1323 1156//1323 1158//1323 
f 1483//1323 1141//1323 1143//1323 
f 1246//1323 1248//1323 1483//1323 
f 1158//1323 1161//1323 1485//1323 
f 1485//1323 1151//1323 1153//1323 
f 1485//1323 1146//1323 1148//1323 
f 1137//1323 1141//1323 1483//1323 
f 1486//1323 1241//1323 1243//1323 
f 1486//1323 1236//1323 1238//1323 
f 1153//1323 1156//1323 1485//1323 
f 1146//1323 1485//1323 1483//1323 
f 1238//1323 1241//1323 1486//1323 
f 1228//1323 1231//1323 1484//1323 
f 1243//1323 1483//1323 1486//1323 
f 1148//1323 1151//1323 1485//1323 
f 1486//1323 1484//1323 1233//1323 
f 1233//1323 1236//1323 1486//1323 
f 1480//1323 1479//1323 1483//1323 
f 1483//1323 1485//1323 1480//1323 
f 1231//1323 1233//1323 1484//1323 
o mesh60
f 1486//1324 1483//1324 1487//1324 
f 1483//1324 1482//1324 1487//1324 
f 1487//1324 1488//1324 1486//1324 
o mesh61
f 1489//1325 1488//1325 1487//1325 
f 1487//1325 1490//1325 1489//1325 
o mesh62
f 1491//1326 1492//1326 1480//1326 
f 1493//1326 1478//1326 1480//1326 
f 1480//1326 1492//1326 1493//1326 
f 1480//1326 1485//1326 1491//1326 
o mesh63
f 1481//1327 1493//1327 1492//1327 
f 1481//1327 1476//1327 1493//1327 
f 1494//1327 1493//1327 1476//1327 
f 1476//1327 1495//1327 1494//1327 
f 1475//1327 1474//1327 1476//1327 
f 1476//1327 1481//1327 1475//1327 
f 1492//1327 1496//1327 1481//1327 
o mesh64
f 1497//1328 1498//1328 1478//1328 
f 1478//1328 1494//1328 1497//1328 
f 1478//1328 1493//1328 1494//1328 
o mesh65
f 1499//1329 1495//1329 1477//1329 
f 1495//1329 1476//1329 1477//1329 
f 1477//1329 1500//1329 1499//1329 
o mesh66
f 1498//1328 1497//1328 1501//1330 
f 1502//1330 1501//1330 1503//1331 
f 1504//1331 1503//1331 1505//1332 
f 1506//1332 1505//1332 1507//1333 
f 1508//1333 1507//1333 1509//1334 
f 1510//1334 1509//1334 1511//1335 
f 1512//1335 1511//1335 1513//1336 
f 1514//1336 1513//1336 1515//1337 
f 1516//1337 1515//1337 1517//1338 
f 1518//1338 1517//1338 1519//1339 
f 1520//1339 1519//1339 1521//1340 
f 1522//1340 1521//1340 1523//1341 
f 1524//1341 1523//1341 1525//1342 
f 1526//1342 1525//1342 1527//1343 
f 1528//1343 1527//1343 1529//1344 
f 1530//1344 1529//1344 1531//1345 
f 1532//1345 1531//1345 1533//1346 
f 1534//1346 1533//1346 1535//1347 
f 1536//1347 1535//1347 1537//1348 
f 1538//1348 1537//1348 1539//1349 
f 1540//1349 1539//1349 1541//1350 
f 1542//1350 1541//1350 1543//1351 
f 1544//1351 1543//1351 1545//1352 
f 1546//1352 1545//1352 1547//1353 
f 1548//1353 1547//1353 1549//1354 
f 1550//1354 1549//1354 1551//1355 
f 1552//1355 1551//1355 1553//1356 
f 1554//1356 1553//1356 1555//1357 
f 1556//1357 1555//1357 1499//1358 
f 1499//1358 1500//1358 1556//1357 
f 1555//1357 1556//1357 1554//1356 
f 1553//1356 1554//1356 1552//1355 
f 1551//1355 1552//1355 1550//1354 
f 1549//1354 1550//1354 1548//1353 
f 1547//1353 1548//1353 1546//1352 
f 1545//1352 1546//1352 1544//1351 
f 1543//1351 1544//1351 1542//1350 
f 1541//1350 1542//1350 1540//1349 
f 1539//1349 1540//1349 1538//1348 
f 1537//1348 1538//1348 1536//1347 
f 1535//1347 1536//1347 1534//1346 
f 1533//1346 1534//1346 1532//1345 
f 1531//1345 1532//1345 1530//1344 
f 1529//1344 1530//1344 1528//1343 
f 1527//1343 1528//1343 1526//1342 
f 1525//1342 1526//1342 1524//1341 
f 1523//1341 1524//1341 1522//1340 
f 1521//1340 1522//1340 1520//1339 
f 1519//1339 1520//1339 1518//1338 
f 1517//1338 1518//1338 1516//1337 
f 1515//1337 1516//1337 1514//1336 
f 1513//1336 1514//1336 1512//1335 
f 1511//1335 1512//1335 1510//1334 
f 1509//1334 1510//1334 1508//1333 
f 1507//1333 1508//1333 1506//1332 
f 1505//1332 1506//1332 1504//1331 
f 1503//1331 1504//1331 1502//1330 
f 1501//1330 1502//1330 1498//1328 
o mesh67
f 1531//1359 1557//1359 1558//1359 
f 1529//1359 1559//1359 1557//1359 
f 1494//1359 1560//1359 1561//1359 
f 1537//1359 1562//1359 1563//1359 
f 1537//1359 1535//1359 1564//1359 
f 1557//1359 1531//1359 1529//1359 
f 1529//1359 1527//1359 1565//1359 
f 1527//1359 1525//1359 1566//1359 
f 1525//1359 1523//1359 1567//1359 
f 1521//1359 1519//1359 1568//1359 
f 1519//1359 1517//1359 1569//1359 
f 1494//1359 1570//1359 1571//1359 
f 1494//1359 1572//1359 1560//1359 
f 1564//1359 1562//1359 1537//1359 
f 1535//1359 1533//1359 1558//1359 
f 1565//1359 1559//1359 1529//1359 
f 1567//1359 1566//1359 1525//1359 
f 1521//1359 1573//1359 1567//1359 
f 1569//1359 1568//1359 1519//1359 
f 1517//1359 1515//1359 1574//1359 
f 1515//1359 1513//1359 1575//1359 
f 1494//1359 1576//1359 1570//1359 
f 1561//1359 1577//1359 1494//1359 
f 1495//1359 1578//1359 1572//1359 
f 1551//1359 1579//1359 1580//1359 
f 1549//1359 1581//1359 1579//1359 
f 1547//1359 1582//1359 1581//1359 
f 1547//1359 1545//1359 1583//1359 
f 1558//1359 1564//1359 1535//1359 
f 1566//1359 1565//1359 1527//1359 
f 1568//1359 1573//1359 1521//1359 
f 1575//1359 1574//1359 1515//1359 
f 1577//1359 1576//1359 1494//1359 
f 1495//1359 1584//1359 1578//1359 
f 1495//1359 1585//1359 1586//1359 
f 1579//1359 1551//1359 1549//1359 
f 1583//1359 1582//1359 1547//1359 
f 1541//1359 1587//1359 1588//1359 
f 1539//1359 1563//1359 1587//1359 
f 1558//1359 1533//1359 1531//1359 
f 1574//1359 1569//1359 1517//1359 
f 1509//1359 1589//1359 1590//1359 
f 1509//1359 1507//1359 1591//1359 
f 1572//1359 1494//1359 1495//1359 
f 1495//1359 1592//1359 1593//1359 
f 1495//1359 1594//1359 1595//1359 
f 1586//1359 1596//1359 1495//1359 
f 1499//1359 1597//1359 1598//1359 
f 1555//1359 1599//1359 1600//1359 
f 1555//1359 1553//1359 1580//1359 
f 1581//1359 1549//1359 1547//1359 
f 1545//1359 1543//1359 1588//1359 
f 1587//1359 1541//1359 1539//1359 
f 1567//1359 1523//1359 1521//1359 
f 1511//1359 1590//1359 1575//1359 
f 1591//1359 1589//1359 1509//1359 
f 1501//1359 1601//1359 1602//1359 
f 1501//1359 1497//1359 1603//1359 
f 1494//1359 1604//1359 1605//1359 
f 1593//1359 1584//1359 1495//1359 
f 1596//1359 1594//1359 1495//1359 
f 1495//1359 1598//1359 1606//1359 
f 1499//1359 1607//1359 1597//1359 
f 1580//1359 1599//1359 1555//1359 
f 1588//1359 1583//1359 1545//1359 
f 1563//1359 1539//1359 1537//1359 
f 1590//1359 1511//1359 1509//1359 
f 1503//1359 1602//1359 1608//1359 
f 1603//1359 1601//1359 1501//1359 
f 1497//1359 1609//1359 1610//1359 
f 1494//1359 1611//1359 1604//1359 
f 1595//1359 1592//1359 1495//1359 
f 1598//1359 1495//1359 1499//1359 
f 1499//1359 1600//1359 1612//1359 
f 1580//1359 1553//1359 1551//1359 
f 1575//1359 1513//1359 1511//1359 
f 1505//1359 1608//1359 1591//1359 
f 1602//1359 1503//1359 1501//1359 
f 1497//1359 1613//1359 1609//1359 
f 1497//1359 1494//1359 1614//1359 
f 1571//1359 1611//1359 1494//1359 
f 1612//1359 1607//1359 1499//1359 
f 1588//1359 1543//1359 1541//1359 
f 1608//1359 1505//1359 1503//1359 
f 1614//1359 1613//1359 1497//1359 
f 1606//1359 1585//1359 1495//1359 
f 1591//1359 1507//1359 1505//1359 
f 1605//1359 1614//1359 1494//1359 
f 1610//1359 1603//1359 1497//1359 
f 1600//1359 1499//1359 1555//1359 
o mesh68
f 1603//1360 1615//1360 1616//1361 
f 1601//1361 1616//1361 1617//1362 
f 1602//1362 1617//1362 1618//1363 
f 1608//1363 1618//1363 1619//1364 
f 1591//1364 1619//1364 1620//1365 
f 1589//1365 1620//1365 1621//1366 
f 1590//1366 1621//1366 1622//1367 
f 1575//1367 1622//1367 1623//1368 
f 1574//1368 1623//1368 1624//1369 
f 1569//1369 1624//1369 1625//1370 
f 1568//1370 1625//1370 1626//1371 
f 1573//1371 1626//1371 1627//1372 
f 1567//1372 1627//1372 1628//1373 
f 1566//1373 1628//1373 1629//1374 
f 1565//1374 1629//1374 1630//1375 
f 1559//1375 1630//1375 1631//1376 
f 1557//1376 1631//1376 1632//1377 
f 1558//1377 1632//1377 1633//1378 
f 1564//1378 1633//1378 1634//1379 
f 1562//1379 1634//1379 1635//1380 
f 1563//1380 1635//1380 1636//1381 
f 1587//1381 1636//1381 1637//1382 
f 1588//1382 1637//1382 1638//1383 
f 1583//1383 1638//1383 1639//1384 
f 1582//1384 1639//1384 1640//1385 
f 1581//1385 1640//1385 1641//1386 
f 1579//1386 1641//1386 1642//1387 
f 1580//1387 1642//1387 1643//1388 
f 1599//1388 1643//1388 1644//1389 
f 1600//1389 1644//1389 1645//1390 
f 1612//1390 1645//1390 1646//1391 
f 1607//1391 1646//1391 1647//1392 
f 1597//1392 1647//1392 1648//1393 
f 1598//1393 1648//1393 1649//1394 
f 1606//1394 1649//1394 1650//1395 
f 1585//1395 1650//1395 1651//1396 
f 1586//1396 1651//1396 1652//1397 
f 1596//1397 1652//1397 1653//1398 
f 1594//1398 1653//1398 1654//1399 
f 1595//1399 1654//1399 1655//1400 
f 1592//1400 1655//1400 1656//1401 
f 1593//1401 1656//1401 1657//1402 
f 1584//1402 1657//1402 1658//1403 
f 1578//1403 1658//1403 1659//1404 
f 1572//1404 1659//1404 1660//1405 
f 1560//1405 1660//1405 1661//1406 
f 1561//1406 1661//1406 1662//1407 
f 1577//1407 1662//1407 1663//1408 
f 1576//1408 1663//1408 1664//1409 
f 1570//1409 1664//1409 1665//1410 
f 1571//1410 1665//1410 1666//1411 
f 1611//1411 1666//1411 1667//1412 
f 1604//1412 1667//1412 1668//1413 
f 1605//1413 1668//1413 1669//1414 
f 1614//1414 1669//1414 1670//1415 
f 1613//1415 1670//1415 1671//1416 
f 1609//1416 1671//1416 1672//1417 
f 1610//1417 1672//1417 1615//1360 
f 1615//1360 1603//1360 1610//1417 
f 1672//1417 1610//1417 1609//1416 
f 1671//1416 1609//1416 1613//1415 
f 1670//1415 1613//1415 1614//1414 
f 1669//1414 1614//1414 1605//1413 
f 1668//1413 1605//1413 1604//1412 
f 1667//1412 1604//1412 1611//1411 
f 1666//1411 1611//1411 1571//1410 
f 1665//1410 1571//1410 1570//1409 
f 1664//1409 1570//1409 1576//1408 
f 1663//1408 1576//1408 1577//1407 
f 1662//1407 1577//1407 1561//1406 
f 1661//1406 1561//1406 1560//1405 
f 1660//1405 1560//1405 1572//1404 
f 1659//1404 1572//1404 1578//1403 
f 1658//1403 1578//1403 1584//1402 
f 1657//1402 1584//1402 1593//1401 
f 1656//1401 1593//1401 1592//1400 
f 1655//1400 1592//1400 1595//1399 
f 1654//1399 1595//1399 1594//1398 
f 1653//1398 1594//1398 1596//1397 
f 1652//1397 1596//1397 1586//1396 
f 1651//1396 1586//1396 1585//1395 
f 1650//1395 1585//1395 1606//1394 
f 1649//1394 1606//1394 1598//1393 
f 1648//1393 1598//1393 1597//1392 
f 1647//1392 1597//1392 1607//1391 
f 1646//1391 1607//1391 1612//1390 
f 1645//1390 1612//1390 1600//1389 
f 1644//1389 1600//1389 1599//1388 
f 1643//1388 1599//1388 1580//1387 
f 1642//1387 1580//1387 1579//1386 
f 1641//1386 1579//1386 1581//1385 
f 1640//1385 1581//1385 1582//1384 
f 1639//1384 1582//1384 1583//1383 
f 1638//1383 1583//1383 1588//1382 
f 1637//1382 1588//1382 1587//1381 
f 1636//1381 1587//1381 1563//1380 
f 1635//1380 1563//1380 1562//1379 
f 1634//1379 1562//1379 1564//1378 
f 1633//1378 1564//1378 1558//1377 
f 1632//1377 1558//1377 1557//1376 
f 1631//1376 1557//1376 1559//1375 
f 1630//1375 1559//1375 1565//1374 
f 1629//1374 1565//1374 1566//1373 
f 1628//1373 1566//1373 1567//1372 
f 1627//1372 1567//1372 1573//1371 
f 1626//1371 1573//1371 1568//1370 
f 1625//1370 1568//1370 1569//1369 
f 1624//1369 1569//1369 1574//1368 
f 1623//1368 1574//1368 1575//1367 
f 1622//1367 1575//1367 1590//1366 
f 1621//1366 1590//1366 1589//1365 
f 1620//1365 1589//1365 1591//1364 
f 1619//1364 1591//1364 1608//1363 
f 1618//1363 1608//1363 1602//1362 
f 1617//1362 1602//1362 1601//1361 
f 1616//1361 1601//1361 1603//1360 
o mesh69
f 1520//1418 1673//1418 1674//1418 
f 1522//1418 1675//1418 1673//1418 
f 1477//1418 1676//1418 1677//1418 
f 1478//1418 1678//1418 1679//1418 
f 1673//1418 1520//1418 1522//1418 
f 1522//1418 1524//1418 1680//1418 
f 1526//1418 1528//1418 1681//1418 
f 1528//1418 1530//1418 1682//1418 
f 1536//1418 1538//1418 1683//1418 
f 1538//1418 1540//1418 1684//1418 
f 1477//1418 1685//1418 1676//1418 
f 1478//1418 1686//1418 1687//1418 
f 1679//1418 1688//1418 1478//1418 
f 1680//1418 1675//1418 1522//1418 
f 1524//1418 1526//1418 1689//1418 
f 1682//1418 1681//1418 1528//1418 
f 1532//1418 1690//1418 1682//1418 
f 1536//1418 1691//1418 1692//1418 
f 1684//1418 1683//1418 1538//1418 
f 1477//1418 1693//1418 1685//1418 
f 1478//1418 1694//1418 1686//1418 
f 1688//1418 1695//1418 1478//1418 
f 1516//1418 1696//1418 1697//1418 
f 1516//1418 1518//1418 1674//1418 
f 1689//1418 1680//1418 1524//1418 
f 1682//1418 1530//1418 1532//1418 
f 1534//1418 1692//1418 1690//1418 
f 1683//1418 1691//1418 1536//1418 
f 1477//1418 1698//1418 1699//1418 
f 1477//1418 1687//1418 1693//1418 
f 1695//1418 1694//1418 1478//1418 
f 1512//1418 1514//1418 1697//1418 
f 1674//1418 1696//1418 1516//1418 
f 1681//1418 1689//1418 1526//1418 
f 1692//1418 1534//1418 1536//1418 
f 1542//1418 1700//1418 1684//1418 
f 1542//1418 1544//1418 1701//1418 
f 1552//1418 1702//1418 1703//1418 
f 1552//1418 1554//1418 1704//1418 
f 1699//1418 1705//1418 1477//1418 
f 1687//1418 1477//1418 1478//1418 
f 1478//1418 1706//1418 1707//1418 
f 1697//1418 1514//1418 1516//1418 
f 1690//1418 1532//1418 1534//1418 
f 1701//1418 1700//1418 1542//1418 
f 1546//1418 1708//1418 1701//1418 
f 1704//1418 1702//1418 1552//1418 
f 1554//1418 1556//1418 1709//1418 
f 1500//1418 1710//1418 1709//1418 
f 1677//1418 1698//1418 1477//1418 
f 1478//1418 1711//1418 1706//1418 
f 1498//1418 1712//1418 1713//1418 
f 1506//1418 1714//1418 1715//1418 
f 1506//1418 1508//1418 1716//1418 
f 1510//1418 1717//1418 1716//1418 
f 1510//1418 1512//1418 1718//1418 
f 1674//1418 1518//1418 1520//1418 
f 1701//1418 1544//1418 1546//1418 
f 1709//1418 1704//1418 1554//1418 
f 1500//1418 1719//1418 1710//1418 
f 1500//1418 1720//1418 1721//1418 
f 1500//1418 1477//1418 1722//1418 
f 1707//1418 1678//1418 1478//1418 
f 1713//1418 1478//1418 1498//1418 
f 1504//1418 1715//1418 1723//1418 
f 1716//1418 1714//1418 1506//1418 
f 1718//1418 1717//1418 1510//1418 
f 1684//1418 1540//1418 1542//1418 
f 1548//1418 1724//1418 1708//1418 
f 1548//1418 1550//1418 1703//1418 
f 1709//1418 1556//1418 1500//1418 
f 1721//1418 1725//1418 1500//1418 
f 1477//1418 1726//1418 1722//1418 
f 1713//1418 1711//1418 1478//1418 
f 1498//1418 1727//1418 1728//1418 
f 1498//1418 1502//1418 1723//1418 
f 1715//1418 1504//1418 1506//1418 
f 1697//1418 1718//1418 1512//1418 
f 1703//1418 1724//1418 1548//1418 
f 1725//1418 1719//1418 1500//1418 
f 1705//1418 1726//1418 1477//1418 
f 1498//1418 1729//1418 1727//1418 
f 1723//1418 1502//1418 1504//1418 
f 1708//1418 1546//1418 1548//1418 
f 1722//1418 1720//1418 1500//1418 
f 1498//1418 1730//1418 1729//1418 
f 1716//1418 1508//1418 1510//1418 
f 1728//1418 1712//1418 1498//1418 
f 1703//1418 1550//1418 1552//1418 
f 1723//1418 1730//1418 1498//1418 
o mesh70
f 1729//1419 1730//1420 1731//1420 
f 1727//1421 1729//1419 1732//1422 
f 1728//1423 1727//1421 1733//1424 
f 1712//1425 1728//1423 1734//1426 
f 1713//1427 1712//1425 1735//1428 
f 1711//1429 1713//1427 1736//1430 
f 1706//1431 1711//1429 1737//1432 
f 1707//1433 1706//1431 1738//1434 
f 1678//1435 1707//1433 1739//1436 
f 1679//1437 1678//1435 1740//1438 
f 1688//1439 1679//1437 1741//1440 
f 1695//1441 1688//1439 1742//1442 
f 1694//1443 1695//1441 1743//1444 
f 1686//1445 1694//1443 1744//1446 
f 1687//1447 1686//1445 1745//1448 
f 1693//1449 1687//1447 1746//1450 
f 1685//1451 1693//1449 1747//1452 
f 1676//1453 1685//1451 1748//1454 
f 1677//1455 1676//1453 1749//1456 
f 1698//1457 1677//1455 1750//1458 
f 1699//1459 1698//1457 1751//1460 
f 1705//1461 1699//1459 1752//1462 
f 1726//1463 1705//1461 1753//1464 
f 1722//1465 1726//1463 1754//1466 
f 1720//1467 1722//1465 1755//1468 
f 1721//1469 1720//1467 1756//1470 
f 1725//1471 1721//1469 1757//1472 
f 1719//1473 1725//1471 1758//1474 
f 1710//1475 1719//1473 1759//1476 
f 1709//1477 1710//1475 1760//1478 
f 1704//1479 1709//1477 1761//1480 
f 1702//1481 1704//1479 1762//1482 
f 1703//1483 1702//1481 1763//1484 
f 1724//1485 1703//1483 1764//1486 
f 1708//1487 1724//1485 1765//1488 
f 1701//1489 1708//1487 1766//1490 
f 1700//1491 1701//1489 1767//1492 
f 1684//1493 1700//1491 1768//1494 
f 1683//1495 1684//1493 1769//1496 
f 1691//1497 1683//1495 1770//1498 
f 1692//1499 1691//1497 1771//1500 
f 1690//1501 1692//1499 1772//1502 
f 1682//1503 1690//1501 1773//1504 
f 1681//1505 1682//1503 1774//1506 
f 1689//1507 1681//1505 1775//1508 
f 1680//1509 1689//1507 1776//1510 
f 1675//1511 1680//1509 1777//1512 
f 1673//1513 1675//1511 1778//1514 
f 1674//1515 1673//1513 1779//1516 
f 1696//1517 1674//1515 1780//1518 
f 1697//1519 1696//1517 1781//1520 
f 1718//1521 1697//1519 1782//1522 
f 1717//1523 1718//1521 1783//1524 
f 1716//1525 1717//1523 1784//1526 
f 1714//1527 1716//1525 1785//1528 
f 1715//1529 1714//1527 1786//1530 
f 1723//1531 1715//1529 1787//1532 
f 1730//1420 1723//1531 1788//1531 
f 1788//1531 1731//1420 1730//1420 
f 1787//1532 1788//1531 1723//1531 
f 1786//1530 1787//1532 1715//1529 
f 1785//1528 1786//1530 1714//1527 
f 1784//1526 1785//1528 1716//1525 
f 1783//1524 1784//1526 1717//1523 
f 1782//1522 1783//1524 1718//1521 
f 1781//1520 1782//1522 1697//1519 
f 1780//1518 1781//1520 1696//1517 
f 1779//1516 1780//1518 1674//1515 
f 1778//1514 1779//1516 1673//1513 
f 1777//1512 1778//1514 1675//1511 
f 1776//1510 1777//1512 1680//1509 
f 1775//1508 1776//1510 1689//1507 
f 1774//1506 1775//1508 1681//1505 
f 1773//1504 1774//1506 1682//1503 
f 1772//1502 1773//1504 1690//1501 
f 1771//1500 1772//1502 1692//1499 
f 1770//1498 1771//1500 1691//1497 
f 1769//1496 1770//1498 1683//1495 
f 1768//1494 1769//1496 1684//1493 
f 1767//1492 1768//1494 1700//1491 
f 1766//1490 1767//1492 1701//1489 
f 1765//1488 1766//1490 1708//1487 
f 1764//1486 1765//1488 1724//1485 
f 1763//1484 1764//1486 1703//1483 
f 1762//1482 1763//1484 1702//1481 
f 1761//1480 1762//1482 1704//1479 
f 1760//1478 1761//1480 1709//1477 
f 1759//1476 1760//1478 1710//1475 
f 1758//1474 1759//1476 1719//1473 
f 1757//1472 1758//1474 1725//1471 
f 1756//1470 1757//1472 1721//1469 
f 1755//1468 1756//1470 1720//1467 
f 1754//1466 1755//1468 1722//1465 
f 1753//1464 1754//1466 1726//1463 
f 1752//1462 1753//1464 1705//1461 
f 1751//1460 1752//1462 1699//1459 
f 1750//1458 1751//1460 1698//1457 
f 1749//1456 1750//1458 1677//1455 
f 1748//1454 1749//1456 1676//1453 
f 1747//1452 1748//1454 1685//1451 
f 1746//1450 1747//1452 1693//1449 
f 1745//1448 1746//1450 1687//1447 
f 1744//1446 1745//1448 1686//1445 
f 1743//1444 1744//1446 1694//1443 
f 1742//1442 1743//1444 1695//1441 
f 1741//1440 1742//1442 1688//1439 
f 1740//1438 1741//1440 1679//1437 
f 1739//1436 1740//1438 1678//1435 
f 1738//1434 1739//1436 1707//1433 
f 1737//1432 1738//1434 1706//1431 
f 1736//1430 1737//1432 1711//1429 
f 1735//1428 1736//1430 1713//1427 
f 1734//1426 1735//1428 1712//1425 
f 1733//1424 1734//1426 1728//1423 
f 1732//1422 1733//1424 1727//1421 
f 1731//1420 1732//1422 1729//1419 
o mesh71
f 1789//1533 1759//1533 1758//1533 
f 1758//1533 1757//1533 1789//1533 
f 1757//1533 1756//1533 1789//1533 
f 1756//1533 1755//1533 1789//1533 
f 1755//1533 1754//1533 1789//1533 
f 1754//1533 1753//1533 1789//1533 
f 1753//1533 1752//1533 1789//1533 
f 1752//1533 1751//1533 1789//1533 
f 1751//1533 1750//1533 1789//1533 
f 1750//1533 1749//1533 1789//1533 
f 1749//1533 1748//1533 1789//1533 
f 1748//1533 1747//1533 1789//1533 
f 1747//1533 1746//1533 1789//1533 
f 1746//1533 1745//1533 1789//1533 
f 1745//1533 1744//1533 1789//1533 
f 1744//1533 1743//1533 1789//1533 
f 1743//1533 1742//1533 1789//1533 
f 1742//1533 1741//1533 1789//1533 
f 1741//1533 1740//1533 1789//1533 
f 1740//1533 1739//1533 1789//1533 
f 1739//1533 1738//1533 1789//1533 
f 1738//1533 1737//1533 1789//1533 
f 1737//1533 1736//1533 1789//1533 
f 1736//1533 1735//1533 1789//1533 
f 1735//1533 1734//1533 1789//1533 
f 1734//1533 1733//1533 1789//1533 
f 1733//1533 1732//1533 1789//1533 
f 1732//1533 1731//1533 1789//1533 
f 1731//1533 1788//1533 1789//1533 
f 1788//1533 1787//1533 1789//1533 
f 1787//1533 1786//1533 1789//1533 
f 1786//1533 1785//1533 1789//1533 
f 1785//1533 1784//1533 1789//1533 
f 1784//1533 1783//1533 1789//1533 
f 1783//1533 1782//1533 1789//1533 
f 1782//1533 1781//1533 1789//1533 
f 1781//1533 1780//1533 1789//1533 
f 1780//1533 1779//1533 1789//1533 
f 1779//1533 1778//1533 1789//1533 
f 1778//1533 1777//1533 1789//1533 
f 1777//1533 1776//1533 1789//1533 
f 1776//1533 1775//1533 1789//1533 
f 1775//1533 1774//1533 1789//1533 
f 1774//1533 1773//1533 1789//1533 
f 1773//1533 1772//1533 1789//1533 
f 1772//1533 1771//1533 1789//1533 
f 1771//1533 1770//1533 1789//1533 
f 1770//1533 1769//1533 1789//1533 
f 1769//1533 1768//1533 1789//1533 
f 1768//1533 1767//1533 1789//1533 
f 1767//1533 1766//1533 1789//1533 
f 1766//1533 1765//1533 1789//1533 
f 1765//1533 1764//1533 1789//1533 
f 1764//1533 1763//1533 1789//1533 
f 1763//1533 1762//1533 1789//1533 
f 1762//1533 1761//1533 1789//1533 
f 1761//1533 1760//1533 1789//1533 
f 1760//1533 1759//1533 1789//1533 
o mesh72
f 1482//1534 1481//1534 1790//1534 
f 1496//1534 1791//1534 1792//1534 
f 1790//1534 1487//1534 1482//1534 
f 1481//1534 1792//1534 1790//1534 
f 1792//1534 1481//1534 1496//1534 
o mesh73
f 1793//1535 1790//1535 1792//1535 
f 1792//1535 1794//1535 1793//1535 
o mesh74
f 1795//1536 1796//1536 1791//1536 
f 1794//1536 1792//1536 1791//1536 
f 1791//1536 1796//1536 1794//1536 
f 1791//1536 1797//1536 1795//1536 
o mesh75
f 1490//1537 1798//1537 1491//1537 
f 1484//1537 1489//1537 1490//1537 
f 1490//1537 1485//1537 1484//1537 
f 1491//1537 1485//1537 1490//1537 
o mesh76
f 1793//1538 1799//1538 1490//1538 
f 1490//1538 1487//1538 1793//1538 
f 1799//1538 1800//1538 1490//1538 
f 1487//1538 1790//1538 1793//1538 
o mesh77
f 1795//1539 1492//1539 1491//1539 
f 1491//1539 1801//1539 1795//1539 
f 1795//1539 1797//1539 1492//1539 
f 1491//1539 1802//1539 1801//1539 
o mesh78
f 1803//1540 1804//1540 1805//1540 
f 1801//1540 1802//1540 1805//1540 
f 1805//1540 1804//1540 1801//1540 
f 1805//1540 1806//1540 1803//1540 
o mesh79
f 1798//1539 1800//1539 1806//1539 
f 1798//1539 1490//1539 1800//1539 
f 1806//1539 1805//1539 1798//1539 
o mesh80
f 1803//1541 1806//1541 1800//1541 
f 1800//1541 1799//1541 1803//1541 
o mesh81
f 1807//1542 1808//1542 1809//1542 
f 1809//1542 1810//1542 1807//1542 
f 1811//1542 1810//1542 1812//1542 
f 1810//1542 1811//1542 1807//1542 
f 1808//1542 1813//1542 1809//1542 
f 1813//1542 1814//1542 1815//1542 
f 1816//1542 1813//1542 1817//1542 
f 1813//1542 1818//1542 1809//1542 
f 1813//1542 1816//1542 1814//1542 
f 1817//1542 1819//1542 1816//1542 
f 1815//1542 1818//1542 1813//1542 
f 1820//1542 1821//1542 1822//1542 
f 1812//1542 1820//1542 1811//1542 
f 1820//1542 1823//1542 1821//1542 
f 1823//1542 1820//1542 1824//1542 
f 1822//1542 1811//1542 1820//1542 
f 1819//1542 1825//1542 1816//1542 
f 1826//1542 1827//1542 1828//1542 
f 1824//1542 1829//1542 1823//1542 
f 1828//1542 1830//1542 1826//1542 
f 1829//1542 1831//1542 1823//1542 
f 1826//1542 1832//1542 1827//1542 
f 1832//1542 1826//1542 1833//1542 
f 1830//1542 1816//1542 1826//1542 
f 1834//1542 1835//1542 1836//1542 
f 1825//1542 1826//1542 1816//1542 
f 1829//1542 1834//1542 1837//1542 
f 1834//1542 1829//1542 1835//1542 
f 1837//1542 1831//1542 1829//1542 
f 1804//1542 1838//1542 1839//1542 
f 1834//1542 1840//1542 1841//1542 
f 1833//1542 1842//1542 1832//1542 
f 1839//1542 1843//1542 1804//1542 
f 1804//1542 1844//1542 1845//1542 
f 1832//1542 1842//1542 1846//1542 
f 1836//1542 1840//1542 1834//1542 
f 1804//1542 1847//1542 1848//1542 
f 1845//1542 1838//1542 1804//1542 
f 1803//1542 1849//1542 1850//1542 
f 1841//1542 1851//1542 1834//1542 
f 1851//1542 1852//1542 1853//1542 
f 1794//1542 1854//1542 1855//1542 
f 1794//1542 1856//1542 1857//1542 
f 1804//1542 1858//1542 1859//1542 
f 1843//1542 1847//1542 1804//1542 
f 1850//1542 1804//1542 1803//1542 
f 1803//1542 1799//1542 1860//1542 
f 1799//1542 1793//1542 1861//1542 
f 1853//1542 1834//1542 1851//1542 
f 1793//1542 1862//1542 1832//1542 
f 1793//1542 1863//1542 1864//1542 
f 1794//1542 1865//1542 1866//1542 
f 1857//1542 1854//1542 1794//1542 
f 1794//1542 1867//1542 1868//1542 
f 1804//1542 1869//1542 1858//1542 
f 1850//1542 1844//1542 1804//1542 
f 1799//1542 1870//1542 1860//1542 
f 1793//1542 1871//1542 1861//1542 
f 1832//1542 1871//1542 1793//1542 
f 1793//1542 1872//1542 1863//1542 
f 1793//1542 1873//1542 1874//1542 
f 1794//1542 1875//1542 1873//1542 
f 1855//1542 1865//1542 1794//1542 
f 1868//1542 1876//1542 1794//1542 
f 1848//1542 1869//1542 1804//1542 
f 1860//1542 1877//1542 1803//1542 
f 1861//1542 1878//1542 1799//1542 
f 1864//1542 1862//1542 1793//1542 
f 1851//1542 1879//1542 1880//1542 
f 1873//1542 1793//1542 1794//1542 
f 1876//1542 1856//1542 1794//1542 
f 1794//1542 1881//1542 1882//1542 
f 1877//1542 1849//1542 1803//1542 
f 1879//1542 1851//1542 1883//1542 
f 1846//1542 1871//1542 1832//1542 
f 1880//1542 1884//1542 1851//1542 
f 1866//1542 1875//1542 1794//1542 
f 1882//1542 1885//1542 1794//1542 
f 1794//1542 1886//1542 1887//1542 
f 1799//1542 1888//1542 1870//1542 
f 1883//1542 1889//1542 1879//1542 
f 1884//1542 1852//1542 1851//1542 
f 1793//1542 1890//1542 1891//1542 
f 1885//1542 1867//1542 1794//1542 
f 1794//1542 1892//1542 1893//1542 
f 1794//1542 1894//1542 1886//1542 
f 1804//1542 1895//1542 1896//1542 
f 1799//1542 1897//1542 1888//1542 
f 1799//1542 1898//1542 1899//1542 
f 1799//1542 1900//1542 1901//1542 
f 1878//1542 1900//1542 1799//1542 
f 1902//1542 1804//1542 1903//1542 
f 1793//1542 1904//1542 1905//1542 
f 1874//1542 1890//1542 1793//1542 
f 1887//1542 1892//1542 1794//1542 
f 1804//1542 1906//1542 1907//1542 
f 1859//1542 1895//1542 1804//1542 
f 1799//1542 1908//1542 1898//1542 
f 1804//1542 1909//1542 1910//1542 
f 1889//1542 1902//1542 1879//1542 
f 1903//1542 1911//1542 1902//1542 
f 1905//1542 1912//1542 1793//1542 
f 1893//1542 1881//1542 1794//1542 
f 1796//1542 1910//1542 1913//1542 
f 1907//1542 1914//1542 1804//1542 
f 1899//1542 1897//1542 1799//1542 
f 1804//1542 1902//1542 1909//1542 
f 1911//1542 1879//1542 1902//1542 
f 1891//1542 1904//1542 1793//1542 
f 1913//1542 1794//1542 1796//1542 
f 1896//1542 1906//1542 1804//1542 
f 1799//1542 1915//1542 1916//1542 
f 1901//1542 1915//1542 1799//1542 
f 1793//1542 1917//1542 1918//1542 
f 1793//1542 1919//1542 1920//1542 
f 1913//1542 1894//1542 1794//1542 
f 1804//1542 1921//1542 1922//1542 
f 1916//1542 1908//1542 1799//1542 
f 1918//1542 1872//1542 1793//1542 
f 1912//1542 1919//1542 1793//1542 
f 1914//1542 1921//1542 1804//1542 
f 1920//1542 1917//1542 1793//1542 
f 1910//1542 1796//1542 1804//1542 
f 1922//1542 1903//1542 1804//1542 
o mesh82
f 1910//1543 1923//1543 1924//1544 
f 1913//1544 1924//1544 1925//1545 
f 1894//1545 1925//1545 1926//1546 
f 1886//1546 1926//1546 1927//1547 
f 1887//1547 1927//1547 1928//1548 
f 1892//1548 1928//1548 1929//1549 
f 1893//1549 1929//1549 1930//1550 
f 1881//1550 1930//1550 1931//1551 
f 1882//1551 1931//1551 1932//1552 
f 1885//1552 1932//1552 1933//1553 
f 1867//1553 1933//1553 1934//1554 
f 1868//1554 1934//1554 1935//1555 
f 1876//1555 1935//1555 1936//1556 
f 1856//1556 1936//1556 1937//1557 
f 1857//1557 1937//1557 1938//1558 
f 1854//1558 1938//1558 1939//1559 
f 1855//1559 1939//1559 1940//1560 
f 1865//1560 1940//1560 1941//1561 
f 1866//1561 1941//1561 1942//1562 
f 1875//1562 1942//1562 1943//1563 
f 1873//1563 1943//1563 1944//1564 
f 1874//1564 1944//1564 1945//1565 
f 1890//1565 1945//1565 1946//1566 
f 1891//1566 1946//1566 1947//1567 
f 1904//1567 1947//1567 1948//1568 
f 1905//1568 1948//1568 1949//1569 
f 1912//1569 1949//1569 1950//1570 
f 1919//1570 1950//1570 1951//1571 
f 1920//1571 1951//1571 1952//1572 
f 1917//1572 1952//1572 1953//1573 
f 1918//1573 1953//1573 1954//1574 
f 1872//1574 1954//1574 1955//1575 
f 1863//1575 1955//1575 1956//1576 
f 1864//1576 1956//1576 1957//1577 
f 1862//1577 1957//1577 1958//1578 
f 1832//1578 1958//1578 1959//1579 
f 1827//1579 1959//1579 1960//1580 
f 1828//1580 1960//1580 1961//1581 
f 1830//1581 1961//1581 1962//1582 
f 1816//1582 1962//1582 1963//1583 
f 1814//1583 1963//1583 1964//1584 
f 1815//1584 1964//1584 1965//1585 
f 1818//1585 1965//1585 1966//1586 
f 1809//1586 1966//1586 1967//1587 
f 1810//1587 1967//1587 1968//1588 
f 1812//1588 1968//1588 1969//1589 
f 1820//1589 1969//1589 1970//1590 
f 1824//1590 1970//1590 1971//1591 
f 1829//1591 1971//1591 1972//1592 
f 1835//1592 1972//1592 1973//1593 
f 1836//1593 1973//1593 1974//1594 
f 1840//1594 1974//1594 1975//1595 
f 1841//1595 1975//1595 1976//1596 
f 1851//1596 1976//1596 1977//1597 
f 1883//1597 1977//1597 1978//1598 
f 1889//1598 1978//1598 1979//1599 
f 1902//1599 1979//1599 1980//1600 
f 1909//1600 1980//1600 1923//1543 
f 1923//1543 1910//1543 1909//1600 
f 1980//1600 1909//1600 1902//1599 
f 1979//1599 1902//1599 1889//1598 
f 1978//1598 1889//1598 1883//1597 
f 1977//1597 1883//1597 1851//1596 
f 1976//1596 1851//1596 1841//1595 
f 1975//1595 1841//1595 1840//1594 
f 1974//1594 1840//1594 1836//1593 
f 1973//1593 1836//1593 1835//1592 
f 1972//1592 1835//1592 1829//1591 
f 1971//1591 1829//1591 1824//1590 
f 1970//1590 1824//1590 1820//1589 
f 1969//1589 1820//1589 1812//1588 
f 1968//1588 1812//1588 1810//1587 
f 1967//1587 1810//1587 1809//1586 
f 1966//1586 1809//1586 1818//1585 
f 1965//1585 1818//1585 1815//1584 
f 1964//1584 1815//1584 1814//1583 
f 1963//1583 1814//1583 1816//1582 
f 1962//1582 1816//1582 1830//1581 
f 1961//1581 1830//1581 1828//1580 
f 1960//1580 1828//1580 1827//1579 
f 1959//1579 1827//1579 1832//1578 
f 1958//1578 1832//1578 1862//1577 
f 1957//1577 1862//1577 1864//1576 
f 1956//1576 1864//1576 1863//1575 
f 1955//1575 1863//1575 1872//1574 
f 1954//1574 1872//1574 1918//1573 
f 1953//1573 1918//1573 1917//1572 
f 1952//1572 1917//1572 1920//1571 
f 1951//1571 1920//1571 1919//1570 
f 1950//1570 1919//1570 1912//1569 
f 1949//1569 1912//1569 1905//1568 
f 1948//1568 1905//1568 1904//1567 
f 1947//1567 1904//1567 1891//1566 
f 1946//1566 1891//1566 1890//1565 
f 1945//1565 1890//1565 1874//1564 
f 1944//1564 1874//1564 1873//1563 
f 1943//1563 1873//1563 1875//1562 
f 1942//1562 1875//1562 1866//1561 
f 1941//1561 1866//1561 1865//1560 
f 1940//1560 1865//1560 1855//1559 
f 1939//1559 1855//1559 1854//1558 
f 1938//1558 1854//1558 1857//1557 
f 1937//1557 1857//1557 1856//1556 
f 1936//1556 1856//1556 1876//1555 
f 1935//1555 1876//1555 1868//1554 
f 1934//1554 1868//1554 1867//1553 
f 1933//1553 1867//1553 1885//1552 
f 1932//1552 1885//1552 1882//1551 
f 1931//1551 1882//1551 1881//1550 
f 1930//1550 1881//1550 1893//1549 
f 1929//1549 1893//1549 1892//1548 
f 1928//1548 1892//1548 1887//1547 
f 1927//1547 1887//1547 1886//1546 
f 1926//1546 1886//1546 1894//1545 
f 1925//1545 1894//1545 1913//1544 
f 1924//1544 1913//1544 1910//1543 
o mesh83
f 1981//1601 1951//1601 1950//1601 
f 1950//1601 1949//1601 1981//1601 
f 1949//1601 1948//1601 1981//1601 
f 1948//1601 1947//1601 1981//1601 
f 1947//1601 1946//1601 1981//1601 
f 1946//1601 1945//1601 1981//1601 
f 1945//1601 1944//1601 1981//1601 
f 1944//1601 1943//1601 1981//1601 
f 1943//1601 1942//1601 1981//1601 
f 1942//1601 1941//1601 1981//1601 
f 1941//1601 1940//1601 1981//1601 
f 1940//1601 1939//1601 1981//1601 
f 1939//1601 1938//1601 1981//1601 
f 1938//1601 1937//1601 1981//1601 
f 1937//1601 1936//1601 1981//1601 
f 1936//1601 1935//1601 1981//1601 
f 1935//1601 1934//1601 1981//1601 
f 1934//1601 1933//1601 1981//1601 
f 1933//1601 1932//1601 1981//1601 
f 1932//1601 1931//1601 1981//1601 
f 1931//1601 1930//1601 1981//1601 
f 1930//1601 1929//1601 1981//1601 
f 1929//1601 1928//1601 1981//1601 
f 1928//1601 1927//1601 1981//1601 
f 1927//1601 1926//1601 1981//1601 
f 1926//1601 1925//1601 1981//1601 
f 1925//1601 1924//1601 1981//1601 
f 1924//1601 1923//1601 1981//1601 
f 1923//1601 1980//1601 1981//1601 
f 1980//1601 1979//1601 1981//1601 
f 1979//1601 1978//1601 1981//1601 
f 1978//1601 1977//1601 1981//1601 
f 1977//1601 1976//1601 1981//1601 
f 1976//1601 1975//1601 1981//1601 
f 1975//1601 1974//1601 1981//1601 
f 1974//1601 1973//1601 1981//1601 
f 1973//1601 1972//1601 1981//1601 
f 1972//1601 1971//1601 1981//1601 
f 1971//1601 1970//1601 1981//1601 
f 1970//1601 1969//1601 1981//1601 
f 1969//1601 1968//1601 1981//1601 
f 1968//1601 1967//1601 1981//1601 
f 1967//1601 1966//1601 1981//1601 
f 1966//1601 1965//1601 1981//1601 
f 1965//1601 1964//1601 1981//1601 
f 1964//1601 1963//1601 1981//1601 
f 1963//1601 1962//1601 1981//1601 
f 1962//1601 1961//1601 1981//1601 
f 1961//1601 1960//1601 1981//1601 
f 1960//1601 1959//1601 1981//1601 
f 1959//1601 1958//1601 1981//1601 
f 1958//1601 1957//1601 1981//1601 
f 1957//1601 1956//1601 1981//1601 
f 1956//1601 1955//1601 1981//1601 
f 1955//1601 1954//1601 1981//1601 
f 1954//1601 1953//1601 1981//1601 
f 1953//1601 1952//1601 1981//1601 
f 1952//1601 1951//1601 1981//1601 
o mesh84
f 1903//1602 1982//1602 1983//1603 
f 1911//1603 1983//1603 1984//1604 
f 1879//1604 1984//1604 1985//1605 
f 1880//1605 1985//1605 1986//1606 
f 1884//1606 1986//1606 1987//1607 
f 1852//1607 1987//1607 1988//1608 
f 1853//1608 1988//1608 1989//1609 
f 1834//1609 1989//1609 1990//1610 
f 1837//1610 1990//1610 1991//1611 
f 1831//1611 1991//1611 1992//1612 
f 1823//1612 1992//1612 1993//1613 
f 1821//1613 1993//1613 1994//1614 
f 1822//1614 1994//1614 1995//1615 
f 1811//1615 1995//1615 1996//1616 
f 1807//1616 1996//1616 1997//1617 
f 1808//1617 1997//1617 1998//1618 
f 1813//1618 1998//1618 1999//1619 
f 1817//1619 1999//1619 2000//1620 
f 1819//1620 2000//1620 2001//1621 
f 1825//1621 2001//1621 2002//1622 
f 1826//1622 2002//1622 2003//1623 
f 1833//1623 2003//1623 2004//1624 
f 1842//1624 2004//1624 2005//1625 
f 1846//1625 2005//1625 2006//1626 
f 1871//1626 2006//1626 2007//1627 
f 1861//1627 2007//1627 2008//1628 
f 1878//1628 2008//1628 2009//1629 
f 1900//1629 2009//1629 2010//1630 
f 1901//1630 2010//1630 2011//1631 
f 1915//1631 2011//1631 2012//1632 
f 1916//1632 2012//1632 2013//1633 
f 1908//1633 2013//1633 2014//1634 
f 1898//1634 2014//1634 2015//1635 
f 1899//1635 2015//1635 2016//1636 
f 1897//1636 2016//1636 2017//1637 
f 1888//1637 2017//1637 2018//1638 
f 1870//1638 2018//1638 2019//1639 
f 1860//1639 2019//1639 2020//1640 
f 1877//1640 2020//1640 2021//1641 
f 1849//1641 2021//1641 2022//1642 
f 1850//1642 2022//1642 2023//1643 
f 1844//1643 2023//1643 2024//1644 
f 1845//1644 2024//1644 2025//1645 
f 1838//1645 2025//1645 2026//1646 
f 1839//1646 2026//1646 2027//1647 
f 1843//1647 2027//1647 2028//1648 
f 1847//1648 2028//1648 2029//1649 
f 1848//1649 2029//1649 2030//1650 
f 1869//1650 2030//1650 2031//1651 
f 1858//1651 2031//1651 2032//1652 
f 1859//1652 2032//1652 2033//1653 
f 1895//1653 2033//1653 2034//1654 
f 1896//1654 2034//1654 2035//1655 
f 1906//1655 2035//1655 2036//1656 
f 1907//1656 2036//1656 2037//1657 
f 1914//1657 2037//1657 2038//1658 
f 1921//1658 2038//1658 2039//1659 
f 1922//1659 2039//1659 1982//1602 
f 1982//1602 1903//1602 1922//1659 
f 2039//1659 1922//1659 1921//1658 
f 2038//1658 1921//1658 1914//1657 
f 2037//1657 1914//1657 1907//1656 
f 2036//1656 1907//1656 1906//1655 
f 2035//1655 1906//1655 1896//1654 
f 2034//1654 1896//1654 1895//1653 
f 2033//1653 1895//1653 1859//1652 
f 2032//1652 1859//1652 1858//1651 
f 2031//1651 1858//1651 1869//1650 
f 2030//1650 1869//1650 1848//1649 
f 2029//1649 1848//1649 1847//1648 
f 2028//1648 1847//1648 1843//1647 
f 2027//1647 1843//1647 1839//1646 
f 2026//1646 1839//1646 1838//1645 
f 2025//1645 1838//1645 1845//1644 
f 2024//1644 1845//1644 1844//1643 
f 2023//1643 1844//1643 1850//1642 
f 2022//1642 1850//1642 1849//1641 
f 2021//1641 1849//1641 1877//1640 
f 2020//1640 1877//1640 1860//1639 
f 2019//1639 1860//1639 1870//1638 
f 2018//1638 1870//1638 1888//1637 
f 2017//1637 1888//1637 1897//1636 
f 2016//1636 1897//1636 1899//1635 
f 2015//1635 1899//1635 1898//1634 
f 2014//1634 1898//1634 1908//1633 
f 2013//1633 1908//1633 1916//1632 
f 2012//1632 1916//1632 1915//1631 
f 2011//1631 1915//1631 1901//1630 
f 2010//1630 1901//1630 1900//1629 
f 2009//1629 1900//1629 1878//1628 
f 2008//1628 1878//1628 1861//1627 
f 2007//1627 1861//1627 1871//1626 
f 2006//1626 1871//1626 1846//1625 
f 2005//1625 1846//1625 1842//1624 
f 2004//1624 1842//1624 1833//1623 
f 2003//1623 1833//1623 1826//1622 
f 2002//1622 1826//1622 1825//1621 
f 2001//1621 1825//1621 1819//1620 
f 2000//1620 1819//1620 1817//1619 
f 1999//1619 1817//1619 1813//1618 
f 1998//1618 1813//1618 1808//1617 
f 1997//1617 1808//1617 1807//1616 
f 1996//1616 1807//1616 1811//1615 
f 1995//1615 1811//1615 1822//1614 
f 1994//1614 1822//1614 1821//1613 
f 1993//1613 1821//1613 1823//1612 
f 1992//1612 1823//1612 1831//1611 
f 1991//1611 1831//1611 1837//1610 
f 1990//1610 1837//1610 1834//1609 
f 1989//1609 1834//1609 1853//1608 
f 1988//1608 1853//1608 1852//1607 
f 1987//1607 1852//1607 1884//1606 
f 1986//1606 1884//1606 1880//1605 
f 1985//1605 1880//1605 1879//1604 
f 1984//1604 1879//1604 1911//1603 
f 1983//1603 1911//1603 1903//1602 
o mesh85
f 2040//1660 2010//1660 2009//1660 
f 2009//1660 2008//1660 2040//1660 
f 2008//1660 2007//1660 2040//1660 
f 2007//1660 2006//1660 2040//1660 
f 2006//1660 2005//1660 2040//1660 
f 2005//1660 2004//1660 2040//1660 
f 2004//1660 2003//1660 2040//1660 
f 2003//1660 2002//1660 2040//1660 
f 2002//1660 2001//1660 2040//1660 
f 2001//1660 2000//1660 2040//1660 
f 2000//1660 1999//1660 2040//1660 
f 1999//1660 1998//1660 2040//1660 
f 1998//1660 1997//1660 2040//1660 
f 1997//1660 1996//1660 2040//1660 
f 1996//1660 1995//1660 2040//1660 
f 1995//1660 1994//1660 2040//1660 
f 1994//1660 1993//1660 2040//1660 
f 1993//1660 1992//1660 2040//1660 
f 1992//1660 1991//1660 2040//1660 
f 1991//1660 1990//1660 2040//1660 
f 1990//1660 1989//1660 2040//1660 
f 1989//1660 1988//1660 2040//1660 
f 1988//1660 1987//1660 2040//1660 
f 1987//1660 1986//1660 2040//1660 
f 1986//1660 1985//1660 2040//1660 
f 1985//1660 1984//1660 2040//1660 
f 1984//1660 1983//1660 2040//1660 
f 1983//1660 1982//1660 2040//1660 
f 1982//1660 2039//1660 2040//1660 
f 2039//1660 2038//1660 2040//1660 
f 2038//1660 2037//1660 2040//1660 
f 2037//1660 2036//1660 2040//1660 
f 2036//1660 2035//1660 2040//1660 
f 2035//1660 2034//1660 2040//1660 
f 2034//1660 2033//1660 2040//1660 
f 2033//1660 2032//1660 2040//1660 
f 2032//1660 2031//1660 2040//1660 
f 2031//1660 2030//1660 2040//1660 
f 2030//1660 2029//1660 2040//1660 
f 2029//1660 2028//1660 2040//1660 
f 2028//1660 2027//1660 2040//1660 
f 2027//1660 2026//1660 2040//1660 
f 2026//1660 2025//1660 2040//1660 
f 2025//1660 2024//1660 2040//1660 
f 2024//1660 2023//1660 2040//1660 
f 2023//1660 2022//1660 2040//1660 
f 2022//1660 2021//1660 2040//1660 
f 2021//1660 2020//1660 2040//1660 
f 2020//1660 2019//1660 2040//1660 
f 2019//1660 2018//1660 2040//1660 
f 2018//1660 2017//1660 2040//1660 
f 2017//1660 2016//1660 2040//1660 
f 2016//1660 2015//1660 2040//1660 
f 2015//1660 2014//1660 2040//1660 
f 2014//1660 2013//1660 2040//1660 
f 2013//1660 2012//1660 2040//1660 
f 2012//1660 2011//1660 2040//1660 
f 2011//1660 2010//1660 2040//1660 
o mesh86
f 1802//1661 2041//1661 2042//1661 
f 2043//1661 1805//1661 2044//1661 
f 1802//1661 2045//1661 2046//1661 
f 1802//1661 2047//1661 2048//1661 
f 1802//1661 2049//1661 2041//1661 
f 1805//1661 2050//1661 2051//1661 
f 1805//1661 2052//1661 2044//1661 
f 1805//1661 2053//1661 2054//1661 
f 1802//1661 2055//1661 2045//1661 
f 2042//1661 2047//1661 1802//1661 
f 2056//1661 2057//1661 2058//1661 
f 1805//1661 2059//1661 2060//1661 
f 2051//1661 2061//1661 1805//1661 
f 2044//1661 2062//1661 2043//1661 
f 1805//1661 2063//1661 2064//1661 
f 2054//1661 2065//1661 1805//1661 
f 1805//1661 2046//1661 2066//1661 
f 2048//1661 2055//1661 1802//1661 
f 1802//1661 2067//1661 2068//1661 
f 2058//1661 2069//1661 2056//1661 
f 2056//1661 2070//1661 2071//1661 
f 2056//1661 2072//1661 2073//1661 
f 2056//1661 2074//1661 2075//1661 
f 2060//1661 2076//1661 1805//1661 
f 2043//1661 2050//1661 1805//1661 
f 1805//1661 2077//1661 2063//1661 
f 1805//1661 2078//1661 2053//1661 
f 2046//1661 1805//1661 1802//1661 
f 2068//1661 2079//1661 1802//1661 
f 2071//1661 2057//1661 2056//1661 
f 2056//1661 2080//1661 2072//1661 
f 2056//1661 2081//1661 2082//1661 
f 2075//1661 2083//1661 2056//1661 
f 2061//1661 2059//1661 1805//1661 
f 1805//1661 2084//1661 2085//1661 
f 2065//1661 2077//1661 1805//1661 
f 2079//1661 2049//1661 1802//1661 
f 2056//1661 2086//1661 2087//1661 
f 2073//1661 2070//1661 2056//1661 
f 2083//1661 2081//1661 2056//1661 
f 1491//1661 2088//1661 2089//1661 
f 1805//1661 2090//1661 2091//1661 
f 1805//1661 2092//1661 2093//1661 
f 2085//1661 2052//1661 1805//1661 
f 1805//1661 2094//1661 2095//1661 
f 2066//1661 2078//1661 1805//1661 
f 2087//1661 2096//1661 2056//1661 
f 2082//1661 2080//1661 2056//1661 
f 2062//1661 2044//1661 2097//1661 
f 2097//1661 2098//1661 2099//1661 
f 2089//1661 2100//1661 1491//1661 
f 2091//1661 2101//1661 1805//1661 
f 2076//1661 2092//1661 1805//1661 
f 2064//1661 2094//1661 1805//1661 
f 1802//1661 2102//1661 2103//1661 
f 1802//1661 2104//1661 2105//1661 
f 1802//1661 2106//1661 2107//1661 
f 2056//1661 2108//1661 2109//1661 
f 2069//1661 2086//1661 2056//1661 
f 2056//1661 2110//1661 2111//1661 
f 2097//1661 2112//1661 2113//1661 
f 2097//1661 2114//1661 2115//1661 
f 2099//1661 2116//1661 2097//1661 
f 1491//1661 2117//1661 2118//1661 
f 1491//1661 2119//1661 2088//1661 
f 1491//1661 2120//1661 2121//1661 
f 1491//1661 2122//1661 2123//1661 
f 2093//1661 2090//1661 1805//1661 
f 2103//1661 2067//1661 1802//1661 
f 2107//1661 2104//1661 1802//1661 
f 1802//1661 2124//1661 2125//1661 
f 2109//1661 1802//1661 2056//1661 
f 2111//1661 2074//1661 2056//1661 
f 2056//1661 2126//1661 2127//1661 
f 2097//1661 2128//1661 2112//1661 
f 2116//1661 2114//1661 2097//1661 
f 2097//1661 2129//1661 2130//1661 
f 2131//1661 2097//1661 2132//1661 
f 1491//1661 2133//1661 2134//1661 
f 2100//1661 2117//1661 1491//1661 
f 2123//1661 2120//1661 1491//1661 
f 1491//1661 2135//1661 2136//1661 
f 1491//1661 2137//1661 2138//1661 
f 2095//1661 2084//1661 1805//1661 
f 2125//1661 2106//1661 1802//1661 
f 2096//1661 2108//1661 2056//1661 
f 2127//1661 2139//1661 2056//1661 
f 2115//1661 2128//1661 2097//1661 
f 2130//1661 2140//1661 2097//1661 
f 2132//1661 2056//1661 2131//1661 
f 1491//1661 2141//1661 2133//1661 
f 2121//1661 2119//1661 1491//1661 
f 1491//1661 2142//1661 2135//1661 
f 2138//1661 2143//1661 1491//1661 
f 2105//1661 2102//1661 1802//1661 
f 2139//1661 2110//1661 2056//1661 
f 2140//1661 2098//1661 2097//1661 
f 2132//1661 2126//1661 2056//1661 
f 1802//1661 2144//1661 2145//1661 
f 1802//1661 2146//1661 2147//1661 
f 1491//1661 2148//1661 2149//1661 
f 2118//1661 2141//1661 1491//1661 
f 2143//1661 2142//1661 1491//1661 
f 2109//1661 2124//1661 1802//1661 
f 2131//1661 2129//1661 2097//1661 
f 2147//1661 2144//1661 1802//1661 
f 2149//1661 1802//1661 1491//1661 
f 1491//1661 2150//1661 2151//1661 
f 2136//1661 2122//1661 1491//1661 
f 1798//1661 2152//1661 2153//1661 
f 2097//1661 2113//1661 2062//1661 
f 2149//1661 2146//1661 1802//1661 
f 2134//1661 2150//1661 1491//1661 
f 2153//1661 1491//1661 1798//1661 
f 2145//1661 2056//1661 1802//1661 
f 2153//1661 2137//1661 1491//1661 
f 1798//1661 2154//1661 2155//1661 
f 1805//1661 2156//1661 2154//1661 
f 2151//1661 2148//1661 1491//1661 
f 2154//1661 1798//1661 1805//1661 
f 2155//1661 2152//1661 1798//1661 
f 2101//1661 2156//1661 1805//1661 
o mesh87
f 2104//1662 2107//1663 2157//1663 
f 2105//1664 2104//1662 2158//1665 
f 2102//1666 2105//1664 2159//1667 
f 2103//1668 2102//1666 2160//1669 
f 2067//1670 2103//1668 2161//1671 
f 2068//1672 2067//1670 2162//1673 
f 2079//1674 2068//1672 2163//1675 
f 2049//1676 2079//1674 2164//1677 
f 2041//1678 2049//1676 2165//1679 
f 2042//1680 2041//1678 2166//1681 
f 2047//1682 2042//1680 2167//1683 
f 2048//1684 2047//1682 2168//1685 
f 2055//1686 2048//1684 2169//1687 
f 2045//1688 2055//1686 2170//1689 
f 2046//1690 2045//1688 2171//1691 
f 2066//1692 2046//1690 2172//1693 
f 2078//1694 2066//1692 2173//1695 
f 2053//1696 2078//1694 2174//1697 
f 2054//1698 2053//1696 2175//1699 
f 2065//1700 2054//1698 2176//1701 
f 2077//1702 2065//1700 2177//1703 
f 2063//1704 2077//1702 2178//1705 
f 2064//1706 2063//1704 2179//1707 
f 2094//1708 2064//1706 2180//1709 
f 2095//1710 2094//1708 2181//1711 
f 2084//1712 2095//1710 2182//1713 
f 2085//1714 2084//1712 2183//1715 
f 2052//1716 2085//1714 2184//1717 
f 2044//1718 2052//1716 2185//1719 
f 2097//1720 2044//1718 2186//1721 
f 2132//1722 2097//1720 2187//1723 
f 2126//1724 2132//1722 2188//1725 
f 2127//1726 2126//1724 2189//1727 
f 2139//1728 2127//1726 2190//1729 
f 2110//1730 2139//1728 2191//1731 
f 2111//1732 2110//1730 2192//1733 
f 2074//1734 2111//1732 2193//1735 
f 2075//1736 2074//1734 2194//1737 
f 2083//1738 2075//1736 2195//1739 
f 2081//1740 2083//1738 2196//1741 
f 2082//1742 2081//1740 2197//1743 
f 2080//1744 2082//1742 2198//1745 
f 2072//1746 2080//1744 2199//1747 
f 2073//1748 2072//1746 2200//1749 
f 2070//1750 2073//1748 2201//1751 
f 2071//1752 2070//1750 2202//1753 
f 2057//1754 2071//1752 2203//1755 
f 2058//1756 2057//1754 2204//1757 
f 2069//1758 2058//1756 2205//1759 
f 2086//1760 2069//1758 2206//1761 
f 2087//1762 2086//1760 2207//1763 
f 2096//1764 2087//1762 2208//1765 
f 2108//1766 2096//1764 2209//1767 
f 2109//1768 2108//1766 2210//1769 
f 2124//1770 2109//1768 2211//1771 
f 2125//1772 2124//1770 2212//1773 
f 2106//1774 2125//1772 2213//1775 
f 2107//1663 2106//1774 2214//1774 
f 2214//1774 2157//1663 2107//1663 
f 2213//1775 2214//1774 2106//1774 
f 2212//1773 2213//1775 2125//1772 
f 2211//1771 2212//1773 2124//1770 
f 2210//1769 2211//1771 2109//1768 
f 2209//1767 2210//1769 2108//1766 
f 2208//1765 2209//1767 2096//1764 
f 2207//1763 2208//1765 2087//1762 
f 2206//1761 2207//1763 2086//1760 
f 2205//1759 2206//1761 2069//1758 
f 2204//1757 2205//1759 2058//1756 
f 2203//1755 2204//1757 2057//1754 
f 2202//1753 2203//1755 2071//1752 
f 2201//1751 2202//1753 2070//1750 
f 2200//1749 2201//1751 2073//1748 
f 2199//1747 2200//1749 2072//1746 
f 2198//1745 2199//1747 2080//1744 
f 2197//1743 2198//1745 2082//1742 
f 2196//1741 2197//1743 2081//1740 
f 2195//1739 2196//1741 2083//1738 
f 2194//1737 2195//1739 2075//1736 
f 2193//1735 2194//1737 2074//1734 
f 2192//1733 2193//1735 2111//1732 
f 2191//1731 2192//1733 2110//1730 
f 2190//1729 2191//1731 2139//1728 
f 2189//1727 2190//1729 2127//1726 
f 2188//1725 2189//1727 2126//1724 
f 2187//1723 2188//1725 2132//1722 
f 2186//1721 2187//1723 2097//1720 
f 2185//1719 2186//1721 2044//1718 
f 2184//1717 2185//1719 2052//1716 
f 2183//1715 2184//1717 2085//1714 
f 2182//1713 2183//1715 2084//1712 
f 2181//1711 2182//1713 2095//1710 
f 2180//1709 2181//1711 2094//1708 
f 2179//1707 2180//1709 2064//1706 
f 2178//1705 2179//1707 2063//1704 
f 2177//1703 2178//1705 2077//1702 
f 2176//1701 2177//1703 2065//1700 
f 2175//1699 2176//1701 2054//1698 
f 2174//1697 2175//1699 2053//1696 
f 2173//1695 2174//1697 2078//1694 
f 2172//1693 2173//1695 2066//1692 
f 2171//1691 2172//1693 2046//1690 
f 2170//1689 2171//1691 2045//1688 
f 2169//1687 2170//1689 2055//1686 
f 2168//1685 2169//1687 2048//1684 
f 2167//1683 2168//1685 2047//1682 
f 2166//1681 2167//1683 2042//1680 
f 2165//1679 2166//1681 2041//1678 
f 2164//1677 2165//1679 2049//1676 
f 2163//1675 2164//1677 2079//1674 
f 2162//1673 2163//1675 2068//1672 
f 2161//1671 2162//1673 2067//1670 
f 2160//1669 2161//1671 2103//1668 
f 2159//1667 2160//1669 2102//1666 
f 2158//1665 2159//1667 2105//1664 
f 2157//1663 2158//1665 2104//1662 
o mesh88
f 2215//1776 2185//1776 2184//1776 
f 2184//1776 2183//1776 2215//1776 
f 2183//1776 2182//1776 2215//1776 
f 2182//1776 2181//1776 2215//1776 
f 2181//1776 2180//1776 2215//1776 
f 2180//1776 2179//1776 2215//1776 
f 2179//1776 2178//1776 2215//1776 
f 2178//1776 2177//1776 2215//1776 
f 2177//1776 2176//1776 2215//1776 
f 2176//1776 2175//1776 2215//1776 
f 2175//1776 2174//1776 2215//1776 
f 2174//1776 2173//1776 2215//1776 
f 2173//1776 2172//1776 2215//1776 
f 2172//1776 2171//1776 2215//1776 
f 2171//1776 2170//1776 2215//1776 
f 2170//1776 2169//1776 2215//1776 
f 2169//1776 2168//1776 2215//1776 
f 2168//1776 2167//1776 2215//1776 
f 2167//1776 2166//1776 2215//1776 
f 2166//1776 2165//1776 2215//1776 
f 2165//1776 2164//1776 2215//1776 
f 2164//1776 2163//1776 2215//1776 
f 2163//1776 2162//1776 2215//1776 
f 2162//1776 2161//1776 2215//1776 
f 2161//1776 2160//1776 2215//1776 
f 2160//1776 2159//1776 2215//1776 
f 2159//1776 2158//1776 2215//1776 
f 2158//1776 2157//1776 2215//1776 
f 2157//1776 2214//1776 2215//1776 
f 2214//1776 2213//1776 2215//1776 
f 2213//1776 2212//1776 2215//1776 
f 2212//1776 2211//1776 2215//1776 
f 2211//1776 2210//1776 2215//1776 
f 2210//1776 2209//1776 2215//1776 
f 2209//1776 2208//1776 2215//1776 
f 2208//1776 2207//1776 2215//1776 
f 2207//1776 2206//1776 2215//1776 
f 2206//1776 2205//1776 2215//1776 
f 2205//1776 2204//1776 2215//1776 
f 2204//1776 2203//1776 2215//1776 
f 2203//1776 2202//1776 2215//1776 
f 2202//1776 2201//1776 2215//1776 
f 2201//1776 2200//1776 2215//1776 
f 2200//1776 2199//1776 2215//1776 
f 2199//1776 2198//1776 2215//1776 
f 2198//1776 2197//1776 2215//1776 
f 2197//1776 2196//1776 2215//1776 
f 2196//1776 2195//1776 2215//1776 
f 2195//1776 2194//1776 2215//1776 
f 2194//1776 2193//1776 2215//1776 
f 2193//1776 2192//1776 2215//1776 
f 2192//1776 2191//1776 2215//1776 
f 2191//1776 2190//1776 2215//1776 
f 2190//1776 2189//1776 2215//1776 
f 2189//1776 2188//1776 2215//1776 
f 2188//1776 2187//1776 2215//1776 
f 2187//1776 2186//1776 2215//1776 
f 2186//1776 2185//1776 2215//1776 
o mesh89
f 2144//1777 2147//1778 2216//1778 
f 2145//1779 2144//1777 2217//1780 
f 2056//1781 2145//1779 2218//1782 
f 2131//1783 2056//1781 2219//1784 
f 2129//1785 2131//1783 2220//1786 
f 2130//1787 2129//1785 2221//1788 
f 2140//1789 2130//1787 2222//1790 
f 2098//1791 2140//1789 2223//1792 
f 2099//1793 2098//1791 2224//1794 
f 2116//1795 2099//1793 2225//1796 
f 2114//1797 2116//1795 2226//1798 
f 2115//1799 2114//1797 2227//1800 
f 2128//1801 2115//1799 2228//1802 
f 2112//1803 2128//1801 2229//1804 
f 2113//1805 2112//1803 2230//1806 
f 2062//1807 2113//1805 2231//1808 
f 2043//1809 2062//1807 2232//1810 
f 2050//1811 2043//1809 2233//1812 
f 2051//1813 2050//1811 2234//1814 
f 2061//1815 2051//1813 2235//1816 
f 2059//1817 2061//1815 2236//1818 
f 2060//1819 2059//1817 2237//1820 
f 2076//1821 2060//1819 2238//1822 
f 2092//1823 2076//1821 2239//1824 
f 2093//1825 2092//1823 2240//1826 
f 2090//1827 2093//1825 2241//1828 
f 2091//1829 2090//1827 2242//1830 
f 2101//1831 2091//1829 2243//1832 
f 2156//1833 2101//1831 2244//1834 
f 2154//1835 2156//1833 2245//1836 
f 2155//1837 2154//1835 2246//1838 
f 2152//1839 2155//1837 2247//1840 
f 2153//1841 2152//1839 2248//1842 
f 2137//1843 2153//1841 2249//1844 
f 2138//1845 2137//1843 2250//1846 
f 2143//1847 2138//1845 2251//1848 
f 2142//1849 2143//1847 2252//1850 
f 2135//1851 2142//1849 2253//1852 
f 2136//1853 2135//1851 2254//1854 
f 2122//1855 2136//1853 2255//1856 
f 2123//1857 2122//1855 2256//1858 
f 2120//1859 2123//1857 2257//1860 
f 2121//1861 2120//1859 2258//1862 
f 2119//1863 2121//1861 2259//1864 
f 2088//1865 2119//1863 2260//1866 
f 2089//1867 2088//1865 2261//1868 
f 2100//1869 2089//1867 2262//1870 
f 2117//1871 2100//1869 2263//1872 
f 2118//1873 2117//1871 2264//1874 
f 2141//1875 2118//1873 2265//1876 
f 2133//1877 2141//1875 2266//1878 
f 2134//1879 2133//1877 2267//1880 
f 2150//1881 2134//1879 2268//1882 
f 2151//1883 2150//1881 2269//1884 
f 2148//1885 2151//1883 2270//1886 
f 2149//1887 2148//1885 2271//1888 
f 2146//1889 2149//1887 2272//1890 
f 2147//1778 2146//1889 2273//1889 
f 2273//1889 2216//1778 2147//1778 
f 2272//1890 2273//1889 2146//1889 
f 2271//1888 2272//1890 2149//1887 
f 2270//1886 2271//1888 2148//1885 
f 2269//1884 2270//1886 2151//1883 
f 2268//1882 2269//1884 2150//1881 
f 2267//1880 2268//1882 2134//1879 
f 2266//1878 2267//1880 2133//1877 
f 2265//1876 2266//1878 2141//1875 
f 2264//1874 2265//1876 2118//1873 
f 2263//1872 2264//1874 2117//1871 
f 2262//1870 2263//1872 2100//1869 
f 2261//1868 2262//1870 2089//1867 
f 2260//1866 2261//1868 2088//1865 
f 2259//1864 2260//1866 2119//1863 
f 2258//1862 2259//1864 2121//1861 
f 2257//1860 2258//1862 2120//1859 
f 2256//1858 2257//1860 2123//1857 
f 2255//1856 2256//1858 2122//1855 
f 2254//1854 2255//1856 2136//1853 
f 2253//1852 2254//1854 2135//1851 
f 2252//1850 2253//1852 2142//1849 
f 2251//1848 2252//1850 2143//1847 
f 2250//1846 2251//1848 2138//1845 
f 2249//1844 2250//1846 2137//1843 
f 2248//1842 2249//1844 2153//1841 
f 2247//1840 2248//1842 2152//1839 
f 2246//1838 2247//1840 2155//1837 
f 2245//1836 2246//1838 2154//1835 
f 2244//1834 2245//1836 2156//1833 
f 2243//1832 2244//1834 2101//1831 
f 2242//1830 2243//1832 2091//1829 
f 2241//1828 2242//1830 2090//1827 
f 2240//1826 2241//1828 2093//1825 
f 2239//1824 2240//1826 2092//1823 
f 2238//1822 2239//1824 2076//1821 
f 2237//1820 2238//1822 2060//1819 
f 2236//1818 2237//1820 2059//1817 
f 2235//1816 2236//1818 2061//1815 
f 2234//1814 2235//1816 2051//1813 
f 2233//1812 2234//1814 2050//1811 
f 2232//1810 2233//1812 2043//1809 
f 2231//1808 2232//1810 2062//1807 
f 2230//1806 2231//1808 2113//1805 
f 2229//1804 2230//1806 2112//1803 
f 2228//1802 2229//1804 2128//1801 
f 2227//1800 2228//1802 2115//1799 
f 2226//1798 2227//1800 2114//1797 
f 2225//1796 2226//1798 2116//1795 
f 2224//1794 2225//1796 2099//1793 
f 2223//1792 2224//1794 2098//1791 
f 2222//1790 2223//1792 2140//1789 
f 2221//1788 2222//1790 2130//1787 
f 2220//1786 2221//1788 2129//1785 
f 2219//1784 2220//1786 2131//1783 
f 2218//1782 2219//1784 2056//1781 
f 2217//1780 2218//1782 2145//1779 
f 2216//1778 2217//1780 2144//1777 
o mesh90
f 2274//1891 2244//1891 2243//1891 
f 2243//1891 2242//1891 2274//1891 
f 2242//1891 2241//1891 2274//1891 
f 2241//1891 2240//1891 2274//1891 
f 2240//1891 2239//1891 2274//1891 
f 2239//1891 2238//1891 2274//1891 
f 2238//1891 2237//1891 2274//1891 
f 2237//1891 2236//1891 2274//1891 
f 2236//1891 2235//1891 2274//1891 
f 2235//1891 2234//1891 2274//1891 
f 2234//1891 2233//1891 2274//1891 
f 2233//1891 2232//1891 2274//1891 
f 2232//1891 2231//1891 2274//1891 
f 2231//1891 2230//1891 2274//1891 
f 2230//1891 2229//1891 2274//1891 
f 2229//1891 2228//1891 2274//1891 
f 2228//1891 2227//1891 2274//1891 
f 2227//1891 2226//1891 2274//1891 
f 2226//1891 2225//1891 2274//1891 
f 2225//1891 2224//1891 2274//1891 
f 2224//1891 2223//1891 2274//1891 
f 2223//1891 2222//1891 2274//1891 
f 2222//1891 2221//1891 2274//1891 
f 2221//1891 2220//1891 2274//1891 
f 2220//1891 2219//1891 2274//1891 
f 2219//1891 2218//1891 2274//1891 
f 2218//1891 2217//1891 2274//1891 
f 2217//1891 2216//1891 2274//1891 
f 2216//1891 2273//1891 2274//1891 
f 2273//1891 2272//1891 2274//1891 
f 2272//1891 2271//1891 2274//1891 
f 2271//1891 2270//1891 2274//1891 
f 2270//1891 2269//1891 2274//1891 
f 2269//1891 2268//1891 2274//1891 
f 2268//1891 2267//1891 2274//1891 
f 2267//1891 2266//1891 2274//1891 
f 2266//1891 2265//1891 2274//1891 
f 2265//1891 2264//1891 2274//1891 
f 2264//1891 2263//1891 2274//1891 
f 2263//1891 2262//1891 2274//1891 
f 2262//1891 2261//1891 2274//1891 
f 2261//1891 2260//1891 2274//1891 
f 2260//1891 2259//1891 2274//1891 
f 2259//1891 2258//1891 2274//1891 
f 2258//1891 2257//1891 2274//1891 
f 2257//1891 2256//1891 2274//1891 
f 2256//1891 2255//1891 2274//1891 
f 2255//1891 2254//1891 2274//1891 
f 2254//1891 2253//1891 2274//1891 
f 2253//1891 2252//1891 2274//1891 
f 2252//1891 2251//1891 2274//1891 
f 2251//1891 2250//1891 2274//1891 
f 2250//1891 2249//1891 2274//1891 
f 2249//1891 2248//1891 2274//1891 
f 2248//1891 2247//1891 2274//1891 
f 2247//1891 2246//1891 2274//1891 
f 2246//1891 2245//1891 2274//1891 
f 2245//1891 2244//1891 2274//1891 
o mesh91
f 1496//1891 2275//1891 2276//1891 
f 1496//1891 2277//1891 2278//1891 
f 2278//1891 2275//1891 1496//1891 
f 1496//1891 2279//1891 2280//1891 
f 2276//1891 2281//1891 2282//1891 
f 2276//1891 2283//1891 1496//1891 
f 1496//1891 2284//1891 2279//1891 
f 1496//1891 2285//1891 2286//1891 
f 1496//1891 2287//1891 2288//1891 
f 2276//1891 2289//1891 2290//1891 
f 2283//1891 2291//1891 1496//1891 
f 2280//1891 2292//1891 1496//1891 
f 2286//1891 2293//1891 1496//1891 
f 1496//1891 2294//1891 2287//1891 
f 2295//1891 2296//1891 2297//1891 
f 2282//1891 2283//1891 2276//1891 
f 1496//1891 2298//1891 2299//1891 
f 2293//1891 2284//1891 1496//1891 
f 2288//1891 2300//1891 1496//1891 
f 1496//1891 2301//1891 2302//1891 
f 2297//1891 2303//1891 2295//1891 
f 2295//1891 2304//1891 2305//1891 
f 2295//1891 2306//1891 2307//1891 
f 2295//1891 2308//1891 2309//1891 
f 2290//1891 2281//1891 2276//1891 
f 1496//1891 2310//1891 2298//1891 
f 2300//1891 2285//1891 1496//1891 
f 1496//1891 2311//1891 2312//1891 
f 2302//1891 2313//1891 1496//1891 
f 2305//1891 2296//1891 2295//1891 
f 2295//1891 2314//1891 2306//1891 
f 2295//1891 2315//1891 2316//1891 
f 2309//1891 2317//1891 2295//1891 
f 1496//1891 2291//1891 2318//1891 
f 2276//1891 2319//1891 2289//1891 
f 2292//1891 2310//1891 1496//1891 
f 2313//1891 2311//1891 1496//1891 
f 2295//1891 2320//1891 2321//1891 
f 2307//1891 2304//1891 2295//1891 
f 2317//1891 2315//1891 2295//1891 
f 2322//1891 2323//1891 2324//1891 
f 1797//1891 2325//1891 2326//1891 
f 1797//1891 1791//1891 2327//1891 
f 1791//1891 2328//1891 2329//1891 
f 2318//1891 1791//1891 1496//1891 
f 2276//1891 2330//1891 2319//1891 
f 1496//1891 2331//1891 2332//1891 
f 2312//1891 2294//1891 1496//1891 
f 1492//1891 2333//1891 2334//1891 
f 2321//1891 2335//1891 2295//1891 
f 2316//1891 2314//1891 2295//1891 
f 2322//1891 2336//1891 2337//1891 
f 2324//1891 2338//1891 2322//1891 
f 2326//1891 2339//1891 1797//1891 
f 1797//1891 2340//1891 2341//1891 
f 2327//1891 2342//1891 1797//1891 
f 1791//1891 2343//1891 2344//1891 
f 2329//1891 2345//1891 1791//1891 
f 2276//1891 2346//1891 2330//1891 
f 2299//1891 2331//1891 1496//1891 
f 2334//1891 1496//1891 1492//1891 
f 1492//1891 2347//1891 2348//1891 
f 1492//1891 2349//1891 2350//1891 
f 2295//1891 2351//1891 2349//1891 
f 2303//1891 2320//1891 2295//1891 
f 2295//1891 2352//1891 2353//1891 
f 2322//1891 2354//1891 2355//1891 
f 2338//1891 2336//1891 2322//1891 
f 2341//1891 2325//1891 1797//1891 
f 1791//1891 2356//1891 2327//1891 
f 1791//1891 2357//1891 2358//1891 
f 1791//1891 2359//1891 2343//1891 
f 2318//1891 2328//1891 1791//1891 
f 2334//1891 2301//1891 1496//1891 
f 2350//1891 2347//1891 1492//1891 
f 2295//1891 2360//1891 2351//1891 
f 2295//1891 2361//1891 2362//1891 
f 2353//1891 2308//1891 2295//1891 
f 2295//1891 2363//1891 2364//1891 
f 2346//1891 2276//1891 2322//1891 
f 2337//1891 2354//1891 2322//1891 
f 2322//1891 2365//1891 2366//1891 
f 2367//1891 2322//1891 2368//1891 
f 1797//1891 2369//1891 2370//1891 
f 2342//1891 2340//1891 1797//1891 
f 2344//1891 2357//1891 1791//1891 
f 2332//1891 2277//1891 1496//1891 
f 2349//1891 1492//1891 2295//1891 
f 2335//1891 2361//1891 2295//1891 
f 2364//1891 2371//1891 2295//1891 
f 2355//1891 2372//1891 2322//1891 
f 2366//1891 2373//1891 2322//1891 
f 2368//1891 2295//1891 2367//1891 
f 1797//1891 2374//1891 2295//1891 
f 1797//1891 2375//1891 2369//1891 
f 2358//1891 2356//1891 1791//1891 
f 1791//1891 2376//1891 2377//1891 
f 2348//1891 2333//1891 1492//1891 
f 2371//1891 2352//1891 2295//1891 
f 2373//1891 2323//1891 2322//1891 
f 2368//1891 2363//1891 2295//1891 
f 1797//1891 2378//1891 2374//1891 
f 1797//1891 2379//1891 2380//1891 
f 2339//1891 2375//1891 1797//1891 
f 2377//1891 2381//1891 1791//1891 
f 2362//1891 2360//1891 2295//1891 
f 2367//1891 2365//1891 2322//1891 
f 2380//1891 2378//1891 1797//1891 
f 1797//1891 2382//1891 2383//1891 
f 1797//1891 2384//1891 2385//1891 
f 2381//1891 2359//1891 1791//1891 
f 2322//1891 2372//1891 2346//1891 
f 2383//1891 2379//1891 1797//1891 
f 2370//1891 2384//1891 1797//1891 
f 1791//1891 2386//1891 2387//1891 
f 2295//1891 1492//1891 1797//1891 
f 2387//1891 2376//1891 1791//1891 
f 1791//1891 2388//1891 2389//1891 
f 2385//1891 2382//1891 1797//1891 
f 1791//1891 2390//1891 2388//1891 
f 2389//1891 2386//1891 1791//1891 
f 2345//1891 2390//1891 1791//1891 
o mesh92
f 2378//1892 2380//1893 2391//1893 
f 2374//1894 2378//1892 2392//1895 
f 2295//1896 2374//1894 2393//1897 
f 2367//1898 2295//1896 2394//1899 
f 2365//1900 2367//1898 2395//1901 
f 2366//1902 2365//1900 2396//1903 
f 2373//1904 2366//1902 2397//1905 
f 2323//1906 2373//1904 2398//1907 
f 2324//1908 2323//1906 2399//1909 
f 2338//1910 2324//1908 2400//1911 
f 2336//1912 2338//1910 2401//1913 
f 2337//1914 2336//1912 2402//1915 
f 2354//1916 2337//1914 2403//1917 
f 2355//1918 2354//1916 2404//1919 
f 2372//1920 2355//1918 2405//1921 
f 2346//1922 2372//1920 2406//1923 
f 2330//1924 2346//1922 2407//1925 
f 2319//1926 2330//1924 2408//1927 
f 2289//1928 2319//1926 2409//1929 
f 2290//1930 2289//1928 2410//1931 
f 2281//1932 2290//1930 2411//1933 
f 2282//1934 2281//1932 2412//1935 
f 2283//1936 2282//1934 2413//1937 
f 2291//1938 2283//1936 2414//1939 
f 2318//1940 2291//1938 2415//1941 
f 2328//1942 2318//1940 2416//1943 
f 2329//1944 2328//1942 2417//1945 
f 2345//1946 2329//1944 2418//1947 
f 2390//1948 2345//1946 2419//1949 
f 2388//1950 2390//1948 2420//1951 
f 2389//1952 2388//1950 2421//1953 
f 2386//1954 2389//1952 2422//1955 
f 2387//1956 2386//1954 2423//1957 
f 2376//1958 2387//1956 2424//1959 
f 2377//1960 2376//1958 2425//1961 
f 2381//1962 2377//1960 2426//1963 
f 2359//1964 2381//1962 2427//1965 
f 2343//1966 2359//1964 2428//1967 
f 2344//1968 2343//1966 2429//1969 
f 2357//1970 2344//1968 2430//1971 
f 2358//1972 2357//1970 2431//1973 
f 2356//1974 2358//1972 2432//1975 
f 2327//1976 2356//1974 2433//1977 
f 2342//1978 2327//1976 2434//1979 
f 2340//1980 2342//1978 2435//1981 
f 2341//1982 2340//1980 2436//1983 
f 2325//1984 2341//1982 2437//1985 
f 2326//1986 2325//1984 2438//1987 
f 2339//1988 2326//1986 2439//1989 
f 2375//1990 2339//1988 2440//1991 
f 2369//1992 2375//1990 2441//1993 
f 2370//1994 2369//1992 2442//1995 
f 2384//1996 2370//1994 2443//1997 
f 2385//1998 2384//1996 2444//1999 
f 2382//2000 2385//1998 2445//2001 
f 2383//2002 2382//2000 2446//2003 
f 2379//2004 2383//2002 2447//2005 
f 2380//1893 2379//2004 2448//2004 
f 2448//2004 2391//1893 2380//1893 
f 2447//2005 2448//2004 2379//2004 
f 2446//2003 2447//2005 2383//2002 
f 2445//2001 2446//2003 2382//2000 
f 2444//1999 2445//2001 2385//1998 
f 2443//1997 2444//1999 2384//1996 
f 2442//1995 2443//1997 2370//1994 
f 2441//1993 2442//1995 2369//1992 
f 2440//1991 2441//1993 2375//1990 
f 2439//1989 2440//1991 2339//1988 
f 2438//1987 2439//1989 2326//1986 
f 2437//1985 2438//1987 2325//1984 
f 2436//1983 2437//1985 2341//1982 
f 2435//1981 2436//1983 2340//1980 
f 2434//1979 2435//1981 2342//1978 
f 2433//1977 2434//1979 2327//1976 
f 2432//1975 2433//1977 2356//1974 
f 2431//1973 2432//1975 2358//1972 
f 2430//1971 2431//1973 2357//1970 
f 2429//1969 2430//1971 2344//1968 
f 2428//1967 2429//1969 2343//1966 
f 2427//1965 2428//1967 2359//1964 
f 2426//1963 2427//1965 2381//1962 
f 2425//1961 2426//1963 2377//1960 
f 2424//1959 2425//1961 2376//1958 
f 2423//1957 2424//1959 2387//1956 
f 2422//1955 2423//1957 2386//1954 
f 2421//1953 2422//1955 2389//1952 
f 2420//1951 2421//1953 2388//1950 
f 2419//1949 2420//1951 2390//1948 
f 2418//1947 2419//1949 2345//1946 
f 2417//1945 2418//1947 2329//1944 
f 2416//1943 2417//1945 2328//1942 
f 2415//1941 2416//1943 2318//1940 
f 2414//1939 2415//1941 2291//1938 
f 2413//1937 2414//1939 2283//1936 
f 2412//1935 2413//1937 2282//1934 
f 2411//1933 2412//1935 2281//1932 
f 2410//1931 2411//1933 2290//1930 
f 2409//1929 2410//1931 2289//1928 
f 2408//1927 2409//1929 2319//1926 
f 2407//1925 2408//1927 2330//1924 
f 2406//1923 2407//1925 2346//1922 
f 2405//1921 2406//1923 2372//1920 
f 2404//1919 2405//1921 2355//1918 
f 2403//1917 2404//1919 2354//1916 
f 2402//1915 2403//1917 2337//1914 
f 2401//1913 2402//1915 2336//1912 
f 2400//1911 2401//1913 2338//1910 
f 2399//1909 2400//1911 2324//1908 
f 2398//1907 2399//1909 2323//1906 
f 2397//1905 2398//1907 2373//1904 
f 2396//1903 2397//1905 2366//1902 
f 2395//1901 2396//1903 2365//1900 
f 2394//1899 2395//1901 2367//1898 
f 2393//1897 2394//1899 2295//1896 
f 2392//1895 2393//1897 2374//1894 
f 2391//1893 2392//1895 2378//1892 
o mesh93
f 2449//2006 2419//2006 2418//2006 
f 2418//2006 2417//2006 2449//2006 
f 2417//2006 2416//2006 2449//2006 
f 2416//2006 2415//2006 2449//2006 
f 2415//2006 2414//2006 2449//2006 
f 2414//2006 2413//2006 2449//2006 
f 2413//2006 2412//2006 2449//2006 
f 2412//2006 2411//2006 2449//2006 
f 2411//2006 2410//2006 2449//2006 
f 2410//2006 2409//2006 2449//2006 
f 2409//2006 2408//2006 2449//2006 
f 2408//2006 2407//2006 2449//2006 
f 2407//2006 2406//2006 2449//2006 
f 2406//2006 2405//2006 2449//2006 
f 2405//2006 2404//2006 2449//2006 
f 2404//2006 2403//2006 2449//2006 
f 2403//2006 2402//2006 2449//2006 
f 2402//2006 2401//2006 2449//2006 
f 2401//2006 2400//2006 2449//2006 
f 2400//2006 2399//2006 2449//2006 
f 2399//2006 2398//2006 2449//2006 
f 2398//2006 2397//2006 2449//2006 
f 2397//2006 2396//2006 2449//2006 
f 2396//2006 2395//2006 2449//2006 
f 2395//2006 2394//2006 2449//2006 
f 2394//2006 2393//2006 2449//2006 
f 2393//2006 2392//2006 2449//2006 
f 2392//2006 2391//2006 2449//2006 
f 2391//2006 2448//2006 2449//2006 
f 2448//2006 2447//2006 2449//2006 
f 2447//2006 2446//2006 2449//2006 
f 2446//2006 2445//2006 2449//2006 
f 2445//2006 2444//2006 2449//2006 
f 2444//2006 2443//2006 2449//2006 
f 2443//2006 2442//2006 2449//2006 
f 2442//2006 2441//2006 2449//2006 
f 2441//2006 2440//2006 2449//2006 
f 2440//2006 2439//2006 2449//2006 
f 2439//2006 2438//2006 2449//2006 
f 2438//2006 2437//2006 2449//2006 
f 2437//2006 2436//2006 2449//2006 
f 2436//2006 2435//2006 2449//2006 
f 2435//2006 2434//2006 2449//2006 
f 2434//2006 2433//2006 2449//2006 
f 2433//2006 2432//2006 2449//2006 
f 2432//2006 2431//2006 2449//2006 
f 2431//2006 2430//2006 2449//2006 
f 2430//2006 2429//2006 2449//2006 
f 2429//2006 2428//2006 2449//2006 
f 2428//2006 2427//2006 2449//2006 
f 2427//2006 2426//2006 2449//2006 
f 2426//2006 2425//2006 2449//2006 
f 2425//2006 2424//2006 2449//2006 
f 2424//2006 2423//2006 2449//2006 
f 2423//2006 2422//2006 2449//2006 
f 2422//2006 2421//2006 2449//2006 
f 2421//2006 2420//2006 2449//2006 
f 2420//2006 2419//2006 2449//2006 
o mesh94
f 2347//2007 2350//2008 2450//2008 
f 2348//2009 2347//2007 2451//2010 
f 2333//2011 2348//2009 2452//2012 
f 2334//2013 2333//2011 2453//2014 
f 2301//2015 2334//2013 2454//2016 
f 2302//2017 2301//2015 2455//2018 
f 2313//2019 2302//2017 2456//2020 
f 2311//2021 2313//2019 2457//2022 
f 2312//2023 2311//2021 2458//2024 
f 2294//2025 2312//2023 2459//2026 
f 2287//2027 2294//2025 2460//2028 
f 2288//2029 2287//2027 2461//2030 
f 2300//2031 2288//2029 2462//2032 
f 2285//2033 2300//2031 2463//2034 
f 2286//2035 2285//2033 2464//2036 
f 2293//2037 2286//2035 2465//2038 
f 2284//2039 2293//2037 2466//2040 
f 2279//2041 2284//2039 2467//2042 
f 2280//2043 2279//2041 2468//2044 
f 2292//2045 2280//2043 2469//2046 
f 2310//2047 2292//2045 2470//2048 
f 2298//2049 2310//2047 2471//2050 
f 2299//2051 2298//2049 2472//2052 
f 2331//2053 2299//2051 2473//2054 
f 2332//2055 2331//2053 2474//2056 
f 2277//2057 2332//2055 2475//2058 
f 2278//2059 2277//2057 2476//2060 
f 2275//2061 2278//2059 2477//2062 
f 2276//2063 2275//2061 2478//2064 
f 2322//2065 2276//2063 2479//2066 
f 2368//2067 2322//2065 2480//2068 
f 2363//2069 2368//2067 2481//2070 
f 2364//2071 2363//2069 2482//2072 
f 2371//2073 2364//2071 2483//2074 
f 2352//2075 2371//2073 2484//2076 
f 2353//2077 2352//2075 2485//2078 
f 2308//2079 2353//2077 2486//2080 
f 2309//2081 2308//2079 2487//2082 
f 2317//2083 2309//2081 2488//2084 
f 2315//2085 2317//2083 2489//2086 
f 2316//2087 2315//2085 2490//2088 
f 2314//2089 2316//2087 2491//2090 
f 2306//2091 2314//2089 2492//2092 
f 2307//2093 2306//2091 2493//2094 
f 2304//2095 2307//2093 2494//2096 
f 2305//2097 2304//2095 2495//2098 
f 2296//2099 2305//2097 2496//2100 
f 2297//2101 2296//2099 2497//2102 
f 2303//2103 2297//2101 2498//2104 
f 2320//2105 2303//2103 2499//2106 
f 2321//2107 2320//2105 2500//2108 
f 2335//2109 2321//2107 2501//2110 
f 2361//2111 2335//2109 2502//2112 
f 2362//2113 2361//2111 2503//2114 
f 2360//2115 2362//2113 2504//2116 
f 2351//2117 2360//2115 2505//2118 
f 2349//2119 2351//2117 2506//2120 
f 2350//2008 2349//2119 2507//2119 
f 2507//2119 2450//2008 2350//2008 
f 2506//2120 2507//2119 2349//2119 
f 2505//2118 2506//2120 2351//2117 
f 2504//2116 2505//2118 2360//2115 
f 2503//2114 2504//2116 2362//2113 
f 2502//2112 2503//2114 2361//2111 
f 2501//2110 2502//2112 2335//2109 
f 2500//2108 2501//2110 2321//2107 
f 2499//2106 2500//2108 2320//2105 
f 2498//2104 2499//2106 2303//2103 
f 2497//2102 2498//2104 2297//2101 
f 2496//2100 2497//2102 2296//2099 
f 2495//2098 2496//2100 2305//2097 
f 2494//2096 2495//2098 2304//2095 
f 2493//2094 2494//2096 2307//2093 
f 2492//2092 2493//2094 2306//2091 
f 2491//2090 2492//2092 2314//2089 
f 2490//2088 2491//2090 2316//2087 
f 2489//2086 2490//2088 2315//2085 
f 2488//2084 2489//2086 2317//2083 
f 2487//2082 2488//2084 2309//2081 
f 2486//2080 2487//2082 2308//2079 
f 2485//2078 2486//2080 2353//2077 
f 2484//2076 2485//2078 2352//2075 
f 2483//2074 2484//2076 2371//2073 
f 2482//2072 2483//2074 2364//2071 
f 2481//2070 2482//2072 2363//2069 
f 2480//2068 2481//2070 2368//2067 
f 2479//2066 2480//2068 2322//2065 
f 2478//2064 2479//2066 2276//2063 
f 2477//2062 2478//2064 2275//2061 
f 2476//2060 2477//2062 2278//2059 
f 2475//2058 2476//2060 2277//2057 
f 2474//2056 2475//2058 2332//2055 
f 2473//2054 2474//2056 2331//2053 
f 2472//2052 2473//2054 2299//2051 
f 2471//2050 2472//2052 2298//2049 
f 2470//2048 2471//2050 2310//2047 
f 2469//2046 2470//2048 2292//2045 
f 2468//2044 2469//2046 2280//2043 
f 2467//2042 2468//2044 2279//2041 
f 2466//2040 2467//2042 2284//2039 
f 2465//2038 2466//2040 2293//2037 
f 2464//2036 2465//2038 2286//2035 
f 2463//2034 2464//2036 2285//2033 
f 2462//2032 2463//2034 2300//2031 
f 2461//2030 2462//2032 2288//2029 
f 2460//2028 2461//2030 2287//2027 
f 2459//2026 2460//2028 2294//2025 
f 2458//2024 2459//2026 2312//2023 
f 2457//2022 2458//2024 2311//2021 
f 2456//2020 2457//2022 2313//2019 
f 2455//2018 2456//2020 2302//2017 
f 2454//2016 2455//2018 2301//2015 
f 2453//2014 2454//2016 2334//2013 
f 2452//2012 2453//2014 2333//2011 
f 2451//2010 2452//2012 2348//2009 
f 2450//2008 2451//2010 2347//2007 
o mesh95
f 2508//2121 2478//2121 2477//2121 
f 2477//2121 2476//2121 2508//2121 
f 2476//2121 2475//2121 2508//2121 
f 2475//2121 2474//2121 2508//2121 
f 2474//2121 2473//2121 2508//2121 
f 2473//2121 2472//2121 2508//2121 
f 2472//2121 2471//2121 2508//2121 
f 2471//2121 2470//2121 2508//2121 
f 2470//2121 2469//2121 2508//2121 
f 2469//2121 2468//2121 2508//2121 
f 2468//2121 2467//2121 2508//2121 
f 2467//2121 2466//2121 2508//2121 
f 2466//2121 2465//2121 2508//2121 
f 2465//2121 2464//2121 2508//2121 
f 2464//2121 2463//2121 2508//2121 
f 2463//2121 2462//2121 2508//2121 
f 2462//2121 2461//2121 2508//2121 
f 2461//2121 2460//2121 2508//2121 
f 2460//2121 2459//2121 2508//2121 
f 2459//2121 2458//2121 2508//2121 
f 2458//2121 2457//2121 2508//2121 
f 2457//2121 2456//2121 2508//2121 
f 2456//2121 2455//2121 2508//2121 
f 2455//2121 2454//2121 2508//2121 
f 2454//2121 2453//2121 2508//2121 
f 2453//2121 2452//2121 2508//2121 
f 2452//2121 2451//2121 2508//2121 
f 2451//2121 2450//2121 2508//2121 
f 2450//2121 2507//2121 2508//2121 
f 2507//2121 2506//2121 2508//2121 
f 2506//2121 2505//2121 2508//2121 
f 2505//2121 2504//2121 2508//2121 
f 2504//2121 2503//2121 2508//2121 
f 2503//2121 2502//2121 2508//2121 
f 2502//2121 2501//2121 2508//2121 
f 2501//2121 2500//2121 2508//2121 
f 2500//2121 2499//2121 2508//2121 
f 2499//2121 2498//2121 2508//2121 
f 2498//2121 2497//2121 2508//2121 
f 2497//2121 2496//2121 2508//2121 
f 2496//2121 2495//2121 2508//2121 
f 2495//2121 2494//2121 2508//2121 
f 2494//2121 2493//2121 2508//2121 
f 2493//2121 2492//2121 2508//2121 
f 2492//2121 2491//2121 2508//2121 
f 2491//2121 2490//2121 2508//2121 
f 2490//2121 2489//2121 2508//2121 
f 2489//2121 2488//2121 2508//2121 
f 2488//2121 2487//2121 2508//2121 
f 2487//2121 2486//2121 2508//2121 
f 2486//2121 2485//2121 2508//2121 
f 2485//2121 2484//2121 2508//2121 
f 2484//2121 2483//2121 2508//2121 
f 2483//2121 2482//2121 2508//2121 
f 2482//2121 2481//2121 2508//2121 
f 2481//2121 2480//2121 2508//2121 
f 2480//2121 2479//2121 2508//2121 
f 2479//2121 2478//2121 2508//2121 
o mesh96
f 2509//2122 2510//2122 1488//2122 
f 2510//2122 2511//2122 1486//2122 
f 1486//2122 1488//2122 2510//2122 
f 2511//2122 2512//2122 1484//2122 
f 2512//2122 2509//2122 1489//2122 
f 1484//2122 1486//2122 2511//2122 
f 1488//2122 1489//2122 2509//2122 
f 1489//2122 1484//2122 2512//2122 
o mesh97
f 2513//2123 2509//2123 2512//2123 
f 2512//2123 2514//2123 2513//2123 
o mesh98
f 2515//2124 2510//2124 2509//2124 
f 2509//2124 2513//2124 2515//2124 
o mesh99
f 2516//2125 2511//2125 2510//2125 
f 2510//2125 2515//2125 2516//2125 
o mesh100
f 2514//2126 2512//2126 2511//2126 
f 2511//2126 2516//2126 2514//2126 
o mesh101
f 2515//2127 2513//2127 2514//2127 
f 2514//2127 2516//2127 2515//2127 
o mesh102
f 2517//2128 2518//2128 2519//2128 
f 2519//2128 2520//2128 2517//2128 
f 2521//2128 2522//2128 2523//2128 
f 2521//2128 2524//2128 2525//2128 
f 2526//2128 2527//2128 2518//2128 
f 175//2128 2528//2128 2529//2128 
f 175//2128 2530//2128 2531//2128 
f 2521//2128 2532//2128 2522//2128 
f 2525//2128 2533//2128 2521//2128 
f 2521//2128 2526//2128 2534//2128 
f 2519//2128 2535//2128 2520//2128 
f 2519//2128 2536//2128 2537//2128 
f 175//2128 2538//2128 2539//2128 
f 175//2128 2540//2128 2528//2128 
f 2531//2128 2541//2128 175//2128 
f 175//2128 2542//2128 2543//2128 
f 175//2128 2544//2128 2545//2128 
f 247//2128 2546//2128 2544//2128 
f 247//2128 2547//2128 2548//2128 
f 247//2128 2549//2128 2550//2128 
f 2533//2128 2532//2128 2521//2128 
f 2534//2128 2551//2128 2521//2128 
f 2537//2128 2535//2128 2519//2128 
f 2526//2128 2521//2128 2552//2128 
f 2519//2128 2553//2128 2554//2128 
f 2555//2128 2556//2128 2557//2128 
f 2555//2128 2558//2128 2559//2128 
f 2560//2128 2561//2128 2562//2128 
f 175//2128 2563//2128 2538//2128 
f 2541//2128 2540//2128 175//2128 
f 2543//2128 2564//2128 175//2128 
f 2544//2128 175//2128 247//2128 
f 247//2128 2565//2128 2566//2128 
f 247//2128 2567//2128 2568//2128 
f 247//2128 2569//2128 2547//2128 
f 2550//2128 2570//2128 247//2128 
f 247//2128 2571//2128 2572//2128 
f 247//2128 2573//2128 2574//2128 
f 2521//2128 2575//2128 2573//2128 
f 2551//2128 2524//2128 2521//2128 
f 2552//2128 2527//2128 2526//2128 
f 2519//2128 2576//2128 2553//2128 
f 2519//2128 2577//2128 2578//2128 
f 2555//2128 2579//2128 2556//2128 
f 2559//2128 2580//2128 2555//2128 
f 2555//2128 2581//2128 2582//2128 
f 2555//2128 2583//2128 2584//2128 
f 2562//2128 2585//2128 2560//2128 
f 2539//2128 2586//2128 175//2128 
f 2564//2128 2530//2128 175//2128 
f 2566//2128 2546//2128 247//2128 
f 247//2128 2587//2128 2567//2128 
f 2570//2128 2569//2128 247//2128 
f 2572//2128 2588//2128 247//2128 
f 2573//2128 247//2128 2521//2128 
f 2517//2128 2526//2128 2518//2128 
f 2578//2128 2576//2128 2519//2128 
f 2519//2128 2589//2128 2590//2128 
f 2591//2128 2592//2128 2593//2128 
f 2594//2128 2591//2128 2595//2128 
f 2596//2128 2595//2128 2589//2128 
f 2597//2128 2598//2128 2599//2128 
f 2597//2128 2600//2128 2601//2128 
f 2555//2128 2602//2128 2603//2128 
f 2580//2128 2579//2128 2555//2128 
f 2582//2128 2604//2128 2555//2128 
f 2584//2128 2605//2128 2555//2128 
f 2555//2128 2606//2128 2607//2128 
f 2555//2128 2608//2128 2609//2128 
f 2610//2128 2555//2128 2611//2128 
f 2612//2128 2613//2128 2614//2128 
f 2612//2128 2615//2128 2616//2128 
f 2617//2128 2618//2128 2561//2128 
f 2617//2128 2619//2128 2620//2128 
f 2617//2128 2612//2128 2621//2128 
f 251//2128 2622//2128 2623//2128 
f 251//2128 2624//2128 2625//2128 
f 175//2128 2626//2128 2563//2128 
f 2545//2128 2542//2128 175//2128 
f 2548//2128 2587//2128 247//2128 
f 2574//2128 2571//2128 247//2128 
f 2554//2128 2536//2128 2519//2128 
f 2590//2128 2627//2128 2519//2128 
f 2539//2128 2538//2128 2591//2128 
f 2593//2128 2628//2128 2591//2128 
f 2595//2128 2596//2128 2629//2128 
f 2589//2128 2630//2128 2631//2128 
f 2597//2128 2632//2128 2598//2128 
f 2601//2128 2633//2128 2597//2128 
f 2597//2128 2634//2128 2635//2128 
f 2597//2128 2636//2128 2637//2128 
f 247//2128 2638//2128 2639//2128 
f 2555//2128 2640//2128 2602//2128 
f 2604//2128 2558//2128 2555//2128 
f 2607//2128 2583//2128 2555//2128 
f 2555//2128 2641//2128 2642//2128 
f 2609//2128 2643//2128 2555//2128 
f 2611//2128 2597//2128 2610//2128 
f 2612//2128 2644//2128 2613//2128 
f 2616//2128 2645//2128 2612//2128 
f 2612//2128 2617//2128 2646//2128 
f 2562//2128 2647//2128 2585//2128 
f 2562//2128 2648//2128 2649//2128 
f 2617//2128 2650//2128 2619//2128 
f 2621//2128 2651//2128 2617//2128 
f 251//2128 2652//2128 2622//2128 
f 2625//2128 2653//2128 251//2128 
f 251//2128 2654//2128 2655//2128 
f 251//2128 2656//2128 2657//2128 
f 251//2128 134//2128 2658//2128 
f 175//2128 2659//2128 2660//2128 
f 175//2128 2661//2128 2626//2128 
f 2568//2128 2565//2128 247//2128 
f 2523//2128 2575//2128 2521//2128 
f 2627//2128 2662//2128 2519//2128 
f 247//2128 2663//2128 2664//2128 
f 247//2128 2665//2128 2666//2128 
f 2628//2128 2667//2128 2591//2128 
f 2595//2128 2629//2128 2594//2128 
f 2589//2128 2668//2128 2630//2128 
f 2589//2128 2669//2128 2670//2128 
f 2633//2128 2632//2128 2597//2128 
f 2635//2128 2671//2128 2597//2128 
f 2637//2128 2672//2128 2597//2128 
f 2597//2128 2673//2128 2674//2128 
f 2597//2128 2675//2128 2676//2128 
f 2639//2128 2677//2128 247//2128 
f 2603//2128 247//2128 2555//2128 
f 2605//2128 2581//2128 2555//2128 
f 2643//2128 2641//2128 2555//2128 
f 2555//2128 2678//2128 2679//2128 
f 2610//2128 2678//2128 2555//2128 
f 247//2128 2612//2128 2680//2128 
f 2645//2128 2644//2128 2612//2128 
f 2646//2128 2681//2128 2612//2128 
f 2649//2128 2647//2128 2562//2128 
f 2651//2128 2650//2128 2617//2128 
f 2562//2128 2682//2128 2683//2128 
f 251//2128 2684//2128 2685//2128 
f 2653//2128 2652//2128 251//2128 
f 2655//2128 2686//2128 251//2128 
f 2658//2128 2656//2128 251//2128 
f 134//2128 2687//2128 2688//2128 
f 134//2128 2689//2128 2690//2128 
f 175//2128 2691//2128 2659//2128 
f 2529//2128 2661//2128 175//2128 
f 2662//2128 2577//2128 2519//2128 
f 2666//2128 2663//2128 247//2128 
f 2594//2128 2592//2128 2591//2128 
f 2670//2128 2668//2128 2589//2128 
f 2671//2128 2600//2128 2597//2128 
f 2674//2128 2636//2128 2597//2128 
f 2597//2128 2692//2128 2693//2128 
f 2676//2128 2694//2128 2597//2128 
f 2603//2128 2638//2128 247//2128 
f 2642//2128 2606//2128 2555//2128 
f 2597//2128 2695//2128 2696//2128 
f 2611//2128 2695//2128 2597//2128 
f 2680//2128 2697//2128 247//2128 
f 2612//2128 2698//2128 2699//2128 
f 2681//2128 2615//2128 2612//2128 
f 2620//2128 2618//2128 2617//2128 
f 2562//2128 2700//2128 2682//2128 
f 2562//2128 2701//2128 2702//2128 
f 251//2128 2703//2128 2684//2128 
f 251//2128 2704//2128 2705//2128 
f 2686//2128 2624//2128 251//2128 
f 2688//2128 2658//2128 134//2128 
f 134//2128 2706//2128 2689//2128 
f 134//2128 2707//2128 2708//2128 
f 2586//2128 2691//2128 175//2128 
f 2664//2128 2521//2128 247//2128 
f 2589//2128 2631//2128 2596//2128 
f 2672//2128 2634//2128 2597//2128 
f 2694//2128 2692//2128 2597//2128 
f 2557//2128 2640//2128 2555//2128 
f 2679//2128 2608//2128 2555//2128 
f 2697//2128 2709//2128 247//2128 
f 2612//2128 2710//2128 2698//2128 
f 2560//2128 2617//2128 2561//2128 
f 2702//2128 2700//2128 2562//2128 
f 2562//2128 2711//2128 2712//2128 
f 2685//2128 247//2128 251//2128 
f 251//2128 2713//2128 2704//2128 
f 2657//2128 2654//2128 251//2128 
f 2708//2128 2706//2128 134//2128 
f 2714//2128 2715//2128 2716//2128 
f 2715//2128 2714//2128 2717//2128 
f 2717//2128 2718//2128 2719//2128 
f 2720//2128 2717//2128 2721//2128 
f 2722//2128 2721//2128 2711//2128 
f 2588//2128 2549//2128 247//2128 
f 2589//2128 2519//2128 2669//2128 
f 2693//2128 2673//2128 2597//2128 
f 2696//2128 2675//2128 2597//2128 
f 175//2128 2723//2128 2724//2128 
f 2699//2128 2680//2128 2612//2128 
f 2683//2128 2648//2128 2562//2128 
f 2712//2128 2725//2128 2562//2128 
f 2705//2128 2703//2128 251//2128 
f 2690//2128 2687//2128 134//2128 
f 134//2128 2726//2128 2727//2128 
f 134//2128 2728//2128 2729//2128 
f 2717//2128 2730//2128 2715//2128 
f 2719//2128 2731//2128 2717//2128 
f 2721//2128 2722//2128 2732//2128 
f 2711//2128 2733//2128 2734//2128 
f 2591//2128 2667//2128 2539//2128 
f 2677//2128 2665//2128 247//2128 
f 2724//2128 2735//2128 175//2128 
f 2614//2128 2710//2128 2612//2128 
f 2725//2128 2736//2128 2562//2128 
f 2623//2128 2713//2128 251//2128 
f 2729//2128 2726//2128 134//2128 
f 2731//2128 2730//2128 2717//2128 
f 2721//2128 2732//2128 2720//2128 
f 2711//2128 2737//2128 2733//2128 
f 2711//2128 2738//2128 2739//2128 
f 134//2128 2740//2128 2741//2128 
f 175//2128 2735//2128 2740//2128 
f 2599//2128 2735//2128 2597//2128 
f 2724//2128 2742//2128 2735//2128 
f 2736//2128 2701//2128 2562//2128 
f 2727//2128 2707//2128 134//2128 
f 134//2128 2743//2128 2744//2128 
f 2720//2128 2718//2128 2717//2128 
f 2739//2128 2737//2128 2711//2128 
f 2740//2128 134//2128 175//2128 
f 2742//2128 2597//2128 2735//2128 
f 2685//2128 2612//2128 247//2128 
f 2744//2128 2745//2128 134//2128 
f 134//2128 2746//2128 2747//2128 
f 134//2128 2714//2128 2748//2128 
f 2711//2128 2734//2128 2722//2128 
f 2660//2128 2723//2128 175//2128 
f 2745//2128 2728//2128 134//2128 
f 2748//2128 2746//2128 134//2128 
f 2711//2128 2562//2128 2738//2128 
f 2709//2128 2555//2128 247//2128 
f 2716//2128 2748//2128 2714//2128 
f 2747//2128 2743//2128 134//2128 
f 2741//2128 2714//2128 134//2128 
o mesh103
f 2638//2129 2749//2129 2750//2130 
f 2639//2130 2750//2130 2751//2131 
f 2677//2131 2751//2131 2752//2132 
f 2665//2132 2752//2132 2753//2133 
f 2666//2133 2753//2133 2754//2134 
f 2663//2134 2754//2134 2755//2135 
f 2664//2135 2755//2135 2756//2136 
f 2521//2136 2756//2136 2757//2137 
f 2552//2137 2757//2137 2758//2138 
f 2527//2138 2758//2138 2759//2139 
f 2518//2139 2759//2139 2760//2140 
f 2519//2140 2760//2140 2761//2141 
f 2669//2141 2761//2141 2762//2142 
f 2670//2142 2762//2142 2763//2143 
f 2668//2143 2763//2143 2764//2144 
f 2630//2144 2764//2144 2765//2145 
f 2631//2145 2765//2145 2766//2146 
f 2596//2146 2766//2146 2767//2147 
f 2629//2147 2767//2147 2768//2148 
f 2594//2148 2768//2148 2769//2149 
f 2592//2149 2769//2149 2770//2150 
f 2593//2150 2770//2150 2771//2151 
f 2628//2151 2771//2151 2772//2152 
f 2667//2152 2772//2152 2773//2153 
f 2539//2153 2773//2153 2774//2154 
f 2586//2154 2774//2154 2775//2155 
f 2691//2155 2775//2155 2776//2156 
f 2659//2156 2776//2156 2777//2157 
f 2660//2157 2777//2157 2778//2158 
f 2723//2158 2778//2158 2779//2159 
f 2724//2159 2779//2159 2780//2160 
f 2742//2160 2780//2160 2781//2161 
f 2597//2161 2781//2161 2782//2162 
f 2610//2162 2782//2162 2783//2163 
f 2678//2163 2783//2163 2784//2164 
f 2679//2164 2784//2164 2785//2165 
f 2608//2165 2785//2165 2786//2166 
f 2609//2166 2786//2166 2787//2167 
f 2643//2167 2787//2167 2788//2168 
f 2641//2168 2788//2168 2789//2169 
f 2642//2169 2789//2169 2790//2170 
f 2606//2170 2790//2170 2791//2171 
f 2607//2171 2791//2171 2792//2172 
f 2583//2172 2792//2172 2793//2173 
f 2584//2173 2793//2173 2794//2174 
f 2605//2174 2794//2174 2795//2175 
f 2581//2175 2795//2175 2796//2176 
f 2582//2176 2796//2176 2797//2177 
f 2604//2177 2797//2177 2798//2178 
f 2558//2178 2798//2178 2799//2179 
f 2559//2179 2799//2179 2800//2180 
f 2580//2180 2800//2180 2801//2181 
f 2579//2181 2801//2181 2802//2182 
f 2556//2182 2802//2182 2803//2183 
f 2557//2183 2803//2183 2804//2184 
f 2640//2184 2804//2184 2805//2185 
f 2602//2185 2805//2185 2806//2186 
f 2603//2186 2806//2186 2749//2129 
f 2749//2129 2638//2129 2603//2186 
f 2806//2186 2603//2186 2602//2185 
f 2805//2185 2602//2185 2640//2184 
f 2804//2184 2640//2184 2557//2183 
f 2803//2183 2557//2183 2556//2182 
f 2802//2182 2556//2182 2579//2181 
f 2801//2181 2579//2181 2580//2180 
f 2800//2180 2580//2180 2559//2179 
f 2799//2179 2559//2179 2558//2178 
f 2798//2178 2558//2178 2604//2177 
f 2797//2177 2604//2177 2582//2176 
f 2796//2176 2582//2176 2581//2175 
f 2795//2175 2581//2175 2605//2174 
f 2794//2174 2605//2174 2584//2173 
f 2793//2173 2584//2173 2583//2172 
f 2792//2172 2583//2172 2607//2171 
f 2791//2171 2607//2171 2606//2170 
f 2790//2170 2606//2170 2642//2169 
f 2789//2169 2642//2169 2641//2168 
f 2788//2168 2641//2168 2643//2167 
f 2787//2167 2643//2167 2609//2166 
f 2786//2166 2609//2166 2608//2165 
f 2785//2165 2608//2165 2679//2164 
f 2784//2164 2679//2164 2678//2163 
f 2783//2163 2678//2163 2610//2162 
f 2782//2162 2610//2162 2597//2161 
f 2781//2161 2597//2161 2742//2160 
f 2780//2160 2742//2160 2724//2159 
f 2779//2159 2724//2159 2723//2158 
f 2778//2158 2723//2158 2660//2157 
f 2777//2157 2660//2157 2659//2156 
f 2776//2156 2659//2156 2691//2155 
f 2775//2155 2691//2155 2586//2154 
f 2774//2154 2586//2154 2539//2153 
f 2773//2153 2539//2153 2667//2152 
f 2772//2152 2667//2152 2628//2151 
f 2771//2151 2628//2151 2593//2150 
f 2770//2150 2593//2150 2592//2149 
f 2769//2149 2592//2149 2594//2148 
f 2768//2148 2594//2148 2629//2147 
f 2767//2147 2629//2147 2596//2146 
f 2766//2146 2596//2146 2631//2145 
f 2765//2145 2631//2145 2630//2144 
f 2764//2144 2630//2144 2668//2143 
f 2763//2143 2668//2143 2670//2142 
f 2762//2142 2670//2142 2669//2141 
f 2761//2141 2669//2141 2519//2140 
f 2760//2140 2519//2140 2518//2139 
f 2759//2139 2518//2139 2527//2138 
f 2758//2138 2527//2138 2552//2137 
f 2757//2137 2552//2137 2521//2136 
f 2756//2136 2521//2136 2664//2135 
f 2755//2135 2664//2135 2663//2134 
f 2754//2134 2663//2134 2666//2133 
f 2753//2133 2666//2133 2665//2132 
f 2752//2132 2665//2132 2677//2131 
f 2751//2131 2677//2131 2639//2130 
f 2750//2130 2639//2130 2638//2129 
o mesh104
f 2571//2187 2807//2187 2808//2188 
f 2572//2188 2808//2188 2809//2189 
f 2588//2189 2809//2189 2810//2190 
f 2549//2190 2810//2190 2811//2191 
f 2550//2191 2811//2191 2812//2192 
f 2570//2192 2812//2192 2813//2193 
f 2569//2193 2813//2193 2814//2194 
f 2547//2194 2814//2194 2815//2195 
f 2548//2195 2815//2195 2816//2196 
f 2587//2196 2816//2196 2817//2197 
f 2567//2197 2817//2197 2818//2198 
f 2568//2198 2818//2198 2819//2199 
f 2565//2199 2819//2199 2820//2200 
f 2566//2200 2820//2200 2821//2201 
f 2546//2201 2821//2201 2822//2202 
f 2544//2202 2822//2202 2823//2203 
f 2545//2203 2823//2203 2824//2204 
f 2542//2204 2824//2204 2825//2205 
f 2543//2205 2825//2205 2826//2206 
f 2564//2206 2826//2206 2827//2207 
f 2530//2207 2827//2207 2828//2208 
f 2531//2208 2828//2208 2829//2209 
f 2541//2209 2829//2209 2830//2210 
f 2540//2210 2830//2210 2831//2211 
f 2528//2211 2831//2211 2832//2212 
f 2529//2212 2832//2212 2833//2213 
f 2661//2213 2833//2213 2834//2214 
f 2626//2214 2834//2214 2835//2215 
f 2563//2215 2835//2215 2836//2216 
f 2538//2216 2836//2216 2837//2217 
f 2591//2217 2837//2217 2838//2218 
f 2595//2218 2838//2218 2839//2219 
f 2589//2219 2839//2219 2840//2220 
f 2590//2220 2840//2220 2841//2221 
f 2627//2221 2841//2221 2842//2222 
f 2662//2222 2842//2222 2843//2223 
f 2577//2223 2843//2223 2844//2224 
f 2578//2224 2844//2224 2845//2225 
f 2576//2225 2845//2225 2846//2226 
f 2553//2226 2846//2226 2847//2227 
f 2554//2227 2847//2227 2848//2228 
f 2536//2228 2848//2228 2849//2229 
f 2537//2229 2849//2229 2850//2230 
f 2535//2230 2850//2230 2851//2231 
f 2520//2231 2851//2231 2852//2232 
f 2517//2232 2852//2232 2853//2233 
f 2526//2233 2853//2233 2854//2234 
f 2534//2234 2854//2234 2855//2235 
f 2551//2235 2855//2235 2856//2236 
f 2524//2236 2856//2236 2857//2237 
f 2525//2237 2857//2237 2858//2238 
f 2533//2238 2858//2238 2859//2239 
f 2532//2239 2859//2239 2860//2240 
f 2522//2240 2860//2240 2861//2241 
f 2523//2241 2861//2241 2862//2242 
f 2575//2242 2862//2242 2863//2243 
f 2573//2243 2863//2243 2864//2244 
f 2574//2244 2864//2244 2807//2187 
f 2807//2187 2571//2187 2574//2244 
f 2864//2244 2574//2244 2573//2243 
f 2863//2243 2573//2243 2575//2242 
f 2862//2242 2575//2242 2523//2241 
f 2861//2241 2523//2241 2522//2240 
f 2860//2240 2522//2240 2532//2239 
f 2859//2239 2532//2239 2533//2238 
f 2858//2238 2533//2238 2525//2237 
f 2857//2237 2525//2237 2524//2236 
f 2856//2236 2524//2236 2551//2235 
f 2855//2235 2551//2235 2534//2234 
f 2854//2234 2534//2234 2526//2233 
f 2853//2233 2526//2233 2517//2232 
f 2852//2232 2517//2232 2520//2231 
f 2851//2231 2520//2231 2535//2230 
f 2850//2230 2535//2230 2537//2229 
f 2849//2229 2537//2229 2536//2228 
f 2848//2228 2536//2228 2554//2227 
f 2847//2227 2554//2227 2553//2226 
f 2846//2226 2553//2226 2576//2225 
f 2845//2225 2576//2225 2578//2224 
f 2844//2224 2578//2224 2577//2223 
f 2843//2223 2577//2223 2662//2222 
f 2842//2222 2662//2222 2627//2221 
f 2841//2221 2627//2221 2590//2220 
f 2840//2220 2590//2220 2589//2219 
f 2839//2219 2589//2219 2595//2218 
f 2838//2218 2595//2218 2591//2217 
f 2837//2217 2591//2217 2538//2216 
f 2836//2216 2538//2216 2563//2215 
f 2835//2215 2563//2215 2626//2214 
f 2834//2214 2626//2214 2661//2213 
f 2833//2213 2661//2213 2529//2212 
f 2832//2212 2529//2212 2528//2211 
f 2831//2211 2528//2211 2540//2210 
f 2830//2210 2540//2210 2541//2209 
f 2829//2209 2541//2209 2531//2208 
f 2828//2208 2531//2208 2530//2207 
f 2827//2207 2530//2207 2564//2206 
f 2826//2206 2564//2206 2543//2205 
f 2825//2205 2543//2205 2542//2204 
f 2824//2204 2542//2204 2545//2203 
f 2823//2203 2545//2203 2544//2202 
f 2822//2202 2544//2202 2546//2201 
f 2821//2201 2546//2201 2566//2200 
f 2820//2200 2566//2200 2565//2199 
f 2819//2199 2565//2199 2568//2198 
f 2818//2198 2568//2198 2567//2197 
f 2817//2197 2567//2197 2587//2196 
f 2816//2196 2587//2196 2548//2195 
f 2815//2195 2548//2195 2547//2194 
f 2814//2194 2547//2194 2569//2193 
f 2813//2193 2569//2193 2570//2192 
f 2812//2192 2570//2192 2550//2191 
f 2811//2191 2550//2191 2549//2190 
f 2810//2190 2549//2190 2588//2189 
f 2809//2189 2588//2189 2572//2188 
f 2808//2188 2572//2188 2571//2187 
o mesh105
f 2703//2245 2865//2245 2866//2246 
f 2684//2246 2866//2246 2867//2247 
f 2685//2247 2867//2247 2868//2248 
f 2612//2248 2868//2248 2869//2249 
f 2621//2249 2869//2249 2870//2250 
f 2651//2250 2870//2250 2871//2251 
f 2650//2251 2871//2251 2872//2252 
f 2619//2252 2872//2252 2873//2253 
f 2620//2253 2873//2253 2874//2254 
f 2618//2254 2874//2254 2875//2255 
f 2561//2255 2875//2255 2876//2256 
f 2562//2256 2876//2256 2877//2257 
f 2738//2257 2877//2257 2878//2258 
f 2739//2258 2878//2258 2879//2259 
f 2737//2259 2879//2259 2880//2260 
f 2733//2260 2880//2260 2881//2261 
f 2734//2261 2881//2261 2882//2262 
f 2722//2262 2882//2262 2883//2263 
f 2732//2263 2883//2263 2884//2264 
f 2720//2264 2884//2264 2885//2265 
f 2718//2265 2885//2265 2886//2266 
f 2719//2266 2886//2266 2887//2267 
f 2731//2267 2887//2267 2888//2268 
f 2730//2268 2888//2268 2889//2269 
f 2715//2269 2889//2269 2890//2270 
f 2716//2270 2890//2270 2891//2271 
f 2748//2271 2891//2271 2892//2272 
f 2746//2272 2892//2272 2893//2273 
f 2747//2273 2893//2273 2894//2274 
f 2743//2274 2894//2274 2895//2275 
f 2744//2275 2895//2275 2896//2276 
f 2745//2276 2896//2276 2897//2277 
f 2728//2277 2897//2277 2898//2278 
f 2729//2278 2898//2278 2899//2279 
f 2726//2279 2899//2279 2900//2280 
f 2727//2280 2900//2280 2901//2281 
f 2707//2281 2901//2281 2902//2282 
f 2708//2282 2902//2282 2903//2283 
f 2706//2283 2903//2283 2904//2284 
f 2689//2284 2904//2284 2905//2285 
f 2690//2285 2905//2285 2906//2286 
f 2687//2286 2906//2286 2907//2287 
f 2688//2287 2907//2287 2908//2288 
f 2658//2288 2908//2288 2909//2289 
f 2656//2289 2909//2289 2910//2290 
f 2657//2290 2910//2290 2911//2291 
f 2654//2291 2911//2291 2912//2292 
f 2655//2292 2912//2292 2913//2293 
f 2686//2293 2913//2293 2914//2294 
f 2624//2294 2914//2294 2915//2295 
f 2625//2295 2915//2295 2916//2296 
f 2653//2296 2916//2296 2917//2297 
f 2652//2297 2917//2297 2918//2298 
f 2622//2298 2918//2298 2919//2299 
f 2623//2299 2919//2299 2920//2300 
f 2713//2300 2920//2300 2921//2301 
f 2704//2301 2921//2301 2922//2302 
f 2705//2302 2922//2302 2865//2245 
f 2865//2245 2703//2245 2705//2302 
f 2922//2302 2705//2302 2704//2301 
f 2921//2301 2704//2301 2713//2300 
f 2920//2300 2713//2300 2623//2299 
f 2919//2299 2623//2299 2622//2298 
f 2918//2298 2622//2298 2652//2297 
f 2917//2297 2652//2297 2653//2296 
f 2916//2296 2653//2296 2625//2295 
f 2915//2295 2625//2295 2624//2294 
f 2914//2294 2624//2294 2686//2293 
f 2913//2293 2686//2293 2655//2292 
f 2912//2292 2655//2292 2654//2291 
f 2911//2291 2654//2291 2657//2290 
f 2910//2290 2657//2290 2656//2289 
f 2909//2289 2656//2289 2658//2288 
f 2908//2288 2658//2288 2688//2287 
f 2907//2287 2688//2287 2687//2286 
f 2906//2286 2687//2286 2690//2285 
f 2905//2285 2690//2285 2689//2284 
f 2904//2284 2689//2284 2706//2283 
f 2903//2283 2706//2283 2708//2282 
f 2902//2282 2708//2282 2707//2281 
f 2901//2281 2707//2281 2727//2280 
f 2900//2280 2727//2280 2726//2279 
f 2899//2279 2726//2279 2729//2278 
f 2898//2278 2729//2278 2728//2277 
f 2897//2277 2728//2277 2745//2276 
f 2896//2276 2745//2276 2744//2275 
f 2895//2275 2744//2275 2743//2274 
f 2894//2274 2743//2274 2747//2273 
f 2893//2273 2747//2273 2746//2272 
f 2892//2272 2746//2272 2748//2271 
f 2891//2271 2748//2271 2716//2270 
f 2890//2270 2716//2270 2715//2269 
f 2889//2269 2715//2269 2730//2268 
f 2888//2268 2730//2268 2731//2267 
f 2887//2267 2731//2267 2719//2266 
f 2886//2266 2719//2266 2718//2265 
f 2885//2265 2718//2265 2720//2264 
f 2884//2264 2720//2264 2732//2263 
f 2883//2263 2732//2263 2722//2262 
f 2882//2262 2722//2262 2734//2261 
f 2881//2261 2734//2261 2733//2260 
f 2880//2260 2733//2260 2737//2259 
f 2879//2259 2737//2259 2739//2258 
f 2878//2258 2739//2258 2738//2257 
f 2877//2257 2738//2257 2562//2256 
f 2876//2256 2562//2256 2561//2255 
f 2875//2255 2561//2255 2618//2254 
f 2874//2254 2618//2254 2620//2253 
f 2873//2253 2620//2253 2619//2252 
f 2872//2252 2619//2252 2650//2251 
f 2871//2251 2650//2251 2651//2250 
f 2870//2250 2651//2250 2621//2249 
f 2869//2249 2621//2249 2612//2248 
f 2868//2248 2612//2248 2685//2247 
f 2867//2247 2685//2247 2684//2246 
f 2866//2246 2684//2246 2703//2245 
o mesh106
f 2680//2303 2923//2303 2924//2304 
f 2697//2304 2924//2304 2925//2305 
f 2709//2305 2925//2305 2926//2306 
f 2555//2306 2926//2306 2927//2307 
f 2611//2307 2927//2307 2928//2308 
f 2695//2308 2928//2308 2929//2309 
f 2696//2309 2929//2309 2930//2310 
f 2675//2310 2930//2310 2931//2311 
f 2676//2311 2931//2311 2932//2312 
f 2694//2312 2932//2312 2933//2313 
f 2692//2313 2933//2313 2934//2314 
f 2693//2314 2934//2314 2935//2315 
f 2673//2315 2935//2315 2936//2316 
f 2674//2316 2936//2316 2937//2317 
f 2636//2317 2937//2317 2938//2318 
f 2637//2318 2938//2318 2939//2319 
f 2672//2319 2939//2319 2940//2320 
f 2634//2320 2940//2320 2941//2321 
f 2635//2321 2941//2321 2942//2322 
f 2671//2322 2942//2322 2943//2323 
f 2600//2323 2943//2323 2944//2324 
f 2601//2324 2944//2324 2945//2325 
f 2633//2325 2945//2325 2946//2326 
f 2632//2326 2946//2326 2947//2327 
f 2598//2327 2947//2327 2948//2328 
f 2599//2328 2948//2328 2949//2329 
f 2735//2329 2949//2329 2950//2330 
f 2740//2330 2950//2330 2951//2331 
f 2741//2331 2951//2331 2952//2332 
f 2714//2332 2952//2332 2953//2333 
f 2717//2333 2953//2333 2954//2334 
f 2721//2334 2954//2334 2955//2335 
f 2711//2335 2955//2335 2956//2336 
f 2712//2336 2956//2336 2957//2337 
f 2725//2337 2957//2337 2958//2338 
f 2736//2338 2958//2338 2959//2339 
f 2701//2339 2959//2339 2960//2340 
f 2702//2340 2960//2340 2961//2341 
f 2700//2341 2961//2341 2962//2342 
f 2682//2342 2962//2342 2963//2343 
f 2683//2343 2963//2343 2964//2344 
f 2648//2344 2964//2344 2965//2345 
f 2649//2345 2965//2345 2966//2346 
f 2647//2346 2966//2346 2967//2347 
f 2585//2347 2967//2347 2968//2348 
f 2560//2348 2968//2348 2969//2349 
f 2617//2349 2969//2349 2970//2350 
f 2646//2350 2970//2350 2971//2351 
f 2681//2351 2971//2351 2972//2352 
f 2615//2352 2972//2352 2973//2353 
f 2616//2353 2973//2353 2974//2354 
f 2645//2354 2974//2354 2975//2355 
f 2644//2355 2975//2355 2976//2356 
f 2613//2356 2976//2356 2977//2357 
f 2614//2357 2977//2357 2978//2358 
f 2710//2358 2978//2358 2979//2359 
f 2698//2359 2979//2359 2980//2360 
f 2699//2360 2980//2360 2923//2303 
f 2923//2303 2680//2303 2699//2360 
f 2980//2360 2699//2360 2698//2359 
f 2979//2359 2698//2359 2710//2358 
f 2978//2358 2710//2358 2614//2357 
f 2977//2357 2614//2357 2613//2356 
f 2976//2356 2613//2356 2644//2355 
f 2975//2355 2644//2355 2645//2354 
f 2974//2354 2645//2354 2616//2353 
f 2973//2353 2616//2353 2615//2352 
f 2972//2352 2615//2352 2681//2351 
f 2971//2351 2681//2351 2646//2350 
f 2970//2350 2646//2350 2617//2349 
f 2969//2349 2617//2349 2560//2348 
f 2968//2348 2560//2348 2585//2347 
f 2967//2347 2585//2347 2647//2346 
f 2966//2346 2647//2346 2649//2345 
f 2965//2345 2649//2345 2648//2344 
f 2964//2344 2648//2344 2683//2343 
f 2963//2343 2683//2343 2682//2342 
f 2962//2342 2682//2342 2700//2341 
f 2961//2341 2700//2341 2702//2340 
f 2960//2340 2702//2340 2701//2339 
f 2959//2339 2701//2339 2736//2338 
f 2958//2338 2736//2338 2725//2337 
f 2957//2337 2725//2337 2712//2336 
f 2956//2336 2712//2336 2711//2335 
f 2955//2335 2711//2335 2721//2334 
f 2954//2334 2721//2334 2717//2333 
f 2953//2333 2717//2333 2714//2332 
f 2952//2332 2714//2332 2741//2331 
f 2951//2331 2741//2331 2740//2330 
f 2950//2330 2740//2330 2735//2329 
f 2949//2329 2735//2329 2599//2328 
f 2948//2328 2599//2328 2598//2327 
f 2947//2327 2598//2327 2632//2326 
f 2946//2326 2632//2326 2633//2325 
f 2945//2325 2633//2325 2601//2324 
f 2944//2324 2601//2324 2600//2323 
f 2943//2323 2600//2323 2671//2322 
f 2942//2322 2671//2322 2635//2321 
f 2941//2321 2635//2321 2634//2320 
f 2940//2320 2634//2320 2672//2319 
f 2939//2319 2672//2319 2637//2318 
f 2938//2318 2637//2318 2636//2317 
f 2937//2317 2636//2317 2674//2316 
f 2936//2316 2674//2316 2673//2315 
f 2935//2315 2673//2315 2693//2314 
f 2934//2314 2693//2314 2692//2313 
f 2933//2313 2692//2313 2694//2312 
f 2932//2312 2694//2312 2676//2311 
f 2931//2311 2676//2311 2675//2310 
f 2930//2310 2675//2310 2696//2309 
f 2929//2309 2696//2309 2695//2308 
f 2928//2308 2695//2308 2611//2307 
f 2927//2307 2611//2307 2555//2306 
f 2926//2306 2555//2306 2709//2305 
f 2925//2305 2709//2305 2697//2304 
f 2924//2304 2697//2304 2680//2303 
o mesh107
f 2981//2361 2982//2361 2983//2361 
f 2984//2361 2985//2361 2986//2361 
f 2987//2361 2988//2361 2989//2361 
f 2983//2361 2990//2361 2981//2361 
f 2991//2361 2992//2361 2993//2361 
f 2991//2361 2994//2361 2995//2361 
f 2996//2361 2997//2361 2998//2361 
f 2986//2361 2999//2361 2984//2361 
f 3000//2361 1801//2361 3001//2361 
f 1801//2361 3002//2361 3003//2361 
f 1801//2361 3004//2361 3005//2361 
f 2987//2361 3006//2361 2988//2361 
f 2987//2361 3007//2361 3008//2361 
f 3009//2361 3010//2361 2982//2361 
f 3011//2361 3012//2361 3013//2361 
f 3014//2361 3012//2361 3011//2361 
f 2991//2361 3015//2361 2992//2361 
f 2995//2361 3016//2361 2991//2361 
f 2991//2361 3017//2361 3018//2361 
f 2998//2361 2999//2361 2996//2361 
f 2999//2361 2998//2361 2984//2361 
f 3019//2361 2986//2361 3020//2361 
f 1801//2361 3021//2361 3001//2361 
f 1801//2361 3022//2361 3002//2361 
f 3005//2361 3023//2361 1801//2361 
f 1801//2361 3024//2361 3025//2361 
f 1801//2361 3026//2361 3027//2361 
f 1801//2361 1804//2361 3028//2361 
f 2987//2361 3029//2361 3006//2361 
f 3008//2361 3030//2361 2987//2361 
f 2987//2361 3009//2361 3031//2361 
f 2983//2361 3032//2361 2990//2361 
f 2983//2361 3033//2361 3034//2361 
f 2983//2361 3035//2361 3036//2361 
f 2983//2361 3037//2361 3038//2361 
f 3039//2361 3040//2361 3041//2361 
f 3039//2361 3042//2361 3043//2361 
f 3011//2361 3044//2361 3014//2361 
f 3044//2361 3045//2361 3046//2361 
f 3047//2361 3048//2361 3049//2361 
f 3047//2361 3050//2361 3051//2361 
f 3016//2361 3015//2361 2991//2361 
f 3018//2361 3052//2361 2991//2361 
f 2985//2361 3020//2361 2986//2361 
f 3017//2361 2991//2361 3019//2361 
f 3053//2361 3054//2361 3055//2361 
f 3001//2361 3056//2361 3000//2361 
f 3023//2361 3022//2361 1801//2361 
f 3025//2361 3057//2361 1801//2361 
f 3028//2361 3026//2361 1801//2361 
f 1804//2361 3058//2361 3059//2361 
f 1804//2361 3060//2361 3061//2361 
f 3030//2361 3029//2361 2987//2361 
f 3031//2361 3062//2361 2987//2361 
f 3034//2361 3032//2361 2983//2361 
f 3009//2361 2987//2361 3063//2361 
f 2983//2361 3064//2361 3065//2361 
f 2983//2361 3066//2361 3035//2361 
f 3038//2361 3067//2361 2983//2361 
f 3039//2361 3068//2361 3040//2361 
f 3043//2361 3069//2361 3039//2361 
f 3039//2361 3070//2361 3071//2361 
f 3045//2361 3044//2361 3072//2361 
f 3046//2361 3014//2361 3044//2361 
f 3047//2361 3073//2361 3048//2361 
f 3051//2361 3074//2361 3047//2361 
f 3047//2361 3053//2361 3075//2361 
f 3052//2361 2994//2361 2991//2361 
f 3020//2361 3017//2361 3019//2361 
f 3053//2361 3076//2361 3054//2361 
f 3053//2361 3047//2361 3077//2361 
f 3078//2361 3079//2361 3080//2361 
f 3078//2361 3081//2361 3082//2361 
f 1801//2361 3083//2361 3084//2361 
f 1801//2361 3085//2361 3021//2361 
f 3057//2361 3004//2361 1801//2361 
f 3059//2361 3028//2361 1804//2361 
f 1804//2361 3086//2361 3060//2361 
f 1804//2361 3087//2361 3088//2361 
f 1804//2361 3089//2361 3090//2361 
f 1804//2361 3091//2361 3092//2361 
f 3062//2361 3007//2361 2987//2361 
f 3063//2361 3010//2361 3009//2361 
f 2983//2361 3093//2361 3064//2361 
f 3067//2361 3066//2361 2983//2361 
f 3094//2361 3095//2361 3096//2361 
f 3097//2361 3094//2361 3098//2361 
f 3099//2361 3098//2361 3037//2361 
f 3100//2361 3101//2361 3102//2361 
f 3100//2361 3103//2361 3104//2361 
f 3069//2361 3068//2361 3039//2361 
f 3071//2361 3105//2361 3039//2361 
f 3013//2361 3070//2361 3011//2361 
f 3070//2361 3039//2361 3106//2361 
f 3107//2361 3100//2361 3108//2361 
f 3109//2361 3110//2361 3111//2361 
f 3074//2361 3073//2361 3047//2361 
f 3075//2361 3112//2361 3047//2361 
f 2996//2361 3053//2361 2997//2361 
f 3077//2361 3076//2361 3053//2361 
f 3078//2361 3113//2361 3114//2361 
f 3078//2361 3115//2361 3079//2361 
f 3082//2361 3116//2361 3078//2361 
f 1801//2361 3117//2361 3083//2361 
f 1801//2361 3118//2361 3085//2361 
f 3027//2361 3024//2361 1801//2361 
f 3088//2361 3086//2361 1804//2361 
f 3090//2361 3119//2361 1804//2361 
f 1804//2361 2989//2361 3091//2361 
f 2981//2361 3009//2361 2982//2361 
f 3036//2361 3093//2361 2983//2361 
f 3056//2361 3001//2361 3094//2361 
f 3096//2361 3120//2361 3094//2361 
f 3098//2361 3099//2361 3121//2361 
f 3037//2361 3122//2361 3123//2361 
f 3100//2361 3124//2361 3101//2361 
f 3104//2361 3125//2361 3100//2361 
f 3100//2361 3107//2361 3126//2361 
f 3105//2361 3042//2361 3039//2361 
f 3106//2361 3011//2361 3070//2361 
f 3107//2361 3127//2361 3128//2361 
f 3108//2361 3129//2361 3107//2361 
f 3111//2361 3130//2361 3109//2361 
f 1795//2361 3081//2361 3131//2361 
f 3112//2361 3050//2361 3047//2361 
f 3055//2361 2997//2361 3053//2361 
f 3078//2361 3132//2361 3113//2361 
f 3116//2361 3115//2361 3078//2361 
f 1796//2361 3133//2361 3134//2361 
f 1796//2361 3135//2361 3136//2361 
f 3000//2361 3117//2361 1801//2361 
f 3061//2361 3058//2361 1804//2361 
f 1804//2361 3137//2361 3138//2361 
f 1804//2361 3139//2361 3140//2361 
f 3092//2361 3089//2361 1804//2361 
f 3065//2361 3033//2361 2983//2361 
f 1804//2361 3141//2361 3142//2361 
f 1804//2361 3143//2361 3144//2361 
f 3120//2361 3145//2361 3094//2361 
f 3098//2361 3121//2361 3097//2361 
f 3037//2361 3146//2361 3122//2361 
f 3037//2361 3147//2361 3148//2361 
f 3125//2361 3124//2361 3100//2361 
f 3126//2361 3149//2361 3100//2361 
f 3072//2361 3107//2361 3045//2361 
f 3129//2361 3127//2361 3107//2361 
f 3109//2361 3150//2361 3151//2361 
f 3109//2361 3152//2361 3153//2361 
f 3130//2361 3154//2361 3109//2361 
f 1804//2361 3155//2361 3156//2361 
f 3131//2361 3157//2361 1795//2361 
f 2993//2361 3078//2361 2991//2361 
f 3080//2361 3132//2361 3078//2361 
f 1796//2361 3158//2361 3133//2361 
f 3136//2361 3159//2361 1796//2361 
f 1796//2361 3160//2361 3161//2361 
f 1796//2361 3162//2361 3163//2361 
f 1795//2361 3164//2361 3162//2361 
f 1795//2361 3165//2361 3166//2361 
f 1795//2361 3167//2361 3168//2361 
f 3003//2361 3118//2361 1801//2361 
f 3140//2361 3137//2361 1804//2361 
f 2989//2361 1804//2361 2987//2361 
f 3144//2361 3141//2361 1804//2361 
f 3097//2361 3095//2361 3094//2361 
f 3148//2361 3146//2361 3037//2361 
f 3110//2361 3169//2361 3170//2361 
f 3149//2361 3103//2361 3100//2361 
f 3128//2361 3045//2361 3107//2361 
f 3109//2361 3171//2361 3150//2361 
f 3154//2361 3152//2361 3109//2361 
f 3156//2361 3172//2361 1804//2361 
f 3155//2361 3173//2361 3174//2361 
f 3081//2361 3078//2361 3131//2361 
f 3114//2361 2991//2361 3078//2361 
f 3175//2361 3176//2361 3177//2361 
f 3175//2361 3155//2361 3178//2361 
f 3159//2361 3158//2361 1796//2361 
f 3161//2361 3179//2361 1796//2361 
f 3162//2361 1796//2361 1795//2361 
f 1795//2361 3180//2361 3181//2361 
f 1795//2361 3182//2361 3183//2361 
f 1795//2361 3184//2361 3165//2361 
f 3168//2361 3185//2361 1795//2361 
f 3138//2361 3087//2361 1804//2361 
f 3142//2361 2987//2361 1804//2361 
f 3037//2361 3123//2361 3099//2361 
f 1804//2361 3186//2361 3187//2361 
f 1804//2361 3188//2361 3189//2361 
f 3190//2361 3191//2361 3188//2361 
f 3110//2361 3109//2361 3169//2361 
f 3041//2361 3109//2361 3039//2361 
f 3153//2361 3171//2361 3109//2361 
f 3172//2361 3192//2361 1804//2361 
f 3155//2361 3175//2361 3173//2361 
f 3049//2361 3175//2361 3047//2361 
f 3178//2361 3176//2361 3175//2361 
f 1796//2361 3193//2361 3155//2361 
f 1796//2361 3194//2361 3195//2361 
f 1796//2361 3196//2361 3197//2361 
f 3179//2361 3135//2361 1796//2361 
f 3181//2361 3164//2361 1795//2361 
f 1795//2361 3198//2361 3182//2361 
f 3185//2361 3184//2361 1795//2361 
f 3119//2361 3139//2361 1804//2361 
f 3037//2361 2983//2361 3147//2361 
f 3187//2361 3199//2361 1804//2361 
f 3188//2361 1804//2361 3190//2361 
f 3170//2361 1795//2361 3110//2361 
f 3151//2361 3039//2361 3109//2361 
f 3191//2361 3200//2361 3201//2361 
f 3191//2361 3190//2361 3202//2361 
f 3174//2361 3156//2361 3155//2361 
f 3177//2361 3047//2361 3175//2361 
f 1795//2361 3203//2361 3204//2361 
f 3195//2361 3193//2361 1796//2361 
f 1796//2361 3205//2361 3196//2361 
f 3163//2361 3160//2361 1796//2361 
f 3166//2361 3198//2361 1795//2361 
f 3094//2361 3145//2361 3056//2361 
f 3189//2361 3186//2361 1804//2361 
f 3102//2361 3191//2361 3100//2361 
f 3202//2361 3200//2361 3191//2361 
f 1795//2361 1801//2361 3206//2361 
f 3157//2361 3207//2361 1795//2361 
f 3204//2361 3208//2361 1795//2361 
f 3197//2361 3194//2361 1796//2361 
f 3183//2361 3180//2361 1795//2361 
f 3199//2361 3143//2361 1804//2361 
f 3201//2361 3100//2361 3191//2361 
f 3206//2361 3209//2361 1795//2361 
f 3208//2361 3081//2361 1795//2361 
f 3134//2361 3205//2361 1796//2361 
f 1795//2361 3207//2361 3210//2361 
f 3170//2361 3203//2361 1795//2361 
f 3209//2361 3211//2361 1795//2361 
f 3155//2361 1804//2361 1796//2361 
f 3210//2361 3212//2361 1795//2361 
f 3211//2361 3110//2361 1795//2361 
f 3212//2361 3167//2361 1795//2361 
f 3192//2361 3190//2361 1804//2361 
f 3084//2361 3206//2361 1801//2361 
o mesh108
f 3206//2362 3213//2362 3214//2363 
f 3209//2363 3214//2363 3215//2364 
f 3211//2364 3215//2364 3216//2365 
f 3110//2365 3216//2365 3217//2366 
f 3111//2366 3217//2366 3218//2367 
f 3130//2367 3218//2367 3219//2368 
f 3154//2368 3219//2368 3220//2369 
f 3152//2369 3220//2369 3221//2370 
f 3153//2370 3221//2370 3222//2371 
f 3171//2371 3222//2371 3223//2372 
f 3150//2372 3223//2372 3224//2373 
f 3151//2373 3224//2373 3225//2374 
f 3039//2374 3225//2374 3226//2375 
f 3106//2375 3226//2375 3227//2376 
f 3011//2376 3227//2376 3228//2377 
f 3044//2377 3228//2377 3229//2378 
f 3072//2378 3229//2378 3230//2379 
f 3107//2379 3230//2379 3231//2380 
f 3126//2380 3231//2380 3232//2381 
f 3149//2381 3232//2381 3233//2382 
f 3103//2382 3233//2382 3234//2383 
f 3104//2383 3234//2383 3235//2384 
f 3125//2384 3235//2384 3236//2385 
f 3124//2385 3236//2385 3237//2386 
f 3101//2386 3237//2386 3238//2387 
f 3102//2387 3238//2387 3239//2388 
f 3191//2388 3239//2388 3240//2389 
f 3188//2389 3240//2389 3241//2390 
f 3189//2390 3241//2390 3242//2391 
f 3186//2391 3242//2391 3243//2392 
f 3187//2392 3243//2392 3244//2393 
f 3199//2393 3244//2393 3245//2394 
f 3143//2394 3245//2394 3246//2395 
f 3144//2395 3246//2395 3247//2396 
f 3141//2396 3247//2396 3248//2397 
f 3142//2397 3248//2397 3249//2398 
f 2987//2398 3249//2398 3250//2399 
f 3063//2399 3250//2399 3251//2400 
f 3010//2400 3251//2400 3252//2401 
f 2982//2401 3252//2401 3253//2402 
f 2983//2402 3253//2402 3254//2403 
f 3147//2403 3254//2403 3255//2404 
f 3148//2404 3255//2404 3256//2405 
f 3146//2405 3256//2405 3257//2406 
f 3122//2406 3257//2406 3258//2407 
f 3123//2407 3258//2407 3259//2408 
f 3099//2408 3259//2408 3260//2409 
f 3121//2409 3260//2409 3261//2410 
f 3097//2410 3261//2410 3262//2411 
f 3095//2411 3262//2411 3263//2412 
f 3096//2412 3263//2412 3264//2413 
f 3120//2413 3264//2413 3265//2414 
f 3145//2414 3265//2414 3266//2415 
f 3056//2415 3266//2415 3267//2416 
f 3000//2416 3267//2416 3268//2417 
f 3117//2417 3268//2417 3269//2418 
f 3083//2418 3269//2418 3270//2419 
f 3084//2419 3270//2419 3213//2362 
f 3213//2362 3206//2362 3084//2419 
f 3270//2419 3084//2419 3083//2418 
f 3269//2418 3083//2418 3117//2417 
f 3268//2417 3117//2417 3000//2416 
f 3267//2416 3000//2416 3056//2415 
f 3266//2415 3056//2415 3145//2414 
f 3265//2414 3145//2414 3120//2413 
f 3264//2413 3120//2413 3096//2412 
f 3263//2412 3096//2412 3095//2411 
f 3262//2411 3095//2411 3097//2410 
f 3261//2410 3097//2410 3121//2409 
f 3260//2409 3121//2409 3099//2408 
f 3259//2408 3099//2408 3123//2407 
f 3258//2407 3123//2407 3122//2406 
f 3257//2406 3122//2406 3146//2405 
f 3256//2405 3146//2405 3148//2404 
f 3255//2404 3148//2404 3147//2403 
f 3254//2403 3147//2403 2983//2402 
f 3253//2402 2983//2402 2982//2401 
f 3252//2401 2982//2401 3010//2400 
f 3251//2400 3010//2400 3063//2399 
f 3250//2399 3063//2399 2987//2398 
f 3249//2398 2987//2398 3142//2397 
f 3248//2397 3142//2397 3141//2396 
f 3247//2396 3141//2396 3144//2395 
f 3246//2395 3144//2395 3143//2394 
f 3245//2394 3143//2394 3199//2393 
f 3244//2393 3199//2393 3187//2392 
f 3243//2392 3187//2392 3186//2391 
f 3242//2391 3186//2391 3189//2390 
f 3241//2390 3189//2390 3188//2389 
f 3240//2389 3188//2389 3191//2388 
f 3239//2388 3191//2388 3102//2387 
f 3238//2387 3102//2387 3101//2386 
f 3237//2386 3101//2386 3124//2385 
f 3236//2385 3124//2385 3125//2384 
f 3235//2384 3125//2384 3104//2383 
f 3234//2383 3104//2383 3103//2382 
f 3233//2382 3103//2382 3149//2381 
f 3232//2381 3149//2381 3126//2380 
f 3231//2380 3126//2380 3107//2379 
f 3230//2379 3107//2379 3072//2378 
f 3229//2378 3072//2378 3044//2377 
f 3228//2377 3044//2377 3011//2376 
f 3227//2376 3011//2376 3106//2375 
f 3226//2375 3106//2375 3039//2374 
f 3225//2374 3039//2374 3151//2373 
f 3224//2373 3151//2373 3150//2372 
f 3223//2372 3150//2372 3171//2371 
f 3222//2371 3171//2371 3153//2370 
f 3221//2370 3153//2370 3152//2369 
f 3220//2369 3152//2369 3154//2368 
f 3219//2368 3154//2368 3130//2367 
f 3218//2367 3130//2367 3111//2366 
f 3217//2366 3111//2366 3110//2365 
f 3216//2365 3110//2365 3211//2364 
f 3215//2364 3211//2364 3209//2363 
f 3214//2363 3209//2363 3206//2362 
o mesh109
f 3001//2420 3271//2420 3272//2421 
f 3094//2421 3272//2421 3273//2422 
f 3098//2422 3273//2422 3274//2423 
f 3037//2423 3274//2423 3275//2424 
f 3038//2424 3275//2424 3276//2425 
f 3067//2425 3276//2425 3277//2426 
f 3066//2426 3277//2426 3278//2427 
f 3035//2427 3278//2427 3279//2428 
f 3036//2428 3279//2428 3280//2429 
f 3093//2429 3280//2429 3281//2430 
f 3064//2430 3281//2430 3282//2431 
f 3065//2431 3282//2431 3283//2432 
f 3033//2432 3283//2432 3284//2433 
f 3034//2433 3284//2433 3285//2434 
f 3032//2434 3285//2434 3286//2435 
f 2990//2435 3286//2435 3287//2436 
f 2981//2436 3287//2436 3288//2437 
f 3009//2437 3288//2437 3289//2438 
f 3031//2438 3289//2438 3290//2439 
f 3062//2439 3290//2439 3291//2440 
f 3007//2440 3291//2440 3292//2441 
f 3008//2441 3292//2441 3293//2442 
f 3030//2442 3293//2442 3294//2443 
f 3029//2443 3294//2443 3295//2444 
f 3006//2444 3295//2444 3296//2445 
f 2988//2445 3296//2445 3297//2446 
f 2989//2446 3297//2446 3298//2447 
f 3091//2447 3298//2447 3299//2448 
f 3092//2448 3299//2448 3300//2449 
f 3089//2449 3300//2449 3301//2450 
f 3090//2450 3301//2450 3302//2451 
f 3119//2451 3302//2451 3303//2452 
f 3139//2452 3303//2452 3304//2453 
f 3140//2453 3304//2453 3305//2454 
f 3137//2454 3305//2454 3306//2455 
f 3138//2455 3306//2455 3307//2456 
f 3087//2456 3307//2456 3308//2457 
f 3088//2457 3308//2457 3309//2458 
f 3086//2458 3309//2458 3310//2459 
f 3060//2459 3310//2459 3311//2460 
f 3061//2460 3311//2460 3312//2461 
f 3058//2461 3312//2461 3313//2462 
f 3059//2462 3313//2462 3314//2463 
f 3028//2463 3314//2463 3315//2464 
f 3026//2464 3315//2464 3316//2465 
f 3027//2465 3316//2465 3317//2466 
f 3024//2466 3317//2466 3318//2467 
f 3025//2467 3318//2467 3319//2468 
f 3057//2468 3319//2468 3320//2469 
f 3004//2469 3320//2469 3321//2470 
f 3005//2470 3321//2470 3322//2471 
f 3023//2471 3322//2471 3323//2472 
f 3022//2472 3323//2472 3324//2473 
f 3002//2473 3324//2473 3325//2474 
f 3003//2474 3325//2474 3326//2475 
f 3118//2475 3326//2475 3327//2476 
f 3085//2476 3327//2476 3328//2477 
f 3021//2477 3328//2477 3271//2420 
f 3271//2420 3001//2420 3021//2477 
f 3328//2477 3021//2477 3085//2476 
f 3327//2476 3085//2476 3118//2475 
f 3326//2475 3118//2475 3003//2474 
f 3325//2474 3003//2474 3002//2473 
f 3324//2473 3002//2473 3022//2472 
f 3323//2472 3022//2472 3023//2471 
f 3322//2471 3023//2471 3005//2470 
f 3321//2470 3005//2470 3004//2469 
f 3320//2469 3004//2469 3057//2468 
f 3319//2468 3057//2468 3025//2467 
f 3318//2467 3025//2467 3024//2466 
f 3317//2466 3024//2466 3027//2465 
f 3316//2465 3027//2465 3026//2464 
f 3315//2464 3026//2464 3028//2463 
f 3314//2463 3028//2463 3059//2462 
f 3313//2462 3059//2462 3058//2461 
f 3312//2461 3058//2461 3061//2460 
f 3311//2460 3061//2460 3060//2459 
f 3310//2459 3060//2459 3086//2458 
f 3309//2458 3086//2458 3088//2457 
f 3308//2457 3088//2457 3087//2456 
f 3307//2456 3087//2456 3138//2455 
f 3306//2455 3138//2455 3137//2454 
f 3305//2454 3137//2454 3140//2453 
f 3304//2453 3140//2453 3139//2452 
f 3303//2452 3139//2452 3119//2451 
f 3302//2451 3119//2451 3090//2450 
f 3301//2450 3090//2450 3089//2449 
f 3300//2449 3089//2449 3092//2448 
f 3299//2448 3092//2448 3091//2447 
f 3298//2447 3091//2447 2989//2446 
f 3297//2446 2989//2446 2988//2445 
f 3296//2445 2988//2445 3006//2444 
f 3295//2444 3006//2444 3029//2443 
f 3294//2443 3029//2443 3030//2442 
f 3293//2442 3030//2442 3008//2441 
f 3292//2441 3008//2441 3007//2440 
f 3291//2440 3007//2440 3062//2439 
f 3290//2439 3062//2439 3031//2438 
f 3289//2438 3031//2438 3009//2437 
f 3288//2437 3009//2437 2981//2436 
f 3287//2436 2981//2436 2990//2435 
f 3286//2435 2990//2435 3032//2434 
f 3285//2434 3032//2434 3034//2433 
f 3284//2433 3034//2433 3033//2432 
f 3283//2432 3033//2432 3065//2431 
f 3282//2431 3065//2431 3064//2430 
f 3281//2430 3064//2430 3093//2429 
f 3280//2429 3093//2429 3036//2428 
f 3279//2428 3036//2428 3035//2427 
f 3278//2427 3035//2427 3066//2426 
f 3277//2426 3066//2426 3067//2425 
f 3276//2425 3067//2425 3038//2424 
f 3275//2424 3038//2424 3037//2423 
f 3274//2423 3037//2423 3098//2422 
f 3273//2422 3098//2422 3094//2421 
f 3272//2421 3094//2421 3001//2420 
o mesh110
f 3207//2478 3329//2478 3330//2479 
f 3210//2479 3330//2479 3331//2480 
f 3212//2480 3331//2480 3332//2481 
f 3167//2481 3332//2481 3333//2482 
f 3168//2482 3333//2482 3334//2483 
f 3185//2483 3334//2483 3335//2484 
f 3184//2484 3335//2484 3336//2485 
f 3165//2485 3336//2485 3337//2486 
f 3166//2486 3337//2486 3338//2487 
f 3198//2487 3338//2487 3339//2488 
f 3182//2488 3339//2488 3340//2489 
f 3183//2489 3340//2489 3341//2490 
f 3180//2490 3341//2490 3342//2491 
f 3181//2491 3342//2491 3343//2492 
f 3164//2492 3343//2492 3344//2493 
f 3162//2493 3344//2493 3345//2494 
f 3163//2494 3345//2494 3346//2495 
f 3160//2495 3346//2495 3347//2496 
f 3161//2496 3347//2496 3348//2497 
f 3179//2497 3348//2497 3349//2498 
f 3135//2498 3349//2498 3350//2499 
f 3136//2499 3350//2499 3351//2500 
f 3159//2500 3351//2500 3352//2501 
f 3158//2501 3352//2501 3353//2502 
f 3133//2502 3353//2502 3354//2503 
f 3134//2503 3354//2503 3355//2504 
f 3205//2504 3355//2504 3356//2505 
f 3196//2505 3356//2505 3357//2506 
f 3197//2506 3357//2506 3358//2507 
f 3194//2507 3358//2507 3359//2508 
f 3195//2508 3359//2508 3360//2509 
f 3193//2509 3360//2509 3361//2510 
f 3155//2510 3361//2510 3362//2511 
f 3178//2511 3362//2511 3363//2512 
f 3176//2512 3363//2512 3364//2513 
f 3177//2513 3364//2513 3365//2514 
f 3047//2514 3365//2514 3366//2515 
f 3077//2515 3366//2515 3367//2516 
f 3076//2516 3367//2516 3368//2517 
f 3054//2517 3368//2517 3369//2518 
f 3055//2518 3369//2518 3370//2519 
f 2997//2519 3370//2519 3371//2520 
f 2998//2520 3371//2520 3372//2521 
f 2984//2521 3372//2521 3373//2522 
f 2985//2522 3373//2522 3374//2523 
f 3020//2523 3374//2523 3375//2524 
f 3017//2524 3375//2524 3376//2525 
f 3018//2525 3376//2525 3377//2526 
f 3052//2526 3377//2526 3378//2527 
f 2994//2527 3378//2527 3379//2528 
f 2995//2528 3379//2528 3380//2529 
f 3016//2529 3380//2529 3381//2530 
f 3015//2530 3381//2530 3382//2531 
f 2992//2531 3382//2531 3383//2532 
f 2993//2532 3383//2532 3384//2533 
f 3078//2533 3384//2533 3385//2534 
f 3131//2534 3385//2534 3386//2535 
f 3157//2535 3386//2535 3329//2478 
f 3329//2478 3207//2478 3157//2535 
f 3386//2535 3157//2535 3131//2534 
f 3385//2534 3131//2534 3078//2533 
f 3384//2533 3078//2533 2993//2532 
f 3383//2532 2993//2532 2992//2531 
f 3382//2531 2992//2531 3015//2530 
f 3381//2530 3015//2530 3016//2529 
f 3380//2529 3016//2529 2995//2528 
f 3379//2528 2995//2528 2994//2527 
f 3378//2527 2994//2527 3052//2526 
f 3377//2526 3052//2526 3018//2525 
f 3376//2525 3018//2525 3017//2524 
f 3375//2524 3017//2524 3020//2523 
f 3374//2523 3020//2523 2985//2522 
f 3373//2522 2985//2522 2984//2521 
f 3372//2521 2984//2521 2998//2520 
f 3371//2520 2998//2520 2997//2519 
f 3370//2519 2997//2519 3055//2518 
f 3369//2518 3055//2518 3054//2517 
f 3368//2517 3054//2517 3076//2516 
f 3367//2516 3076//2516 3077//2515 
f 3366//2515 3077//2515 3047//2514 
f 3365//2514 3047//2514 3177//2513 
f 3364//2513 3177//2513 3176//2512 
f 3363//2512 3176//2512 3178//2511 
f 3362//2511 3178//2511 3155//2510 
f 3361//2510 3155//2510 3193//2509 
f 3360//2509 3193//2509 3195//2508 
f 3359//2508 3195//2508 3194//2507 
f 3358//2507 3194//2507 3197//2506 
f 3357//2506 3197//2506 3196//2505 
f 3356//2505 3196//2505 3205//2504 
f 3355//2504 3205//2504 3134//2503 
f 3354//2503 3134//2503 3133//2502 
f 3353//2502 3133//2502 3158//2501 
f 3352//2501 3158//2501 3159//2500 
f 3351//2500 3159//2500 3136//2499 
f 3350//2499 3136//2499 3135//2498 
f 3349//2498 3135//2498 3179//2497 
f 3348//2497 3179//2497 3161//2496 
f 3347//2496 3161//2496 3160//2495 
f 3346//2495 3160//2495 3163//2494 
f 3345//2494 3163//2494 3162//2493 
f 3344//2493 3162//2493 3164//2492 
f 3343//2492 3164//2492 3181//2491 
f 3342//2491 3181//2491 3180//2490 
f 3341//2490 3180//2490 3183//2489 
f 3340//2489 3183//2489 3182//2488 
f 3339//2488 3182//2488 3198//2487 
f 3338//2487 3198//2487 3166//2486 
f 3337//2486 3166//2486 3165//2485 
f 3336//2485 3165//2485 3184//2484 
f 3335//2484 3184//2484 3185//2483 
f 3334//2483 3185//2483 3168//2482 
f 3333//2482 3168//2482 3167//2481 
f 3332//2481 3167//2481 3212//2480 
f 3331//2480 3212//2480 3210//2479 
f 3330//2479 3210//2479 3207//2478 
o mesh111
f 3203//2536 3387//2536 3388//2537 
f 3204//2537 3388//2537 3389//2538 
f 3208//2538 3389//2538 3390//2539 
f 3081//2539 3390//2539 3391//2540 
f 3082//2540 3391//2540 3392//2541 
f 3116//2541 3392//2541 3393//2542 
f 3115//2542 3393//2542 3394//2543 
f 3079//2543 3394//2543 3395//2544 
f 3080//2544 3395//2544 3396//2545 
f 3132//2545 3396//2545 3397//2546 
f 3113//2546 3397//2546 3398//2547 
f 3114//2547 3398//2547 3399//2548 
f 2991//2548 3399//2548 3400//2549 
f 3019//2549 3400//2549 3401//2550 
f 2986//2550 3401//2550 3402//2551 
f 2999//2551 3402//2551 3403//2552 
f 2996//2552 3403//2552 3404//2553 
f 3053//2553 3404//2553 3405//2554 
f 3075//2554 3405//2554 3406//2555 
f 3112//2555 3406//2555 3407//2556 
f 3050//2556 3407//2556 3408//2557 
f 3051//2557 3408//2557 3409//2558 
f 3074//2558 3409//2558 3410//2559 
f 3073//2559 3410//2559 3411//2560 
f 3048//2560 3411//2560 3412//2561 
f 3049//2561 3412//2561 3413//2562 
f 3175//2562 3413//2562 3414//2563 
f 3173//2563 3414//2563 3415//2564 
f 3174//2564 3415//2564 3416//2565 
f 3156//2565 3416//2565 3417//2566 
f 3172//2566 3417//2566 3418//2567 
f 3192//2567 3418//2567 3419//2568 
f 3190//2568 3419//2568 3420//2569 
f 3202//2569 3420//2569 3421//2570 
f 3200//2570 3421//2570 3422//2571 
f 3201//2571 3422//2571 3423//2572 
f 3100//2572 3423//2572 3424//2573 
f 3108//2573 3424//2573 3425//2574 
f 3129//2574 3425//2574 3426//2575 
f 3127//2575 3426//2575 3427//2576 
f 3128//2576 3427//2576 3428//2577 
f 3045//2577 3428//2577 3429//2578 
f 3046//2578 3429//2578 3430//2579 
f 3014//2579 3430//2579 3431//2580 
f 3012//2580 3431//2580 3432//2581 
f 3013//2581 3432//2581 3433//2582 
f 3070//2582 3433//2582 3434//2583 
f 3071//2583 3434//2583 3435//2584 
f 3105//2584 3435//2584 3436//2585 
f 3042//2585 3436//2585 3437//2586 
f 3043//2586 3437//2586 3438//2587 
f 3069//2587 3438//2587 3439//2588 
f 3068//2588 3439//2588 3440//2589 
f 3040//2589 3440//2589 3441//2590 
f 3041//2590 3441//2590 3442//2591 
f 3109//2591 3442//2591 3443//2592 
f 3169//2592 3443//2592 3444//2593 
f 3170//2593 3444//2593 3387//2536 
f 3387//2536 3203//2536 3170//2593 
f 3444//2593 3170//2593 3169//2592 
f 3443//2592 3169//2592 3109//2591 
f 3442//2591 3109//2591 3041//2590 
f 3441//2590 3041//2590 3040//2589 
f 3440//2589 3040//2589 3068//2588 
f 3439//2588 3068//2588 3069//2587 
f 3438//2587 3069//2587 3043//2586 
f 3437//2586 3043//2586 3042//2585 
f 3436//2585 3042//2585 3105//2584 
f 3435//2584 3105//2584 3071//2583 
f 3434//2583 3071//2583 3070//2582 
f 3433//2582 3070//2582 3013//2581 
f 3432//2581 3013//2581 3012//2580 
f 3431//2580 3012//2580 3014//2579 
f 3430//2579 3014//2579 3046//2578 
f 3429//2578 3046//2578 3045//2577 
f 3428//2577 3045//2577 3128//2576 
f 3427//2576 3128//2576 3127//2575 
f 3426//2575 3127//2575 3129//2574 
f 3425//2574 3129//2574 3108//2573 
f 3424//2573 3108//2573 3100//2572 
f 3423//2572 3100//2572 3201//2571 
f 3422//2571 3201//2571 3200//2570 
f 3421//2570 3200//2570 3202//2569 
f 3420//2569 3202//2569 3190//2568 
f 3419//2568 3190//2568 3192//2567 
f 3418//2567 3192//2567 3172//2566 
f 3417//2566 3172//2566 3156//2565 
f 3416//2565 3156//2565 3174//2564 
f 3415//2564 3174//2564 3173//2563 
f 3414//2563 3173//2563 3175//2562 
f 3413//2562 3175//2562 3049//2561 
f 3412//2561 3049//2561 3048//2560 
f 3411//2560 3048//2560 3073//2559 
f 3410//2559 3073//2559 3074//2558 
f 3409//2558 3074//2558 3051//2557 
f 3408//2557 3051//2557 3050//2556 
f 3407//2556 3050//2556 3112//2555 
f 3406//2555 3112//2555 3075//2554 
f 3405//2554 3075//2554 3053//2553 
f 3404//2553 3053//2553 2996//2552 
f 3403//2552 2996//2552 2999//2551 
f 3402//2551 2999//2551 2986//2550 
f 3401//2550 2986//2550 3019//2549 
f 3400//2549 3019//2549 2991//2548 
f 3399//2548 2991//2548 3114//2547 
f 3398//2547 3114//2547 3113//2546 
f 3397//2546 3113//2546 3132//2545 
f 3396//2545 3132//2545 3080//2544 
f 3395//2544 3080//2544 3079//2543 
f 3394//2543 3079//2543 3115//2542 
f 3393//2542 3115//2542 3116//2541 
f 3392//2541 3116//2541 3082//2540 
f 3391//2540 3082//2540 3081//2539 
f 3390//2539 3081//2539 3208//2538 
f 3389//2538 3208//2538 3204//2537 
f 3388//2537 3204//2537 3203//2536 
o mesh112
f 3445//2594 3446//2594 3465//2594 
f 3446//2594 3312//2594 3311//2594 
f 3446//2594 3315//2594 3314//2594 
f 3446//2594 3447//2594 3317//2594 
f 3447//2594 3322//2594 3321//2594 
f 3447//2594 3326//2594 3325//2594 
f 3446//2594 3309//2594 3308//2594 
f 3311//2594 3310//2594 3446//2594 
f 3314//2594 3313//2594 3446//2594 
f 3317//2594 3316//2594 3446//2594 
f 3447//2594 3319//2594 3318//2594 
f 3447//2594 3323//2594 3322//2594 
f 3325//2594 3324//2594 3447//2594 
f 3466//2594 3271//2594 3328//2594 
f 3466//2594 3277//2594 3276//2594 
f 3466//2594 3283//2594 3282//2594 
f 3310//2594 3309//2594 3446//2594 
f 3316//2594 3315//2594 3446//2594 
f 3447//2594 3320//2594 3319//2594 
f 3324//2594 3323//2594 3447//2594 
f 3328//2594 3447//2594 3466//2594 
f 3466//2594 3273//2594 3272//2594 
f 3466//2594 3278//2594 3277//2594 
f 3466//2594 3280//2594 3279//2594 
f 3282//2594 3281//2594 3466//2594 
f 3466//2594 3285//2594 3284//2594 
f 3465//2594 3286//2594 3285//2594 
f 3465//2594 3293//2594 3292//2594 
f 3465//2594 3297//2594 3296//2594 
f 3313//2594 3312//2594 3446//2594 
f 3321//2594 3320//2594 3447//2594 
f 3328//2594 3327//2594 3447//2594 
f 3466//2594 3274//2594 3273//2594 
f 3276//2594 3275//2594 3466//2594 
f 3281//2594 3280//2594 3466//2594 
f 3285//2594 3466//2594 3465//2594 
f 3465//2594 3288//2594 3287//2594 
f 3465//2594 3290//2594 3289//2594 
f 3465//2594 3294//2594 3293//2594 
f 3296//2594 3295//2594 3465//2594 
f 3446//2594 3305//2594 3304//2594 
f 3446//2594 3307//2594 3306//2594 
f 3318//2594 3317//2594 3447//2594 
f 3272//2594 3271//2594 3466//2594 
f 3279//2594 3278//2594 3466//2594 
f 3287//2594 3286//2594 3465//2594 
f 3465//2594 3291//2594 3290//2594 
f 3295//2594 3294//2594 3465//2594 
f 3465//2594 3302//2594 3301//2594 
f 3446//2594 3303//2594 3302//2594 
f 3306//2594 3305//2594 3446//2594 
f 3327//2594 3326//2594 3447//2594 
f 3284//2594 3283//2594 3466//2594 
f 3292//2594 3291//2594 3465//2594 
f 3465//2594 3300//2594 3299//2594 
f 3302//2594 3465//2594 3446//2594 
f 3308//2594 3307//2594 3446//2594 
f 3289//2594 3288//2594 3465//2594 
f 3299//2594 3298//2594 3465//2594 
f 3304//2594 3303//2594 3446//2594 
f 3298//2594 3297//2594 3465//2594 
f 3275//2594 3274//2594 3466//2594 
f 3447//2594 3448//2594 3467//2594 
f 3449//2594 2822//2594 2821//2594 
f 3448//2594 2813//2594 2812//2594 
f 2821//2594 3448//2594 3449//2594 
f 3449//2594 2824//2594 2823//2594 
f 3450//2594 2850//2594 2849//2594 
f 3467//2594 2852//2594 2851//2594 
f 3467//2594 2862//2594 2861//2594 
f 2812//2594 2811//2594 3448//2594 
f 3448//2594 2815//2594 2814//2594 
f 2821//2594 2820//2594 3448//2594 
f 3449//2594 2825//2594 2824//2594 
f 2849//2594 2848//2594 3450//2594 
f 2851//2594 3450//2594 3467//2594 
f 3467//2594 2859//2594 2858//2594 
f 2861//2594 2860//2594 3467//2594 
f 3467//2594 2809//2594 2808//2594 
f 3448//2594 2810//2594 2809//2594 
f 2814//2594 2813//2594 3448//2594 
f 3448//2594 2817//2594 2816//2594 
f 2823//2594 2822//2594 3449//2594 
f 3449//2594 2827//2594 2826//2594 
f 3449//2594 3450//2594 2834//2594 
f 3450//2594 2840//2594 2839//2594 
f 3450//2594 2847//2594 2846//2594 
f 2851//2594 2850//2594 3450//2594 
f 3467//2594 2855//2594 2854//2594 
f 3467//2594 2857//2594 2856//2594 
f 2860//2594 2859//2594 3467//2594 
f 3467//2594 2807//2594 2864//2594 
f 2809//2594 3467//2594 3448//2594 
f 2816//2594 2815//2594 3448//2594 
f 3448//2594 2819//2594 2818//2594 
f 2826//2594 2825//2594 3449//2594 
f 3449//2594 2829//2594 2828//2594 
f 3449//2594 2831//2594 2830//2594 
f 2834//2594 2833//2594 3449//2594 
f 3450//2594 2841//2594 2840//2594 
f 3450//2594 2843//2594 2842//2594 
f 2848//2594 2847//2594 3450//2594 
f 2854//2594 2853//2594 3467//2594 
f 2858//2594 2857//2594 3467//2594 
f 2864//2594 2863//2594 3467//2594 
f 2811//2594 2810//2594 3448//2594 
f 2820//2594 2819//2594 3448//2594 
f 2830//2594 2829//2594 3449//2594 
f 2833//2594 2832//2594 3449//2594 
f 2842//2594 2841//2594 3450//2594 
f 3450//2594 2845//2594 2844//2594 
f 2853//2594 2852//2594 3467//2594 
f 2863//2594 2862//2594 3467//2594 
f 2818//2594 2817//2594 3448//2594 
f 2832//2594 2831//2594 3449//2594 
f 2844//2594 2843//2594 3450//2594 
f 2856//2594 2855//2594 3467//2594 
f 2828//2594 2827//2594 3449//2594 
f 3450//2594 2836//2594 2835//2594 
f 3450//2594 2838//2594 2837//2594 
f 2846//2594 2845//2594 3450//2594 
f 2835//2594 2834//2594 3450//2594 
f 2839//2594 2838//2594 3450//2594 
f 2837//2594 2836//2594 3450//2594 
f 3451//2594 3465//2594 3468//2594 
f 3465//2594 3254//2594 3253//2594 
f 3465//2594 3256//2594 3255//2594 
f 3466//2594 3259//2594 3258//2594 
f 3466//2594 3264//2594 3263//2594 
f 3466//2594 3268//2594 3267//2594 
f 3465//2594 3251//2594 3250//2594 
f 3253//2594 3252//2594 3465//2594 
f 3465//2594 3257//2594 3256//2594 
f 3258//2594 3465//2594 3466//2594 
f 3466//2594 3261//2594 3260//2594 
f 3466//2594 3265//2594 3264//2594 
f 3267//2594 3266//2594 3466//2594 
f 3469//2594 3222//2594 3221//2594 
f 3252//2594 3251//2594 3465//2594 
f 3258//2594 3257//2594 3465//2594 
f 3466//2594 3262//2594 3261//2594 
f 3266//2594 3265//2594 3466//2594 
f 3466//2594 3213//2594 3270//2594 
f 3466//2594 3215//2594 3214//2594 
f 3469//2594 3216//2594 3215//2594 
f 3221//2594 3220//2594 3469//2594 
f 3469//2594 3468//2594 3225//2594 
f 3255//2594 3254//2594 3465//2594 
f 3263//2594 3262//2594 3466//2594 
f 3270//2594 3269//2594 3466//2594 
f 3215//2594 3466//2594 3469//2594 
f 3469//2594 3218//2594 3217//2594 
f 3220//2594 3219//2594 3469//2594 
f 3225//2594 3224//2594 3469//2594 
f 3468//2594 3227//2594 3226//2594 
f 3468//2594 3235//2594 3234//2594 
f 3468//2594 3239//2594 3238//2594 
f 3465//2594 3247//2594 3246//2594 
f 3465//2594 3249//2594 3248//2594 
f 3260//2594 3259//2594 3466//2594 
f 3214//2594 3213//2594 3466//2594 
f 3219//2594 3218//2594 3469//2594 
f 3224//2594 3223//2594 3469//2594 
f 3468//2594 3228//2594 3227//2594 
f 3468//2594 3230//2594 3229//2594 
f 3468//2594 3232//2594 3231//2594 
f 3468//2594 3236//2594 3235//2594 
f 3238//2594 3237//2594 3468//2594 
f 3465//2594 3244//2594 3243//2594 
f 3248//2594 3247//2594 3465//2594 
f 3269//2594 3268//2594 3466//2594 
f 3223//2594 3222//2594 3469//2594 
f 3229//2594 3228//2594 3468//2594 
f 3468//2594 3233//2594 3232//2594 
f 3237//2594 3236//2594 3468//2594 
f 3465//2594 3245//2594 3244//2594 
f 3250//2594 3249//2594 3465//2594 
f 3226//2594 3225//2594 3468//2594 
f 3234//2594 3233//2594 3468//2594 
f 3246//2594 3245//2594 3465//2594 
f 3231//2594 3230//2594 3468//2594 
f 3465//2594 3240//2594 3239//2594 
f 3465//2594 3242//2594 3241//2594 
f 3217//2594 3216//2594 3469//2594 
f 3241//2594 3240//2594 3465//2594 
f 3239//2594 3468//2594 3465//2594 
f 3466//2594 3467//2594 3470//2594 
f 3450//2594 2764//2594 2763//2594 
f 2763//2594 3467//2594 3450//2594 
f 3450//2594 2767//2594 2766//2594 
f 3452//2594 2792//2594 2791//2594 
f 3452//2594 2794//2594 2793//2594 
f 3470//2594 2795//2594 2794//2594 
f 3470//2594 2804//2594 2803//2594 
f 3467//2594 2754//2594 2753//2594 
f 3467//2594 2756//2594 2755//2594 
f 3467//2594 2759//2594 2758//2594 
f 2763//2594 2762//2594 3467//2594 
f 2766//2594 2765//2594 3450//2594 
f 3450//2594 3452//2594 2781//2594 
f 2791//2594 2790//2594 3452//2594 
f 2794//2594 3452//2594 3470//2594 
f 3470//2594 2801//2594 2800//2594 
f 2803//2594 2802//2594 3470//2594 
f 3467//2594 2806//2594 2805//2594 
f 3467//2594 2751//2594 2750//2594 
f 2755//2594 2754//2594 3467//2594 
f 2758//2594 2757//2594 3467//2594 
f 2765//2594 2764//2594 3450//2594 
f 3450//2594 2769//2594 2768//2594 
f 3452//2594 2782//2594 2781//2594 
f 3452//2594 2789//2594 2788//2594 
f 2793//2594 2792//2594 3452//2594 
f 3470//2594 2799//2594 2798//2594 
f 2802//2594 2801//2594 3470//2594 
f 3467//2594 2749//2594 2806//2594 
f 3467//2594 2752//2594 2751//2594 
f 2757//2594 2756//2594 3467//2594 
f 3467//2594 2761//2594 2760//2594 
f 2768//2594 2767//2594 3450//2594 
f 3450//2594 2771//2594 2770//2594 
f 3450//2594 2773//2594 2772//2594 
f 3450//2594 2776//2594 2775//2594 
f 3452//2594 2783//2594 2782//2594 
f 3452//2594 2785//2594 2784//2594 
f 2790//2594 2789//2594 3452//2594 
f 3470//2594 2797//2594 2796//2594 
f 2800//2594 2799//2594 3470//2594 
f 2805//2594 3470//2594 3467//2594 
f 2753//2594 2752//2594 3467//2594 
f 2762//2594 2761//2594 3467//2594 
f 2772//2594 2771//2594 3450//2594 
f 2775//2594 2774//2594 3450//2594 
f 2784//2594 2783//2594 3452//2594 
f 3452//2594 2787//2594 2786//2594 
f 2796//2594 2795//2594 3470//2594 
f 2805//2594 2804//2594 3470//2594 
f 2760//2594 2759//2594 3467//2594 
f 2774//2594 2773//2594 3450//2594 
f 2786//2594 2785//2594 3452//2594 
f 2798//2594 2797//2594 3470//2594 
f 2770//2594 2769//2594 3450//2594 
f 3450//2594 2778//2594 2777//2594 
f 3450//2594 2780//2594 2779//2594 
f 2788//2594 2787//2594 3452//2594 
f 2777//2594 2776//2594 3450//2594 
f 2781//2594 2780//2594 3450//2594 
f 2779//2594 2778//2594 3450//2594 
f 3453//2594 3468//2594 3471//2594 
f 3468//2594 1626//2594 1625//2594 
f 3468//2594 1630//2594 1629//2594 
f 1625//2594 1624//2594 3468//2594 
f 3468//2594 1631//2594 1630//2594 
f 3471//2594 1662//2594 1661//2594 
f 3468//2594 1627//2594 1626//2594 
f 1629//2594 1628//2594 3468//2594 
f 3469//2594 1632//2594 1631//2594 
f 1661//2594 3472//2594 3471//2594 
f 1624//2594 1623//2594 3468//2594 
f 1631//2594 3468//2594 3469//2594 
f 3469//2594 1635//2594 1634//2594 
f 3472//2594 1644//2594 1643//2594 
f 3472//2594 1659//2594 1658//2594 
f 1661//2594 1660//2594 3472//2594 
f 3471//2594 1665//2594 1664//2594 
f 1628//2594 1627//2594 3468//2594 
f 1634//2594 1633//2594 3469//2594 
f 3469//2594 1640//2594 1639//2594 
f 3469//2594 1642//2594 1641//2594 
f 1643//2594 3469//2594 3472//2594 
f 3472//2594 1646//2594 1645//2594 
f 3472//2594 1648//2594 1647//2594 
f 3472//2594 1650//2594 1649//2594 
f 3472//2594 1653//2594 1652//2594 
f 3472//2594 1657//2594 1656//2594 
f 1660//2594 1659//2594 3472//2594 
f 3471//2594 1666//2594 1665//2594 
f 3468//2594 1621//2594 1620//2594 
f 1633//2594 1632//2594 3469//2594 
f 3469//2594 1637//2594 1636//2594 
f 1641//2594 1640//2594 3469//2594 
f 1645//2594 1644//2594 3472//2594 
f 1649//2594 1648//2594 3472//2594 
f 1652//2594 1651//2594 3472//2594 
f 3472//2594 1655//2594 1654//2594 
f 1658//2594 1657//2594 3472//2594 
f 1664//2594 1663//2594 3471//2594 
f 3468//2594 1622//2594 1621//2594 
f 1636//2594 1635//2594 3469//2594 
f 1639//2594 1638//2594 3469//2594 
f 1647//2594 1646//2594 3472//2594 
f 1654//2594 1653//2594 3472//2594 
f 1663//2594 1662//2594 3471//2594 
f 3471//2594 1669//2594 1668//2594 
f 3471//2594 1617//2594 1616//2594 
f 1623//2594 1622//2594 3468//2594 
f 1643//2594 1642//2594 3469//2594 
f 1656//2594 1655//2594 3472//2594 
f 1668//2594 1667//2594 3471//2594 
f 3471//2594 1618//2594 1617//2594 
f 3468//2594 1619//2594 1618//2594 
f 1638//2594 1637//2594 3469//2594 
f 1667//2594 1666//2594 3471//2594 
f 3471//2594 1615//2594 1672//2594 
f 1618//2594 3471//2594 3468//2594 
f 1651//2594 1650//2594 3472//2594 
f 1672//2594 1671//2594 3471//2594 
f 1620//2594 1619//2594 3468//2594 
f 1671//2594 1670//2594 3471//2594 
f 1670//2594 1669//2594 3471//2594 
f 3469//2594 586//2594 585//2594 
f 585//2594 584//2594 3469//2594 
f 584//2594 583//2594 3469//2594 
f 3470//2594 587//2594 586//2594 
f 3470//2594 590//2594 589//2594 
f 3470//2594 592//2594 591//2594 
f 3473//2594 608//2594 607//2594 
f 3473//2594 610//2594 609//2594 
f 3472//2594 614//2594 613//2594 
f 3472//2594 617//2594 616//2594 
f 586//2594 3469//2594 3470//2594 
f 591//2594 590//2594 3470//2594 
f 609//2594 608//2594 3473//2594 
f 3473//2594 612//2594 611//2594 
f 613//2594 3473//2594 3472//2594 
f 616//2594 615//2594 3472//2594 
f 583//2594 582//2594 3469//2594 
f 589//2594 588//2594 3470//2594 
f 3470//2594 3473//2594 599//2594 
f 611//2594 610//2594 3473//2594 
f 615//2594 614//2594 3472//2594 
f 3469//2594 575//2594 574//2594 
f 3469//2594 581//2594 580//2594 
f 588//2594 587//2594 3470//2594 
f 3470//2594 595//2594 594//2594 
f 599//2594 598//2594 3470//2594 
f 613//2594 612//2594 3473//2594 
f 574//2594 573//2594 3469//2594 
f 3469//2594 577//2594 576//2594 
f 582//2594 581//2594 3469//2594 
f 594//2594 593//2594 3470//2594 
f 598//2594 597//2594 3470//2594 
f 3473//2594 602//2594 601//2594 
f 3473//2594 605//2594 604//2594 
f 607//2594 606//2594 3473//2594 
f 576//2594 575//2594 3469//2594 
f 3469//2594 579//2594 578//2594 
f 593//2594 592//2594 3470//2594 
f 597//2594 596//2594 3470//2594 
f 601//2594 600//2594 3473//2594 
f 606//2594 605//2594 3473//2594 
f 3472//2594 619//2594 618//2594 
f 3472//2594 625//2594 624//2594 
f 578//2594 577//2594 3469//2594 
f 596//2594 595//2594 3470//2594 
f 3473//2594 603//2594 602//2594 
f 618//2594 617//2594 3472//2594 
f 3472//2594 623//2594 622//2594 
f 3472//2594 626//2594 625//2594 
f 580//2594 579//2594 3469//2594 
f 604//2594 603//2594 3473//2594 
f 3472//2594 621//2594 620//2594 
f 624//2594 623//2594 3472//2594 
f 600//2594 599//2594 3473//2594 
f 622//2594 621//2594 3472//2594 
f 3469//2594 572//2594 571//2594 
f 620//2594 619//2594 3472//2594 
f 3472//2594 570//2594 627//2594 
f 571//2594 3472//2594 3469//2594 
f 627//2594 626//2594 3472//2594 
f 573//2594 572//2594 3469//2594 
f 3470//2594 3452//2594 3454//2594 
f 3455//2594 3471//2594 3474//2594 
f 3471//2594 3428//2594 3427//2594 
f 3471//2594 3431//2594 3430//2594 
f 3471//2594 3472//2594 3433//2594 
f 3472//2594 3438//2594 3437//2594 
f 3472//2594 3442//2594 3441//2594 
f 3471//2594 3425//2594 3424//2594 
f 3427//2594 3426//2594 3471//2594 
f 3430//2594 3429//2594 3471//2594 
f 3433//2594 3432//2594 3471//2594 
f 3472//2594 3435//2594 3434//2594 
f 3472//2594 3439//2594 3438//2594 
f 3441//2594 3440//2594 3472//2594 
f 3475//2594 3387//2594 3444//2594 
f 3426//2594 3425//2594 3471//2594 
f 3432//2594 3431//2594 3471//2594 
f 3472//2594 3436//2594 3435//2594 
f 3440//2594 3439//2594 3472//2594 
f 3444//2594 3472//2594 3475//2594 
f 3475//2594 3389//2594 3388//2594 
f 3475//2594 3393//2594 3392//2594 
f 3475//2594 3399//2594 3398//2594 
f 3429//2594 3428//2594 3471//2594 
f 3437//2594 3436//2594 3472//2594 
f 3444//2594 3443//2594 3472//2594 
f 3475//2594 3390//2594 3389//2594 
f 3475//2594 3394//2594 3393//2594 
f 3475//2594 3396//2594 3395//2594 
f 3398//2594 3397//2594 3475//2594 
f 3475//2594 3401//2594 3400//2594 
f 3474//2594 3402//2594 3401//2594 
f 3474//2594 3409//2594 3408//2594 
f 3474//2594 3413//2594 3412//2594 
f 3471//2594 3421//2594 3420//2594 
f 3471//2594 3423//2594 3422//2594 
f 3434//2594 3433//2594 3472//2594 
f 3388//2594 3387//2594 3475//2594 
f 3392//2594 3391//2594 3475//2594 
f 3397//2594 3396//2594 3475//2594 
f 3401//2594 3475//2594 3474//2594 
f 3474//2594 3404//2594 3403//2594 
f 3474//2594 3406//2594 3405//2594 
f 3474//2594 3410//2594 3409//2594 
f 3412//2594 3411//2594 3474//2594 
f 3474//2594 3418//2594 3417//2594 
f 3471//2594 3419//2594 3418//2594 
f 3422//2594 3421//2594 3471//2594 
f 3443//2594 3442//2594 3472//2594 
f 3395//2594 3394//2594 3475//2594 
f 3403//2594 3402//2594 3474//2594 
f 3474//2594 3407//2594 3406//2594 
f 3411//2594 3410//2594 3474//2594 
f 3418//2594 3474//2594 3471//2594 
f 3424//2594 3423//2594 3471//2594 
f 3400//2594 3399//2594 3475//2594 
f 3408//2594 3407//2594 3474//2594 
f 3420//2594 3419//2594 3471//2594 
f 3405//2594 3404//2594 3474//2594 
f 3474//2594 3416//2594 3415//2594 
f 3391//2594 3390//2594 3475//2594 
f 3415//2594 3414//2594 3474//2594 
f 3414//2594 3413//2594 3474//2594 
f 3472//2594 3473//2594 3476//2594 
f 3454//2594 2938//2594 2937//2594 
f 2937//2594 3473//2594 3454//2594 
f 3454//2594 2940//2594 2939//2594 
f 3456//2594 2966//2594 2965//2594 
f 3476//2594 2968//2594 2967//2594 
f 3476//2594 2978//2594 2977//2594 
f 3473//2594 2928//2594 2927//2594 
f 3473//2594 2930//2594 2929//2594 
f 3473//2594 2933//2594 2932//2594 
f 2937//2594 2936//2594 3473//2594 
f 3454//2594 2941//2594 2940//2594 
f 2965//2594 2964//2594 3456//2594 
f 2967//2594 3456//2594 3476//2594 
f 3476//2594 2975//2594 2974//2594 
f 2977//2594 2976//2594 3476//2594 
f 3476//2594 2925//2594 2924//2594 
f 3473//2594 2926//2594 2925//2594 
f 2929//2594 2928//2594 3473//2594 
f 2932//2594 2931//2594 3473//2594 
f 2939//2594 2938//2594 3454//2594 
f 3454//2594 2943//2594 2942//2594 
f 3454//2594 3456//2594 2950//2594 
f 3456//2594 2956//2594 2955//2594 
f 3456//2594 2963//2594 2962//2594 
f 2967//2594 2966//2594 3456//2594 
f 3476//2594 2971//2594 2970//2594 
f 3476//2594 2973//2594 2972//2594 
f 2976//2594 2975//2594 3476//2594 
f 3476//2594 2923//2594 2980//2594 
f 2925//2594 3476//2594 3473//2594 
f 2931//2594 2930//2594 3473//2594 
f 3473//2594 2935//2594 2934//2594 
f 2942//2594 2941//2594 3454//2594 
f 3454//2594 2945//2594 2944//2594 
f 3454//2594 2947//2594 2946//2594 
f 2950//2594 2949//2594 3454//2594 
f 3456//2594 2957//2594 2956//2594 
f 3456//2594 2959//2594 2958//2594 
f 2964//2594 2963//2594 3456//2594 
f 2970//2594 2969//2594 3476//2594 
f 2974//2594 2973//2594 3476//2594 
f 2980//2594 2979//2594 3476//2594 
f 2927//2594 2926//2594 3473//2594 
f 2936//2594 2935//2594 3473//2594 
f 2946//2594 2945//2594 3454//2594 
f 2949//2594 2948//2594 3454//2594 
f 2958//2594 2957//2594 3456//2594 
f 3456//2594 2961//2594 2960//2594 
f 2969//2594 2968//2594 3476//2594 
f 2979//2594 2978//2594 3476//2594 
f 2934//2594 2933//2594 3473//2594 
f 2948//2594 2947//2594 3454//2594 
f 2960//2594 2959//2594 3456//2594 
f 2972//2594 2971//2594 3476//2594 
f 2944//2594 2943//2594 3454//2594 
f 3456//2594 2952//2594 2951//2594 
f 3456//2594 2954//2594 2953//2594 
f 2962//2594 2961//2594 3456//2594 
f 2951//2594 2950//2594 3456//2594 
f 2955//2594 2954//2594 3456//2594 
f 2953//2594 2952//2594 3456//2594 
f 3457//2594 3474//2594 3477//2594 
f 3474//2594 3370//2594 3369//2594 
f 3474//2594 3372//2594 3371//2594 
f 3475//2594 3375//2594 3374//2594 
f 3475//2594 3380//2594 3379//2594 
f 3475//2594 3384//2594 3383//2594 
f 3474//2594 3367//2594 3366//2594 
f 3369//2594 3368//2594 3474//2594 
f 3474//2594 3373//2594 3372//2594 
f 3374//2594 3474//2594 3475//2594 
f 3475//2594 3377//2594 3376//2594 
f 3475//2594 3381//2594 3380//2594 
f 3383//2594 3382//2594 3475//2594 
f 3478//2594 3335//2594 3334//2594 
f 3478//2594 3341//2594 3340//2594 
f 3368//2594 3367//2594 3474//2594 
f 3374//2594 3373//2594 3474//2594 
f 3475//2594 3378//2594 3377//2594 
f 3382//2594 3381//2594 3475//2594 
f 3475//2594 3329//2594 3386//2594 
f 3475//2594 3331//2594 3330//2594 
f 3478//2594 3332//2594 3331//2594 
f 3478//2594 3336//2594 3335//2594 
f 3478//2594 3338//2594 3337//2594 
f 3340//2594 3339//2594 3478//2594 
f 3478//2594 3343//2594 3342//2594 
f 3477//2594 3344//2594 3343//2594 
f 3477//2594 3351//2594 3350//2594 
f 3477//2594 3355//2594 3354//2594 
f 3371//2594 3370//2594 3474//2594 
f 3379//2594 3378//2594 3475//2594 
f 3386//2594 3385//2594 3475//2594 
f 3331//2594 3475//2594 3478//2594 
f 3334//2594 3333//2594 3478//2594 
f 3339//2594 3338//2594 3478//2594 
f 3343//2594 3478//2594 3477//2594 
f 3477//2594 3346//2594 3345//2594 
f 3477//2594 3348//2594 3347//2594 
f 3477//2594 3352//2594 3351//2594 
f 3354//2594 3353//2594 3477//2594 
f 3474//2594 3363//2594 3362//2594 
f 3474//2594 3365//2594 3364//2594 
f 3376//2594 3375//2594 3475//2594 
f 3330//2594 3329//2594 3475//2594 
f 3337//2594 3336//2594 3478//2594 
f 3345//2594 3344//2594 3477//2594 
f 3477//2594 3349//2594 3348//2594 
f 3353//2594 3352//2594 3477//2594 
f 3477//2594 3474//2594 3357//2594 
f 3474//2594 3360//2594 3359//2594 
f 3364//2594 3363//2594 3474//2594 
f 3385//2594 3384//2594 3475//2594 
f 3342//2594 3341//2594 3478//2594 
f 3350//2594 3349//2594 3477//2594 
f 3474//2594 3358//2594 3357//2594 
f 3474//2594 3361//2594 3360//2594 
f 3366//2594 3365//2594 3474//2594 
f 3347//2594 3346//2594 3477//2594 
f 3357//2594 3356//2594 3477//2594 
f 3362//2594 3361//2594 3474//2594 
f 3356//2594 3355//2594 3477//2594 
f 3333//2594 3332//2594 3478//2594 
f 3475//2594 3476//2594 3479//2594 
f 3456//2594 2880//2594 2879//2594 
f 3476//2594 2871//2594 2870//2594 
f 2879//2594 3476//2594 3456//2594 
f 3456//2594 2883//2594 2882//2594 
f 3458//2594 2908//2594 2907//2594 
f 3458//2594 2910//2594 2909//2594 
f 3479//2594 2911//2594 2910//2594 
f 3479//2594 2920//2594 2919//2594 
f 2870//2594 2869//2594 3476//2594 
f 3476//2594 2873//2594 2872//2594 
f 2879//2594 2878//2594 3476//2594 
f 2882//2594 2881//2594 3456//2594 
f 2907//2594 2906//2594 3458//2594 
f 2910//2594 3458//2594 3479//2594 
f 3479//2594 2917//2594 2916//2594 
f 2919//2594 2918//2594 3479//2594 
f 3476//2594 2865//2594 2922//2594 
f 3476//2594 2867//2594 2866//2594 
f 2872//2594 2871//2594 3476//2594 
f 3476//2594 2875//2594 2874//2594 
f 2881//2594 2880//2594 3456//2594 
f 3456//2594 2885//2594 2884//2594 
f 3458//2594 2898//2594 2897//2594 
f 3458//2594 2905//2594 2904//2594 
f 2909//2594 2908//2594 3458//2594 
f 3479//2594 2915//2594 2914//2594 
f 2918//2594 2917//2594 3479//2594 
f 2922//2594 3479//2594 3476//2594 
f 3476//2594 2868//2594 2867//2594 
f 2874//2594 2873//2594 3476//2594 
f 3476//2594 2877//2594 2876//2594 
f 2884//2594 2883//2594 3456//2594 
f 3456//2594 2887//2594 2886//2594 
f 3456//2594 2889//2594 2888//2594 
f 3456//2594 2892//2594 2891//2594 
f 3458//2594 2899//2594 2898//2594 
f 3458//2594 2901//2594 2900//2594 
f 2906//2594 2905//2594 3458//2594 
f 3479//2594 2913//2594 2912//2594 
f 2916//2594 2915//2594 3479//2594 
f 2922//2594 2921//2594 3479//2594 
f 2869//2594 2868//2594 3476//2594 
f 2878//2594 2877//2594 3476//2594 
f 2888//2594 2887//2594 3456//2594 
f 2891//2594 2890//2594 3456//2594 
f 2900//2594 2899//2594 3458//2594 
f 3458//2594 2903//2594 2902//2594 
f 2912//2594 2911//2594 3479//2594 
f 2921//2594 2920//2594 3479//2594 
f 2876//2594 2875//2594 3476//2594 
f 2890//2594 2889//2594 3456//2594 
f 3456//2594 3458//2594 2895//2594 
f 2902//2594 2901//2594 3458//2594 
f 2914//2594 2913//2594 3479//2594 
f 2886//2594 2885//2594 3456//2594 
f 3456//2594 2894//2594 2893//2594 
f 3458//2594 2896//2594 2895//2594 
f 2904//2594 2903//2594 3458//2594 
f 2893//2594 2892//2594 3456//2594 
f 2897//2594 2896//2594 3458//2594 
f 2895//2594 2894//2594 3456//2594 
f 3459//2594 3477//2594 3460//2594 
f 3477//2594 3478//2594 3461//2594 
f 3478//2594 3479//2594 3462//2594 
f 3479//2594 3458//2594 3463//2594 
f 3463//2594 3462//2594 3479//2594 
f 3462//2594 3461//2594 3478//2594 
f 3461//2594 3460//2594 3477//2594 
f 3460//2594 3464//2594 3459//2594 
f 2866//2594 2865//2594 3476//2594 
f 3479//2594 3478//2594 3475//2594 
f 3359//2594 3358//2594 3474//2594 
f 3477//2594 3459//2594 3457//2594 
f 2924//2594 2923//2594 3476//2594 
f 3476//2594 3475//2594 3472//2594 
f 3417//2594 3416//2594 3474//2594 
f 3474//2594 3457//2594 3455//2594 
f 3454//2594 3473//2594 3470//2594 
f 571//2594 570//2594 3472//2594 
f 1616//2594 1615//2594 3471//2594 
f 3471//2594 3455//2594 3453//2594 
f 2750//2594 2749//2594 3467//2594 
f 3470//2594 3469//2594 3466//2594 
f 3243//2594 3242//2594 3465//2594 
f 3468//2594 3453//2594 3451//2594 
f 2808//2594 2807//2594 3467//2594 
f 3467//2594 3466//2594 3447//2594 
f 3301//2594 3300//2594 3465//2594 
f 3465//2594 3451//2594 3445//2594 
o mesh113
f 3480//2595 3452//2595 3450//2595 
f 3481//2595 3454//2595 3452//2595 
f 3452//2595 3480//2595 3481//2595 
f 3481//2595 3456//2595 3454//2595 
f 3481//2595 3458//2595 3456//2595 
f 3481//2595 3463//2595 3458//2595 
f 3450//2595 3449//2595 3480//2595 
o mesh114
f 3480//2596 3482//2596 3483//2596 
f 3483//2596 3481//2596 3480//2596 
o mesh115
f 3481//2597 3461//2597 3462//2597 
f 3483//2597 3460//2597 3461//2597 
f 3461//2597 3481//2597 3483//2597 
f 3483//2597 3464//2597 3460//2597 
f 3462//2597 3463//2597 3481//2597 
o mesh116
f 3483//2598 3457//2598 3459//2598 
f 3483//2598 3455//2598 3457//2598 
f 3483//2598 3482//2598 3453//2598 
f 3453//2598 3455//2598 3483//2598 
f 3482//2598 3451//2598 3453//2598 
f 3482//2598 3445//2598 3451//2598 
f 3459//2598 3464//2598 3483//2598 
o mesh117
f 3482//2599 3480//2599 3447//2599 
f 3447//2599 3446//2599 3482//2599 
f 3480//2599 3448//2599 3447//2599 
f 3480//2599 3449//2599 3448//2599 
f 3446//2599 3445//2599 3482//2599 
